visit_id,product_ids
3705073560174199024,463480240 463480227 489753829 463480226 463480255 489734604
3705189088312688779,495399934 495399696 495252594 495400618 495276925 495264589
3705549051029618879,495261546 495256593 495276951 463480553 495276925 463480695
3705579516103753793,495399966 463480539 495399696 463480256 463480697 463480227
3705717843210797336,463480322 463480497 463480242 463480553 463480493 463480221
3706041499269726516,463480697 463480227 489753829 463480226 463480255 489734604
3706260855703732415,495256593 495276951 463480553 495276925 463480695 495259981
3706380385759789156,495263729 495252594 495264774 463480429 463480466 495401995
3706985600653983919,463480553 495276951 495276925 463480695 495259981 495264774
3707029649495949469,495276869 495276951 495276925 495276891 463480392 463480389
3707060925339795466,463480236 463480697 463480487 463480464 463480677 495399719
3708076812743737360,463480213 495399700 495403408 495401146 495264774 495263729
3708267656825012292,495276925 495276951 463480695 495259981 495264774 495261776
3708424884763230247,463480240 463480226 463480227 463480465 463480467 463480487
3708703155715834073,495264005 463480693 463480362 495250885 463480322 463480553
3709195097960349750,495403699 495403354 495403326 495366610 463480589 463480505
3709363306337140865,463480491 463480235 463480691 463480213 463480240 463480655
3709407793047404681,463480539 463480227 489753829 463480226 463480255 489734604
3709515012169269401,495399696 463480227 489753829 463480226 463480255 489734604
3710538737391239261,463480242 463480497 463480322 463480553 463480493 463480221
3711778140304441359,463480487 463480697 463480256 463480464 463480255 463480466
3711954729942909236,463480425 495401665 463480374 463480356 463480358 463480355
3712258386522800270,463480240 463480227 489753829 463480226 463480255 489734604
3714174656325353788,463480487 463480539 463480256 463480464 463480227 463480468
3719175338149281873,495403982 463480452 463480213 463480214 463480691 463480235
3720314531795959937,495401997 495402268 495402258 495402010 495402176 495402179
3720326088774910090,463480483 463480346 495403982 495403990 463480350 495404000
3720361570001748265,495400385 463480466 495399912 495399934 495400631 489734604
3720379898737459447,495402179 495402268 495402254 495401997 495402010 495402014
3720565115918745791,495264774 495259981 463480693 495261776 495402179 495276925
3721162354487984189,463480697 463480227 489753829 463480226 463480255 489734604
3721169675013325133,463480213 463480214 463480691 463480235 463480457 463480359
3721230196723155083,495399696 495252594 495400618 495276925 495264589 463480693
3721460522081058857,463480471 463480227 489753829 463480226 463480255 489734604
3721504230164136043,495402258 495402010 495402268 495401997 495403354 495402254
3721883809630126420,463480213 463480214 463480691 495404000 463480235 463480457
3722096681560834296,495264589 463480693 495261546 495403699 463480457 463480417
3722120944459710732,495402010 495402268 495402254 495401997 495402176 489734604
3722619790819328253,463480474 463480493 463480486 463480226 463480471 463480240
3722634811009138923,495400939 463480493 463480226 463480346 463480213 463480210
3722673228718538922,495404000 463480227 463480493 463480226 463480346 463480213
3722836413996859567,463480693 495402179 495276925 495400635 463480694 495399820
3723357882082132018,463480429 495264774 463480466 495401995 495264589 463480493
3723365401948848475,463480322 495254138 495252594 495259045 495256593 463480497
3723861164225462491,463480471 463480227 489753829 463480226 463480255 489734604
3723895179220615380,495261776 495258252 463480497 463480322 463480242 463480553
3724115511574266040,495261546 463480555 495263416 463480641 495251312 495255340
3724307379496157432,495261546 495403699 463480457 463480417 495402179 463480466
3724566715767455907,463480256 463480227 489753829 463480226 463480255 489734604
3724611958242541753,463480491 463480235 495276976 463480213 463480214 463480691
3724678270576492659,495276951 495276925 463480429.0 463480493.0 463480693.0 495400618.0
3725442077350166749,463480242 463480497 463480322 463480553 463480493 463480221
3725527693373473024,495493945 463480359 463480355 463480356 463480358 495400939
3725638397642670412,1231113729 463480429 463480359 463480355 463480227 463480224
3725665815122673812,463480677 463480255 463480256 463480227 463480464 463480539
3726314183772602604,463480466 495401995 495264589 463480493 463480697 463480543
3726496306115641591,463480470 495277192 495277184 495277303 489734604 495277293
3726627089806786816,463480227 489753829 463480226 463480255 489734604 463480464
3726639191015817528,495252594 495261546 495259981 463480399 495255645 463480504
3726787579855241512,463480677 463480227 489753829 463480226 463480255 489734604
3726819316846559551,495252594 495400618 495402179 495263729 495400385 495402010
3727137352289615930,463480221 463480273 463480497 463480322 463480242 463480553
3727209846629466441,463480694 463480497 463480322 463480242 463480553 463480493
3727426286505427122,463480255 463480227 489753829 463480226 489734604 463480464
3727643416705106128,495399700 495403408 495401146 495264774 495263729 495402176
3727824452853170241,463480483 463480466 463480497 463480322 463480242 463480553
3727917845114781944,463480417 495402179 463480466 489753829 495400618 463480457
3728083333358551145,463480355 463480359 463480356 463480358 495400939 495401665
3728643304536932450,463480497 463480322 463480242 463480553 463480493 463480221
3728745786159661304,489753829 463480466 495400618 463480457 495400385 463480493
3728753264132096341,495264589 463480221 463480429.0 463480493.0 463480693.0 495400618.0
3728776597389181063,495402179 495400385 495263729 495400618 495402010 495277202
3729381125287837911,463480242 463480497 463480322 463480553 463480493 463480221
3730399936349995238,463480641 463480497 463480322 463480242 463480553 463480493
3730481566108877026,489734604 489753829 463480466 463480471 463480465 463480256
3730552932350034148,463480381 495265942 495267299 495265949 495265868 495277184
3731632972334367050,463480493 463480227 489753829 463480226 463480255 489734604
3731724410389004464,463480256 463480255 463480227 489753829 463480226 489734604
3731926405380833479,495401665 463480355 463480356 463480358 495401146 463480484
3732201646623818004,463480467 463480227 489753829 463480226 463480255 489734604
3733143508616478791,495251097 495263729 463480679 463480553 463480563 495251312
3733143882767270014,495258252 495251312 463480553 463480693 463480694 463480242
3733285273453723794,463480493 463480497 463480322 463480242 463480553 463480221
3733444364139495621,463480358 463480497 463480355 463480679 463480322 463480689
3733599259238334741,463480471 463480227 489753829 463480226 463480255 489734604
3733968034946613364,495254783 463480221 463480543 463480273 495260496 463480493
3734862133246558495,463480255 463480464 463480467 463480256 463480697 463480539
3734869173678899380,463480475 463480240 463480227 463480465 463480226 463480467
3734948587591696385,495256039 463480553 463480563 463480696 495259981 463480497
3739506510061895881,463480256 463480227 489753829 463480226 463480255 489734604
3739513404131115091,495251312 495256039 463480322 463480694 495252594 463480497
3742942784109412645,463480694 463480322 463480497 463480242 463480553 463480493
3743056462508982340,463480694 495400635 495399820 463480497 495256593 463480225
3743794872220647435,495255340 495251097 495263729 463480693 495261776 495400635
3744070109694001253,463480683 463480699 463480589 463480374 463480356 463480379
3744363522412511298,463480356 463480355 495401146 463480358 463480589 495403408
3744450350583906369,463480322 463480242 463480679 463480497 463480694 495251312
3744487348713029799,463480487 495400314 495400618 489753829 495399912 1228501633
3744541331422445808,463480223 463480429 463480225 463480224 495277614 463480481
3744844045583646973,463480242 463480322 463480553 463480342 495250885 463480693
3744869529299189828,495399820 463480497 495400635 495256593 463480225 495403210
3744914499542974622,463480242 495253660 463480553 463480322 463480342 463480641
3745121599661277259,463480699 463480683 463480589 463480374 463480356 463480379
3745504015921971211,495400635 495251659 495402022 1228501633 495400618 463480362
3745590903832051938,463480273 463480497 463480322 463480242 463480553 463480493
3745643540346306660,463480543 463480697 495259981 463480693 463480694 463480677
3745880331012538532,463480221 463480273 495403354 463480683 495403326 463480356
3746610939533459490,495255340 495250885 463480242 463480493 463480226 463480346
3747026796363907177,495400618 463480539 463480694 489753829 495400314 495400385
3747094926140899616,463480242 463480322 463480641 463480679 463480497 463480362
3747322526039539998,463480227 495399912 495400576 495399934 489734604 489753829
3747409945402540105,495402010 495277202 495277293 495400385 495399934 495259981
3747468463312732171,495251659 1228501633 495400618 463480362 495400385 495400631
3748073556561887441,489734604 463480255 463480482 495400385 463480240 495399719
3748931788470747229,495400314 495400635 463480486 463480658 463480226 463480477
3748932652424495154,463480694 463480697 463480693 463480677 1228501633 495399934
3748946511213363257,495399820 463480240 463480472 463480465 463480476 463480227
3749286301554704580,495400635 495256593 463480225 495403210 495403168 463480474
3749556011253104773,463480420 495370340 463480417 495507390 495369801 463480425
3750506941369811270,463480553 463480356 463480359 463480355 463480358 495400939
3750516292963795192,1228501633 495400618 463480362 495400385 495400631 463480691
3751094127653552267,495400385 463480362 495400631 463480691 495400618 1228501633
3751946969896976395,495400618 463480691 1228501633 495400635 463480355 495493336
3752085425544233260,463480691 463480235 463480213 463480214 463480457 463480665
3752726379908563087,463480346 463480483 463480359 495404000 495403990 463480350
3753040979759988798,463480474 463480677 1228501633 463480493 463480227 463480471
3755300921938804762,463480497 463480322 463480342 463480679 463480641 463480553
3755395886152679644,463480231 495260496 463480359 463480355 463480356 463480358
3755744592000712910,463480429 463480225 495277614 463480224 463480223 463480227
3763128515461644635,463480429 463480224 463480481 463480225 463480227 463480223
3764710381751107737,495400431 463480227 495400631 463480317 495400618 1228501633
3766563328028311748,495256593 463480225 495403210 495403168 463480474 463480342
3766641967662891163,495277303 463480255 463480227 489753829 463480226 489734604
3766645657231163468,495493336 495400631 495400618 1228501633 495401146 463480694
3766783086073217061,495400939 495401146 463480683 495401665 489734604 495401664
3767103082932469973,463480466 463480697 489753829 463480227 463480539 463480464
3767155785343172893,463480694 463480497 463480322 463480242 463480553 463480493
3767335571292684407,463480256 463480227 489753829 463480226 463480255 489734604
3767498470828015940,463480227 463480468 463480471 463480677 463480465 463480464
3767693983042240725,495277184 495277303 495277192 495277293 495369801 463480322
3767713477572427834,463480227 463480256 463480464 463480697 463480539 463480237
3767860074734682383,463480677 1228501633 495399934 495400618 463480697 495259981
3768299774009147680,495403143 463480381 463480447 463480446 495403168 495401146
3768302563275833392,495256039 495259981 463480563 463480679 463480273 463480497
3768412740409360408,463480226 463480429.0 463480493.0 463480693.0 495400618.0 463480497.0
3768578726874579118,495401146 463480694 495277184 495400631 495255157 495264479
3768748803157917967,495399934 495400618 463480697 495259981 495401146 495403210
3768838460967223448,463480466 495400314 495400618 489753829 495399912 1228501633
3768937106783862799,463480227 463480240 463480465 463480226 463480467 463480487
3769190157186236470,463480655 495403165 463480379 463480235 463480213 463480665
3769289670818005309,495252594 463480497 463480322 463480242 463480553 463480493
3769482844296708360,463480322 463480683 463480699 463480589 463480374 463480356
3770084950812918068,463480493 463480212 463480543 495260496 463480221 463480226
3770567111889387556,495259981 495403168 495401146 463480693 495402176 495277614
3771480091006337154,495493336 495528509 495493945 463480259 495370340 495402322
3771819190731407537,463480493 463480226 463480483 463480473 463480475 463480346
3771937429145256222,495403210 463480694 495403408 1228501633 463480497 463480553
3772201166022115349,463480539 463480227 489753829 463480226 463480255 489734604
3772450308447273156,495403168 463480474 463480342 463480242 463480482 495400618
3772656806051446948,495401665 463480322 463480374 495401146 463480242 463480342
3773072033087750195,463480691 463480235 495401664 463480213 463480214 463480457
3773147652546363539,463480242 463480497 463480322 463480553 463480493 463480221
3773228769855668495,495403408 463480497 1228501633 463480553 495256593 495399934
3773418913838137632,495403143 495403408 495401665 463480355 463480358 495401146
3773450410035773508,495399700 495399696 489753829 463480464 463480539 489734604
3773875158076358737,463480255 463480466 463480256 489734604 463480465 463480464
3773942523050328316,463480539 489753829 463480466 463480227 463480226 463480255
3774423203528310897,463480691 463480210 463480213 495493945 463480665 463480429
3774456780861473027,1228501633 463480471 463480227 489753829 463480226 463480255
3774766798438924340,463480589 463480683 463480379 495403163 463480699 495403168
3774796957153755412,495266185 495277303 495277293 495403982 495404008 463480483
3774879217078763672,463480221 463480322 463480242 463480342 463480497 463480553
3774959670657024083,463480563 463480342 495253660 463480322 463480693 463480242
3775167642045251801,495369801 463480389 463480392 463480396 495370340 495368385
3775529871563554983,463480497 463480322 463480242 463480553 463480493 463480221
3776468496768565271,463480379 495403175 495403354 463480695 463480683 495403163
3777303629920206987,463480255 489734604 463480697 463480464 463480466 463480256
3777696104375386239,463480227 463480493 463480226 463480346 463480213 463480210
3777934136207736890,463480471 463480487 495402322 495402847 495402312 495402859
3778623268403282228,495488569 495369801 495370340 495402322 495402312 463480506
3779298420202668078,463480497 463480322 463480694 495251312 463480242 495253660
3779632433868570850,463480355 495401146 463480497 463480322 463480242 463480342
3779899963559641410,463480464 463480483 463480487 463480346 463480359 495404000
3782250382233960492,463480429 463480698 463480231 463480684 495363656 463480677
3784398148436754619,495277184 463480497 463480322 463480242 463480553 463480493
3785062343312670834,463480226 463480259 463480691 463480214 495404000 463480457
3786267586587263297,463480697 463480227 489753829 463480226 463480255 489734604
3787500572527296537,463480322 463480679 463480497 463480242 463480553 463480493
3788438333200007429,463480256 463480227 489753829 463480226 463480255 489734604
3788488963016360284,463480255 463480227 489753829 463480226 489734604 463480464
3788601437099917598,463480553 495399934 495400618 463480694 463480482 495259981
3788834648046174419,495250885 463480497 463480322 463480242 463480553 463480493
3789021057444479001,463480322 463480497 463480342 463480221 495251312 463480693
3789498328760451316,495250885 463480497 463480322 463480242 463480553 463480493
3789688305631625534,463480273 463480497 463480322 463480242 463480553 463480493
3790394678469197961,495400631 495255157 495264479 463480693 495400618 495402176
3790507601839259901,463480322 463480497 463480242 463480553 463480493 463480221
3790672348074999846,495277303 495277293 463480227 495400043 495277184 495277192
3792268551149584521,495400618 463480693 495402176 495261776 463480475 463480362
3792437289129607227,495400618 495402176 495401995 495402010 495402014 463480227
3792522947066069107,495399820 463480472 463480486 463480476 463480468 463480465
3792661702010994981,463480473 463480226 463480677 1228501633 463480493 463480227
3792785805328253001,463480539 495400618 495399934 463480697 463480464 463480256
3793080992794411344,495250885 463480497 463480322 463480242 463480553 463480493
3793086715419689246,495400618 463480694 495259981 463480693 463480342 495252594
3793699379031834790,463480693 463480342 495252594 463480242 495253660 463480472
3793825141179809795,463480240 463480227 489753829 463480226 463480255 489734604
3793828108923830386,463480240 463480227 463480465 463480472 463480476 463480464
3794464426004316230,463480322 495253660 463480221 495255645 463480468 463480467
3795529742580187154,495399934 463480539 463480466 495399912 495400631 489734604
3795650866140676233,495402176 495261776 463480475 463480362 495261546 495400631
3795761283875995818,463480693 495402254 495277303 495402258 495402176 489734604
3795944127760433351,495528509 495493336 495493945 463480259 463480655 495493530
3796145503295766799,463480242 495253660 463480472 463480235 495277614 463480225
3796183714055323969,463480342 463480242 495250885 463480497 463480679 495251312
3796228258691023108,463480242 463480482 463480342 495400618 463480466 495399700
3796953477312938158,463480475 463480362 495261546 495402176 495400631 495277192
3797134976321847366,463480467 463480677 463480465 463480464 489734604 463480256
3797213870071218488,463480563 463480322 463480697 463480493 495399820 463480221
3797350229830533316,463480482 463480242 463480342 495400618 463480466 495399700
3797354643765592111,463480237 463480482 463480487 463480227 463480488 463480236
3797890365986701369,463480342 495400618 463480466 495399700 495400314 495251659
3798220722638160029,463480240 463480227 489753829 463480226 463480255 489734604
3798472919795892398,495261546 463480362 495402176 495400631 495277192 495277303
3798816925696655567,463480242 463480497 463480322 463480553 463480493 463480221
3798876831093883151,463480472 463480235 495277614 463480225 495277303 463480691
3798991656172912848,463480553 463480497 463480322 463480242 463480493 463480221
3799078410781720727,1228501633 463480487 463480677 463480467 463480476 463480472
3799660533820424502,463480322 463480693 463480242 463480342 463480497 463480553
3799670590725423390,463480539 463480464 463480227 495400385 1228501633 495400314
3801414891247501423,463480553 463480322 463480693 463480497 463480242 463480493
3802854950043385908,495399946 495400612 463480255 463480256 489734604 463480465
3808639627655118931,495251312 463480563 463480322 463480497 463480242 495255645
3810108285356343548,463480694 463480679 495250885 495253324 495261546 463480322
3810952171407540547,463480255 463480227 495400314 495399700 495400385 495400341
3811014402041446476,463480242 463480497 463480322 463480553 463480493 463480221
3811120707679027366,495277614 463480225 463480691 495277303 463480235 495253660
3811415931759099938,463480497 463480694 463480679 463480322 463480689 463480221
3811990607414165721,489753829 463480227 463480226 463480255 489734604 463480464
3812019741962272942,495277192 495277303 495402268 495403354 463480693 495400612
3812073967820210370,495264005 463480497 463480322 463480242 463480553 463480493
3812084462912798775,463480225 463480429 495276951 495400939 495277614 495400618
3812114576326787096,495255157 463480371 495254783 495257134 495264803 463480696
3812170241418461337,495402176 495401995 495402010 495402014 463480227 489753829
3812383173973377310,495253660 463480342 495252594 463480457 495277293 463480693
3812788153324405009,463480693 463480322 495251312 495255645 463480553 463480242
3812847071518523394,463480693 463480553 463480225 495252594 463480695 495403354
3812891579975204963,495276976 495277303 495277184 495277192 495277293 495369801
3813420367897428244,463480227 463480256 463480464 463480539 463480237 489753829
3813544344594940144,463480322 463480693 495259981 463480221 463480273 463480497
3813548689661362432,495264774 495263729 495402176 495399700 495400631 495253324
3813845721028493446,463480477 463480213 463480691 463480214 463480457 495493336
3814125892366499901,463480226 463480240 463480227 489753829 463480255 489734604
3814658374919258140,463480695 495403354 495401138 495400612 495252594 463480694
3815154860213666063,463480693 463480486 495399820 489753829 495259981 463480482
3815225813771223193,463480468 463480475 463480447 463480446 495369801 495404035
3815250391958814958,495277303 489734604 463480255 463480482 463480356 463480515
3815892711017807973,495401138 495400612 495252594 463480694 463480543 463480237
3815930693306548510,463480486 495399820 489753829 495259981 463480482 463480693
3815930913395834946,495403354 495522303 495370340 463480693 463480691 463480429.0
3815981309884629122,463480694 463480693 463480695 495252594 495251659 495251097
3815987795589333286,463480256 463480227 489753829 463480226 463480255 489734604
3816035596676104518,463480346 495403982 463480240 463480227 463480465 463480226
3816073589558608030,463480468 463480227 489753829 463480226 463480255 489734604
3816216951081402481,495402254 495403168 495403326 463480694 495403354 495403165
3816224247425532054,489753829 495400618 463480697 463480464 463480255 463480466
3816553756474212650,495402176 495399700 495400631 495253324 495264803 495403168
3816619655569604629,463480563 495251312 495251659 495254783 463480497 463480679
3816884231028867358,495259981 463480482 463480693 463480497 463480359 463480225
3817065035398906052,495399719 495400043 1228501633 489753829 463480466 463480487
3817202106365116499,463480497 463480322 463480242 463480553 463480493 463480221
3817382476821823713,463480471 463480227 463480256 463480464 463480539 463480237
3817635293821403146,463480693 463480553 463480322 463480242 463480221 495253660
3818004289625784367,463480493 495260496 463480214 463480226 463480227 463480322
3818021589846851630,463480695 463480497 463480322 463480242 463480553 463480493
3818060145473356062,463480482 463480693 463480497 463480359 495259981 463480225
3818420610906456324,463480466 495399700 495400314 495251659 495252594 463480695
3818478478978973746,463480447 495265949 463480698 463480420 463480446 495488569
3818652703383093414,463480497 463480482 463480359 463480693 495259981 463480225
3818778788364288068,463480466 463480227 463480468 463480429.0 463480493.0 463480693.0
3818969739531386972,495528224 463480513 495403264 495508494 463480514 495528684
3819100654594687303,495399820 495400939 495401664 463480665 463480677 463480226
3820306860947800238,495400612 463480693 463480359 463480358 495402179 495402254
3820409398510485720,463480446 463480447 1228501633 463480493 463480359 463480665
3821555114881319097,463480497 463480694 495252594 495251659 495251097 495263416
3821759285067776227,463480362 463480695 463480553 495402268 495401997 463480322
3821988384799719750,463480240 495257134 495264479 463480493 463480497 463480322
3822435046324437085,463480665 463480372 463480359 463480350 495404012 463480346
3823455993533300855,463480242 463480497 463480322 463480553 463480493 463480221
3825635159759126851,463480563 463480641 463480497 463480322 463480242 463480553
3825757657704431684,495402258 495402014 495402176 495277303 495402268 495402254
3827102795983224878,495493945 463480213 463480214 463480691 463480235 463480457
3827427326679843047,463480322 463480497 463480242 463480553 463480493 463480221
3831273226504765542,463480221 463480493 463480543 495260496 463480226 495255157
3832757836971507921,463480225 463480429 463480224 463480223 495277614 463480481
3833626207961219259,463480696 463480273 463480497 463480242 463480342 463480322
3833967021982482589,463480322 463480694 463480342 463480679 463480641 463480242
3834390988783878199,463480359 495401664 495400939 463480665 463480224 463480493
3834660129690878028,463480693 463480359 463480358 495402179 495402254 463480696
3834936106681631028,463480429 463480224 495400939 495401664 463480665 495401138
3835592584818065559,489753829 463480227 463480226 463480255 489734604 463480464
3835672091311472907,463480563 463480242 463480342 463480497 463480553 463480679
3835731262690558223,463480693 495259981 463480225 495259045 489753829 495256989
3835827903500386548,463480466 495277192 495277293 495277184 489734604 495402176
3835961284333404350,463480539 495400635 495491650 463480457 463480359 463480697
3836045038022295821,463480429 463480225 463480224 463480223 495277614 463480481
3836151789825556590,463480221 463480553 463480273 463480497 463480242 463480342
3836194467864641742,463480493 489753829 463480240 463480543 495400939 495400618
3836863026813731074,463480497 463480273 463480242 463480342 463480322 463480493
3836497904343711773,489734604 463480255 463480482 463480356 463480515 463480227
3836919442449891379,1228501633 463480227 489753829 463480226 463480255 489734604
3837141121569390930,489753829 489734604 463480255 463480256 463480464 463480465
3837494047307989021,463480482 489734604 463480356 463480515 463480464 463480256
3837648941737312328,463480225 463480273 463480429 463480224 463480223 495277614
3837690473351217254,463480470 463480464 463480467 463480677 463480539 489753829
3837973873374789941,495277184 495277303 495277192 495277293 495369801 463480322
3838069069803421960,495253324 495261546 463480693 495251312 495252594 495255645
3838381230213300390,495259045 463480225 489753829 495256989 463480468 463480242
3838549216418857036,495402254 463480696 495255157 495264235 463480693 495401146
3838932082523898116,495400314 495251659 495252594 463480695 463480227 1231113729
3838940580507287783,495400314 463480696 495399934 495264235 495277184 463480381
3839784977260609755,463480497 463480679 463480242 463480553 463480322 463480342
3839849337331122366,463480457 463480359 463480211 463480439 495491592 495491405
3839937389657063453,463480322 463480693 463480553 463480497 463480242 495251312
3840058262502768848,495399700 495400631 495253324 495264803 495403168 495251097
3840226634378248329,463480693 495401146 463480408 495251659 495370340 495521342
3840830725775425812,463480468 463480487 463480227 463480464 463480256 489753829
3841009841151934506,463480429 463480225 463480224 463480223 495277614 463480481
3841081142384787630,463480408 495251659 495370340 495521342 463480694 463480693
3841200148765999410,489734604 463480227 489753829 463480539 463480237 495400043
3841356179849347150,463480322 463480553 463480695 463480342 463480679 463480497
3841527341881491758,463480214 463480211 463480493 463480226 463480346 463480213
3841746463964790810,495370340 463480693 463480691 463480699 495403168 495403326
3842117953876394281,1228501633 489753829 463480227 463480226 463480255 489734604
3842405230220935482,495521342 1526098025 463480694 495519413 463480404 495524064
3842434255226929289,495370340 463480694 495521342 463480693 495403408 495399934
3842567744861503638,463480484 463480356 495401665 495401146 495403408 463480683
3843120516142989419,495403143 463480683 463480699 463480589 463480374 463480356
3843303483393966334,463480227 489753829 463480226 463480255 489734604 463480464
3843401433259704482,463480227 489753829 463480226 463480255 489734604 463480464
3844376408688165064,489734604 489753829 463480255 463480697 463480464 463480256
3844803111220674566,463480665 463480372 463480359 463480350 495404012 463480346
3845390633674211428,463480694 463480695 463480693 495252594 495251659 495251097
3845498772035469478,495399934 495399966 495400618 489753829 463480464 495400385
3845692170022158491,1228501633 495399696 495399934 495400043 489753829 463480255
3846036590444937480,463480471 463480677 463480372 463480256 463480488 489734604
3846106863229730847,463480429 463480224 463480223 463480225 463480210 463480481
3846755064764432394,495253660 463480497 463480322 463480242 463480553 463480493
3847784446706319478,495401664 463480358 463480355 495400939 463480665 495401138
3848584186833666184,463480362 495252594 463480497 463480679 463480322 463480689
3849781641783279852,463480488 463480227 489753829 463480226 463480255 489734604
3853114916022255627,463480237 463480677 463480255 463480482 495400385 463480240
3853380804555833399,463480221 463480497 463480322 463480242 463480553 463480493
3854614981195595783,1228501633 463480227 489753829 463480226 463480255 489734604
3854872829522608472,463480471 463480488 463480227 489753829 463480226 463480255
3856299796370555140,463480488 463480464 463480539 463480677 463480467 489753829
3856457137746083900,463480255 463480497 463480322 463480242 463480553 463480493
3856614665958719818,495255645 495251659 495251312 495261776 463480497 463480553
3857798839057514705,463480477 463480474 463480476 463480677 495400618 495399820
3858099837673406540,495403408 495399934 495400385 495400618 495401146 495401665
3858630278257049805,495277192 495277303 463480210 495506138 463480370 495504580
3858893705531359263,463480224 463480429 463480225 463480223 495277614 463480481
3858989869820805321,495461626 463480227 489753829 463480226 463480255 489734604
3859238272561053822,463480493 463480487 463480227 489753829 463480226 463480255
3859239669532197135,463480242 495253660 463480221 495255157 463480693 463480694
3859590248314961958,463480493 463480497 463480322 463480242 463480553 463480221
3859771826465407079,463480516 463480392 463480389 463480684 495370340 463480429
3859888013738246429,463480493 463480543 495260496 463480226 463480214 463480227
3860228625724866887,463480227 463480493 463480226 463480346 463480213 463480210
3860825071353856029,463480693 463480497 463480322 463480242 463480553 463480493
3861091247442886942,495253660 463480221 495255157 463480693 463480694 463480385
3861384327294353586,495399934 495400385 495399946 495400618 463480697 495400631
3861805988957389086,495255157 463480693 495253660 463480694 463480385 463480381
3861833596987506862,495401146 495401665 495399934 495399820 495399700 495400385
3862376489789686079,463480225 463480429 463480223 463480210 463480224 463480481
3862777119685738611,463480447 463480227 463480236 463480464 463480488 495400618
3862824353265615134,463480693 495253660 463480694 463480385 463480381 495265868
3862848223467536605,495260496 463480543 463480221 463480226 495255157 463480240
3862867271312998701,463480677 463480465 463480493 463480226 463480346 463480213
3862934149010817317,463480362 463480497 463480322 463480242 463480553 463480493
3862976945559175400,463480452 463480497 463480322 463480242 463480553 463480493
3863184166245105694,463480359 463480355 463480356 463480358 495400939 495401665
3863236518535757944,463480694 495277184 463480429.0 463480493.0 463480693.0 495400618.0
3863559705506873559,495399820 495400341 495400635 463480475 495399912 463480473
3863934103308468566,463480227 489753829 463480539 463480464 489734604 463480466
3864004575300157711,463480694 463480385 463480381 495265868 463480698 463480225
3865054591119786229,463480699 463480683 463480589 463480374 463480356 463480379
3865779008363823376,463480696 463480497 463480322 463480242 463480553 463480493
3865911454652170423,495265868 463480694 463480385 463480698 463480225 463480221
3866132029077979369,463480385 463480698 463480225 463480221 495264235 495264589
3866187347822903362,463480693 463480497 463480322 463480242 463480553 463480493
3866557785568969008,1228501633 463480679 463480242 463480497 463480342 463480322
3866995617069531314,495276951 463480228 463480356 495529087 463480514 463480355
3867093531065319566,463480213 463480214 463480691 463480235 463480457 463480359
3867152620122014013,463480696 495264589 463480497 463480322 463480242 463480553
3867846384208838697,463480322 463480497 463480242 463480553 463480493 463480221
3869164655395471645,463480539 463480227 489753829 463480226 463480255 489734604
3869541425462903013,463480481 495403982 463480214 463480691 463480235 463480665
3870004871945781588,463480346 495401895 463480493 495401138 495400939 463480466
3870277786569277676,463480256 463480497 463480322 463480242 463480553 463480493
3871004899170844993,463480240 489734604 463480697 463480464 463480255 463480466
3874461396222083258,495493945 463480210 463480350 495404012 495404000 495403990
3878885776997220585,495403326 463480356 463480693 495252594 463480221 495261776
3879306345252651134,463480362 463480695 463480342 463480322 463480242 495255645
3879354635514282282,463480346 495403982 463480483 463480359 495404000 495403990
3879767917983694864,495400618 495399700 495399696 495399934 495400043 463480256
3880257855150096560,495255645 495400612 495401995 495402022 495402254 463480221
3880610489748947254,495400385 495400618 495399696 463480697 495399934 489734604
3881353893175885832,489734604 463480255 463480227 489753829 463480226 463480464
3881393288591180025,495400612 495400618 495400385 1228501633 495400576 489753829
3881516793247039517,463480273 463480497 463480322 463480242 463480553 463480493
3881560843425677593,463480470 489753829 463480227 463480539 463480464 489734604
3881801373591273788,463480653 495493945 463480346 463480483 463480359 495404000
3882061731160391696,463480694 495252594 463480693 495399934 463480697 495400939
3882213557729493248,489753829 463480227 463480226 463480255 489734604 463480464
3882375284353925250,495265942 463480381 463480228 495277303 495369801 495277184
3882450369944223828,463480694 463480273 463480497 463480242 463480342 463480322
3882980876836143400,463480273 463480696 495251312 495253324 463480693 463480221
3883084096462913883,463480242 463480322 495252594 463480497 463480553 463480493
3883168059326726453,463480493 495493945 463480429 463480452 495400939 463480359
3883332672184648006,463480221 463480273 463480696 463480553 463480563 463480679
3883346778583466142,463480543 463480497 463480322 463480242 463480553 463480493
3883458483933937982,495399966 495400635 463480472 463480473 463480475 463480226
3883984118302900387,495367696 463480381 463480694 495252594 495251659 495251097
3884177553804230844,463480693 495399934 463480694 463480697 495400939 495401664
3884235125028290793,463480221 495261776 463480225 495399934 463480342 495255645
3884699886233059502,463480553 463480563 463480679 495264235 495264589 495264479
3884743610427507005,463480322 495252594 463480497 463480242 463480553 463480493
3884909737078423785,495261776 495399934 463480342 495255645 463480695 495264235
3884946493831905456,495401664 495252594 463480346 495403982 495403168 463480695
3885719179427053608,463480475 463480227 489753829 463480226 463480255 489734604
3885909353301803220,463480322 463480553 463480497 463480242 463480493 463480221
3886240874834428079,463480235 463480429.0 463480493.0 463480693.0 495400618.0 463480497.0
3886296385442807974,495400612 495399946 495461626 463480677 1228501633 463480493
3886503607173382243,495461626 463480227 489753829 463480226 463480255 489734604
3886794923373494288,495403982 495403168 463480695 463480693 463480452 495264235
3887022465297416244,489734604 1228501633 495399700 463480389 463480391 463480392
3887215160532402409,463480342 463480695 495264235 495264589 495264479 463480483
3888497442711142476,495399946 495400612 463480227 489753829 463480226 463480255
3888588368184606826,463480553 463480322 463480242 463480221 495253660 463480694
3888612075934056726,463480483 463480489 495264589 495403264 495259045 463480436
3888625480485306632,495264479 495264803 495255157 463480696 495254783 495257134
3888849780413038645,463480240 463480493 463480226 463480346 463480213 463480210
3889556864608501765,463480242 463480221 463480429 463480228 463480223 463480553
3891965806518206614,463480467 489753829 489734604 463480697 463480464 463480255
3892894386467373227,463480226 463480429 463480225 463480224 463480223 495277614
3894291203191472189,463480677 463480482 463480466 463480255 463480256 489734604
3895026132771143962,495266185 495265949 463480381 495265942 495277184 495266964
3898422155351163220,463480694 463480679 463480322 463480689 463480221 463480342
3900377199852126486,495491650 463480653 495404008 463480346 463480483 463480457
3900949095185907732,463480242 463480693 463480322 463480497 463480342 463480553
3901559814007816289,463480677 463480255 463480256 489734604 463480465 463480464
3901619377336221822,463480214 463480392 463480389 463480684 495370340 463480429
3902025063404142837,495266983 463480429.0 463480493.0 463480693.0 495400618.0 463480497.0
3902025483641946430,463480679 463480322 463480694 495251312 495253660 463480497
3902122329469616444,463480322 495256593 463480694 463480242 463480342 463480497
3902261114066174116,463480693 463480691 463480227 489753829 463480226 463480255
3902290361512886455,495259045 463480436 495400385 463480693 495264589 495261776
3902504282123927785,495259045 463480553 495251659 495251097 495253324 495263416
3902524509044342892,463480322 463480553 463480497 463480563 463480342 463480641
3903097968253993238,463480693 495400385 495264589 495261776 463480320 495369801
3903287141561008450,463480213 463480214 463480691 463480235 463480457 463480359
3903852252100296880,463480693 463480452 495264235 463480696 495264589 495400624
3904222349428260963,463480695 463480227 463480694 1231113729 495252594 495402176
3904599325499982012,463480452 495264235 463480696 495264589 495400624 463480543
3904683581528080470,463480322 463480497 463480242 463480553 463480493 463480221
3905143038821269654,495276976 463480228 463480464 463480697 463480539 463480467
3905149713021141018,463480693 463480322 463480362 463480497 463480695 463480242
3905415071421169856,463480322 463480497 463480694 495251312 463480242 495253660
3905454468050190416,495493336 463480213 495400939 463480355 495401664 463480358
3905545067843551407,495528509 495493336 495493945 463480259 463480392 463480389
3906692949416345616,463480696 495264589 495400624 463480543 495252594 495264774
3906812011106795664,463480362 463480429 463480359 463480355 463480227 463480224
3906951046778323215,495264235 495399934 495277184 463480381 489753829 463480225
3906975474581504350,495401664 463480359 463480355 463480356 463480358 495400939
3907086608457007268,463480696 495255157 495257134 495260496 463480493 463480212
3907799878083018875,495399934 495400385 463480539 463480255 463480474 463480256
3907832445624385561,463480417 463480231 463480447 463480210 463480359 463480457
3907866715978727520,463480227 463480429.0 463480493.0 463480693.0 495400618.0 463480497.0
3908606079750373475,463480227 1231113729 463480694 495252594 495402176 495264774
3908647552869990747,463480487 489753829 463480466 463480471 489734604 463480465
3908743253865791750,495369801 463480429.0 463480493.0 463480693.0 495400618.0 463480497.0
3908947205504630876,463480694 463480497 463480322 463480242 463480553 463480493
3909426027073110199,495369801 463480693 463480466 463480694 463480242 463480358
3909728275231670534,463480694 463480226 463480359 463480322 495251312 495255645
3909738426553073957,495264803 495403168 495251097 495400631 495403982 495256989
3910089525810692297,463480457 463480653 463480213 463480214 463480235 463480691
3910887867394031930,463480362 463480497 463480322 463480242 463480553 463480493
3910959320069046488,463480379 463480493 463480226 463480346 463480213 463480210
3911630365121052834,463480466 463480482 463480471 463480677 463480464 1228501633
3911971161905299474,463480322 463480497 463480242 463480553 463480493 463480221
3912118085296849079,463480242 463480358 495400618 495400635 495254783 463480497
3912538384758210594,463480255 463480227 489753829 463480226 489734604 463480464
3913634677560705212,463480226 463480483 463480473 463480475 463480346 463480317
3914194162653593765,495403432 463480359 463480355 463480356 463480358 495400939
3914627139885859141,463480256 463480497 463480322 463480242 463480553 463480493
3915215133746397226,463480221 463480493 463480226 463480346 463480213 463480210
3916129504358826227,463480227 489753829 463480226 463480255 489734604 463480464
3916478618026115274,463480346 463480483 495491650 463480457 463480224 495403982
3920808296592179549,463480465 463480227 489753829 463480226 463480255 489734604
3921051309280329858,463480407 463480213 463480214 463480691 463480235 463480457
3922290625994817663,463480539 463480255 495399934 463480464 463480256 463480471
3922472287657787592,463480212 463480210 463480359 463480457 463480665 463480429
3922571942723846286,495399934 495399975 463480227 463480467 463480468 495399700
3923093320740896943,489753829 463480227 463480226 463480255 489734604 463480464
3924506894655553673,463480226 463480464 463480256 463480471 463480697 463480465
3924592279457628393,463480358 495400618 495400635 495254783 463480497 463480693
3925253716600160323,463480242 463480694 463480322 495252594 495251659 495251097
3925349162293657725,495277192 495277303 463480227 463480256 463480464 463480539
3925494271580307650,463480227 489753829 463480226 463480255 489734604 463480464
3925649266902827255,463480322 463480497 463480242 463480553 463480493 463480221
3925655952555770032,495264589 495400624 463480543 495252594 495264774 495251312
3925763190259712216,463480471 489753829 463480227 463480539 463480464 489734604
3926156741568102678,495400635 495400618 495254783 463480497 463480693 463480468
3926184695543103656,463480227 489753829 463480226 463480255 489734604 463480464
3926554557754114236,495400624 463480543 495252594 495264774 495251312 489753829
3926709198731870261,463480356 463480355 495401665 463480359 463480358 495400939
3927377046778937424,463480322 463480497 463480242 463480553 463480493 463480221
3927863039979946306,463480493 463480322 463480242 495251312 495252594 463480497
3928444583091372160,463480359 463480493 463480355 463480356 463480358 495400939
3928738360228315201,463480665 463480372 463480359 463480350 495404012 463480346
3929082538414571723,463480694 463480497 463480322 463480242 463480553 463480493
3929112627063816324,463480695 495264005 463480342 463480322 463480242 463480362
3929321607727677489,495368385 495369277 495370340 463480417 495507390 495369801
3929868524603572416,463480693 463480322 463480242 463480342 463480497 463480553
3929872583226032386,463480322 463480497 463480242 463480553 463480493 463480221
3929949779467436055,1231113729 463480694 495252594 495402176 495264774 463480227
3930639083750817968,495252594 495264774 495251312 489753829 463480697 495263416
3945914083404152896,463480429.0 463480493.0 463480693.0 495400618.0 463480497.0 463480227.0
3931550642896109648,463480322 463480497 463480242 463480553 463480493 463480221
3933320641431732408,495254783 463480221 463480273 463480497 495255157 495258252
3934193636506075359,463480355 463480358 463480679 463480322 463480689 463480221
3934438977818591579,495277614 495461626 463480210 463480543 495260496 463480221
3935487866035241133,463480322 463480497 463480242 463480553 463480493 463480221
3935669074123554828,463480213 463480214 463480691 463480235 463480457 463480359
3936158293131526482,463480464 489753829 463480227 463480677 463480697 495400618
3938162216815820909,463480468 463480497 463480322 463480242 463480553 463480493
3943898150966919348,463480256 463480539 463480677 463480236 463480465 463480464
3946070424025301069,463480539 463480487 463480227 463480236 463480488 463480464
3946078591118737601,495493336 495493945 463480259 495528509 495529087 495520612
3946446009152569397,463480224 463480481 463480429 463480225 463480227 463480223
3946533647292301358,463480677 463480227 489753829 463480226 463480255 489734604
3946893272999264314,463480486 463480214 463480235 463480213 463480472 463480227
3947245714874564626,495366540 463480493 463480227 463480452 463480359 495401664
3947548873037709590,463480693 463480468 495259045 495250885 495252594 463480497
3948306721290584212,463480240 489734604 463480697 463480464 463480255 463480466
3948588743865925668,463480355 463480484 463480356 495401665 495401146 495400939
3949080453706416201,463480486 463480677 463480240 463480465 463480472 463480476
3949171884351553755,495264803 463480553 463480273 495254783 495255157 495264479
3949564018842140879,463480322 463480242 463480464 463480256 463480465 463480468
3949651388932554935,463480497 463480693 463480694 495251659 495259045 495403168
3950216822548857048,463480355 495401665 463480358 495401146 495403168 463480484
3950352088721785181,495252594 495250885 495255645 495251312 495256989 495253660
3950726502021333062,463480242 463480214 495253660 463480497 463480221 463480679
3950727437022134566,463480452 463480493 463480255 463480256 463480226 463480465
3950789548292702541,495519046 463480359 463480355 463480356 463480358 495400939
3950789723260190933,463480362 463480665 495403168 495251312 495400314 495263416
3950817166850523235,495252594 495402176 495264774 463480227 495400385 495400618
3951442194316918797,463480694 495259045 463480553 463480693 463480497 495251312
3951688665352896695,495259045 495403168 463480362 495252594 495264774 463480641
3952197367430381840,495277192 495277202 495277293 495277184 495277303 495369801
3952296096022659186,463480242 463480497 463480322 463480553 463480493 463480221
3952406882299412663,463480362 495252594 495264774 463480641 495277293 495251097
3952754997931802872,489753829 463480255 463480482 495400385 463480240 495399719
3952831105958674662,463480429 495493336 463480655 463480691 463480481 495277605
3953625528688705626,463480653 463480214 463480235 463480691 463480665 463480453
3953716808464466189,463480356 463480359 463480355 463480358 495400939 495401665
3954093840177299681,495252594 495264774 495250885 495251312 495255645 463480694
3954365399266492599,495264774 463480641 495277293 495251097 463480693 463480694
3954633390373994804,495399966 495400635 463480227 489753829 463480226 463480255
3954781043747455159,495252594 463480362 463480695 463480497 463480322 463480242
3956462227056230419,489753829 463480227 463480226 463480255 489734604 463480464
3956761288399126661,495254783 463480543 463480221 495260496 463480226 495255157
3956867477224554746,489734604 489753829 463480697 463480464 463480255 463480466
3958169713657250094,463480421 495369958 463480362 463480342 463480322 463480242
3958284268021481558,489753829 463480227 463480464 463480677 463480697 495400618
3958364489844523121,463480477 463480227 489753829 463480226 463480255 489734604
3959322999085072478,463480477 463480213 463480472 463480457 463480493 463480474
3959478634567172229,495277293 463480636 463480640 495277184 495277192 495277202
3960821465199411397,489734604 463480539 495400618 463480697 463480466 495399934
3960958227655950568,463480342 463480497 463480641 463480553 463480322 463480679
3960958256708059314,463480553 495256039 463480497 463480322 463480242 463480493
3966295230613553160,463480322 463480497 463480242 463480553 463480493 463480221
3966537412738547740,495254138 463480210 495399975 463480467 463480468 463480487
3967950070410379463,495253324 463480497 463480322 463480242 463480553 463480493
3968428795400552649,463480227 489753829 463480226 463480255 489734604 463480464
3969111399451328659,463480213 463480214 463480691 463480235 463480457 463480359
3969767466146463873,495400612 495400618 495400624 463480237 495399719 495399934
3970044803046965418,495264774 495251312 463480322 463480242 463480342 463480497
3970197600934297941,463480255 463480227 489753829 463480226 489734604 463480464
3970572256765280432,495251312 489753829 463480697 495263416 463480694 489734604
3970911972296753182,463480553 463480322 463480242 463480221 495253660 463480694
3971659725131219221,495252594 495264774 495400385 495400618 495251097 495399934
3971921610641768636,463480694 463480242 463480342 463480497 463480553 463480563
3971990318283227416,463480697 489734604 495400385 495400155 495400341 495400043
3972480959108087898,463480487 463480227 489753829 463480226 463480255 489734604
3972546950245908693,463480493 463480227 489753829 463480226 463480255 489734604
3972612609109917878,489753829 463480464 1228501633 463480227 463480697 489734604
3973027396265967722,495493336 495493945 463480457 463480372 495403699 463480359
3973747976950513973,495277293 495277192 495277303 495277184 495265868 463480381
3973829653536964858,463480472 463480240 463480227 463480465 463480226 463480467
3973875796318093588,495251312 463480342 463480322 463480242 463480497 463480679
3974270656533758185,463480356 463480359 463480355 463480358 495400939 495401665
3974954065624563819,495264005 463480497 463480322 463480242 463480553 463480493
3975229149775659285,495400618 495251097 495399934 495400624 463480691 463480465
3975333785249513623,463480227 463480465 489734604 463480471 489753829 463480256
3975642323226198042,463480486 495399820 463480359 495400939 495401664 463480665
3975774286976123040,463480221 463480497 463480322 463480242 463480553 463480493
3975801479753891965,463480227 463480482 463480237 495400155 463480677 463480429.0
3975832858980253881,495266185 495267299 495277303 495277184 495277192 495277293
3976472131101524245,495251097 495400631 495403982 495256989 463480665 463480381
3977307501552730426,463480221 463480497 463480273 463480493 495264589 495264803
3977346722074460198,463480342 463480497 463480322 463480242 463480553 463480493
3977538878517805061,463480472 463480475 463480240 463480227 463480465 463480226
3977678151774109861,463480223 463480225 463480429 463480231 1231113729 463480346
3977746899337740630,495399975 489734604 463480697 463480464 463480255 463480466
3978464575420629127,463480211 463480210 463480691 495493945 463480359 495366540
3978796685966704731,463480227 489753829 463480226 463480255 489734604 463480464
3978801929972351028,463480242 463480322 463480362 463480342 463480695 495255645
3979505997516374246,495266185 463480497 463480322 463480242 463480553 463480493
3979563268927652176,495251097 495251659 463480553 463480693 463480497 495251312
3979570253858603286,495251659 495400618 463480543 463480470 463480694 463480497
3979667849318236469,463480227 489753829 463480226 463480255 489734604 463480464
3980095209867313243,463480242 463480497 463480322 463480553 463480493 463480221
3980723829012430894,463480359 463480355 463480356 463480358 495400939 495401665
3980727646831509587,463480472 463480457 463480493 463480474 463480476 463480214
3981405874611552260,463480497 463480322 463480242 463480553 463480493 463480221
3981484925596991649,463480322 463480693 495255645 495263729 495250885 463480497
3981843465637462263,489734604 463480487 463480464 463480236 463480467 1228501633
3982044216908579090,463480240 463480472 463480476 463480465 463480227 463480464
3990022409868279936,495254783 463480221 495264589 495255157 495264479 495257134
3992376934404980966,463480493 463480273 463480497 463480242 463480342 463480322
3992418229437333665,495403699 463480683 463480699 463480589 463480374 463480356
3992599616892961075,495265942 463480381 463480228 495277303 495369801 495277184
3992672003487432740,463480693 463480497 463480322 463480242 463480553 463480493
3992940079422111920,495277192 495461626 489734604 495400618 495512115 495400385
3992972019364004149,463480641 495252594 495254138 495255645 495258252 495261546
3993092181613347117,463480483 495403982 495403990 463480350 495404000 495404012
3993203057058119726,463480493 463480665 463480693 463480255 463480655 463480213
3993226239171887329,495403982 495256989 463480665 463480381 495400043 495251312
3993588853978169395,489734604 495400155 495400314 495400618 489753829 463480227
3993740763598684249,463480358 495401665 1228501633 495403354 495400314 495263416
3993966638305902685,463480255 495399934 463480539 495400618 463480697 495400631
3994114308890951958,463480497 463480470 463480429 495277614 463480225 495400618
3994133300620296310,463480221 463480539 463480467 463480273 463480497 463480242
3994622390276194645,463480497 489734604 463480466 463480693 463480539 463480697
3994660399015264482,489734604 463480466 495399912 495399934 495400631 463480697
3994880534767730996,463480225 463480429 463480231 1231113729 463480346 463480223
3994886757645025536,463480695 463480699 495403326 495403168 495403165 495403264
3994956355304685659,463480322 463480683 495403354 463480356 463480589 495403210
3995075468994805796,463480240 463480224 463480213 463480235 463480691 463480665
3995408188646097007,495256989 463480665 463480381 495400043 495251312 495461626
3995439271633486007,463480697 463480225 495400314 463480211 495403408 463480356
3995622538168762696,463480256 463480227 489753829 463480226 463480255 489734604
3995882670440054907,1228501633 495400314 495263416 463480227 495370340 495399700
3996085898655039720,495400314 463480697 489753829 463480539 463480256 463480227
3996132351211471167,495401138 463480359 463480355 463480356 463480358 495400939
3996947997305602234,463480539 463480464 463480467 463480472 463480240 495400314
3997038538054434917,463480322 463480342 463480497 463480242 463480553 463480493
3997142195193774139,495401138 495400618 495401665 463480693 463480553 463480221
3997430316054347924,463480322 463480497 463480342 463480242 463480553 463480679
3997710867438502155,495253324 463480497 463480322 463480242 463480553 463480493
3997807965283025150,463480240 495400314 463480471 463480465 463480464 463480466
3997889901877526551,495400624 463480465 463480468 463480346 495403408 463480693
3997933283146727604,463480691 463480429.0 463480493.0 463480693.0 495400618.0 463480497.0
3998018088095187135,495400618 495400155 495399719 495400043 463480697 495399700
3999597538006007931,495263416 463480227 495370340 495399700 495401997 495252594
3999815944299086147,463480694 463480273 463480553 463480497 463480693 463480342
4000521466331267369,463480697 489753829 463480464 489734604 463480539 463480255
4001375384311431342,463480226 463480240 463480683 463480699 463480589 463480374
4001416443129495573,1228501633 463480227 489753829 463480226 463480255 489734604
4001472462614167632,463480699 495264479 463480696 495403354 463480683 495403165
4001699214856290327,463480221 463480429.0 463480493.0 463480693.0 495400618.0 463480497.0
4001802252150898952,495400618 463480227 489753829 463480226 463480255 489734604
4002684758793125907,463480227 463480677 463480658 463480226 463480466 1228501633
4002918953535930539,463480342 495250885 463480322 463480242 463480497 463480553
4003554364851486881,495252594 463480497 463480322 463480242 463480553 463480493
4003773233175724153,463480417 463480683 495403168 495403326 463480407 495403163
4003797007160049981,495529087 463480256 463480465 463480468 463480464 463480488
4004001855987253472,495401146 463480355 495403143 463480683 495401665 463480359
4004033739052286233,495493945 463480210 463480359 463480457 463480665 463480212
4004188794164347004,463480221 463480497 463480322 463480242 463480553 463480493
4004503685682692324,463480227 463480429.0 463480493.0 463480693.0 495400618.0 463480497.0
4004745346722562272,463480472 463480227 489753829 463480226 463480255 489734604
4005333150806835398,463480497 463480322 463480242 463480553 463480493 463480221
4005351012636295498,463480497 463480322 463480242 463480553 463480493 463480221
4006142038139207932,463480371 463480213 463480457 463480214 463480665 463480691
4006330835516784720,463480472 463480543 495260496 463480221 463480226 463480240
4012186650510884876,1228501633 489753829 463480227 463480464 463480677 463480697
4012687307322163468,463480683 463480379 495403165 463480699 463480589 463480374
4014106712510038103,463480589 463480699 463480322 463480242 463480342 463480497
4015444342648602644,463480497 463480429.0 463480493.0 463480693.0 495400618.0 463480227.0
4015637224999354481,463480356 489753829 463480466 463480471 489734604 463480465
4015792015808397405,463480694 463480679 463480497 463480322 463480242 463480553
4015915437913014549,463480693 463480694 463480497 463480322 463480242 463480553
4015936751447572632,463480483 463480429.0 463480493.0 463480693.0 495400618.0 463480497.0
4016090612133789974,463480563 463480694 463480641 495399700 495400618 495400043
4016393376308396141,463480379 495403165 463480683 463480699 463480589 463480374
4016710482850742317,463480223 463480429 463480225 463480481 463480224 463480210
4016738525387685954,463480429 463480224 463480481 463480225 463480227 463480223
4017041962634051833,463480429 463480223 495277589 463480481 463480224 463480665
4017134149733712159,463480255 463480539 495400618 463480697 495400631 495399700
4017669645598720157,495277303 495400618 463480227 463480236 463480464 463480488
4017695302951108944,463480665 463480381 495400043 495251312 495461626 489734604
4017754520330174663,463480641 495250885 463480693 495251312 495255645 463480695
4017761484343869757,463480589 495403163 463480683 463480699 463480379 495403354
4018237788082929923,463480226 463480227 489753829 463480255 489734604 463480464
4018738370997911651,463480553 463480322 463480497 463480563 463480242 495251312
4019133031290765573,463480322 463480695 463480694 495252594 495251659 495251097
4020163124755955945,495399700 495400474 495254783 463480696 463480693 463480694
4020851959833821427,495399700 463480429.0 463480493.0 463480693.0 495400618.0 463480497.0
4020870634845765745,495264803 495255157 463480696 463480497 463480221 463480543
4020902961152262488,463480493 463480429.0 463480693.0 495400618.0 463480497.0 463480227.0
4020903170181955779,495400939 495401664 463480359 463480665 495401138 463480358
4021160843763253381,463480226 463480227 489753829 463480255 489734604 463480464
4021185966953463994,463480227 495370340 495399700 495401997 495252594 495399934
4021241441455964173,495255157 495399934 495400631 495259045 495263416 495490838
4021813053521133648,463480237 463480465 489734604 489753829 463480466 495399700
4022108117838594065,495255157 495264803 495264589 495254783 495264479 495257134
4023261998324645986,495402179 495401997 495402254 495402268 489734604 463480697
4023286057731621046,463480696 463480693 463480694 495251097 495253324 495252594
4023466049744404620,463480358 463480374 495401665 463480392 463480509 463480693
4023710804825342189,463480679 463480497 463480322 463480242 463480553 463480493
4023850439884931191,495399700 495401997 495252594 495399934 463480210 463480225
4024841758594039813,463480242 463480497 463480322 463480553 463480493 463480221
4024865060153196841,1228501633 463480677 463480493 463480227 463480471 463480543
4025345414307774646,463480694 495251097 495253324 495252594 495400618 495399934
4025370577960173654,463480379 463480374 463480683 495403163 463480589 495403168
4025843750184943749,463480362 463480497 463480322 463480242 463480553 463480493
4026154562380365884,463480487 463480227 489753829 463480226 463480255 489734604
4026618785472184491,463480493 1228501633 463480471 463480467 489734604 463480464
4027101564590096525,463480589 463480683 463480699 463480374 463480356 463480379
4027606299430879383,463480683 463480699 463480589 463480374 463480356 463480379
4029501581861847200,463480464 463480487 463480483 463480346 495404008 463480489
4034183168728236244,495277293 463480487 463480227 463480466 463480467 463480236
4035063322875527304,495399946 495461626 463480539 463480482 463480486 463480429
4036080322518712385,463480677 463480237 495399975 463480255 463480697 463480227
4036345469073096930,463480255 463480539 495399975 463480227 489753829 463480226
4036390064183836743,463480255 495399997 463480256 495399934 463480697 495399912
4037084221259907282,463480221 463480497 463480322 463480242 463480553 463480493
4037144877487620222,463480665 463480223 463480259 463480214 463480691 463480452
4037894461224648717,495252594 495400618 495399934 463480696 495402022 495401995
4037905501376741432,495400605 495400385 463480539 495400618 463480466 489753829
4039006231065526454,495400618 495399934 463480696 495402022 495401995 495253324
4039590997221966139,495399934 463480210 463480225 495277614 495400635 495402312
4039984369834918017,495400043 463480381 495251312 495461626 489734604 495403408
4040052776071856141,495253324 495400618 495263729 495259045 463480486 495400939
4040295313508139181,495258252 495253324 495263729 463480322 463480242 463480342
4040429847130669196,463480392 463480509 463480693 463480396 463480391 495370340
4040520085979267191,463480225 495277614 495400635 495402312 495263729 495399700
4040561954576400731,463480242 463480322 463480679 463480342 463480497 463480553
4040710365023830084,463480446 463480475 463480472 463480486 463480346 463480483
4040741843600408848,463480379 495403165 463480683 495403168 495403163 495403354
4040966942096097491,463480488 463480227 489753829 463480226 463480255 489734604
4041024270803402921,463480356 495400939 463480359 463480483 495403982 495403990
4041199621340660022,495263729 495253324 495251659 495251312 495261776 463480497
4041904483517071528,495400635 495402312 495263729 495399700 495264479 495255157
4042507192453824642,463480493 463480226 463480214 495260496 463480227 463480658
4042847921634017448,495402312 495263729 495399700 495264479 495255157 489753829
4043304085594308793,463480213 463480543 495260496 463480221 463480226 495255157
4043551949008142377,463480359 463480240 463480472 463480465 463480476 463480227
4043998908162244790,495259045 495400618 463480486 495400939 463480339 463480457
4044208397640532136,495263729 495399700 495264479 495255157 489753829 495276976
4044454206842077355,463480322 495403163 463480497 463480242 463480553 463480493
4044468977929814176,463480694 495259045 495251659 463480553 495253324 495251097
4045398840940691627,495403163 463480683 463480699 463480589 463480374 463480356
4045658288010821958,463480641 463480497 463480322 463480242 463480553 463480493
4046580224850657575,463480322 463480497 463480242 463480553 463480493 463480221
4046739622749798602,463480362 463480497 463480322 463480242 463480553 463480493
4047409962785964244,463480486 495400939 463480339 463480457 463480691 495402258
4048423107988816060,463480359 495401138 463480213 463480214 463480691 463480235
4048553308059598958,463480466 463480227 489753829 463480226 463480255 489734604
4048985906450006036,463480359 495400939 495401664 495401146 463480356 463480665
4049436102878560570,463480697 463480227 489753829 463480226 463480255 489734604
4050866081172029469,463480256 463480255 489734604 463480465 463480464 463480468
4058881134246756462,1228501633 463480227 489753829 463480226 463480255 489734604
4059761176259330319,463480468 463480346 495403408 463480693 463480695 495400618
4060017288136622093,463480691 495402258 495401997 463480429 463480225 495277614
4060062812380594363,495400939 463480691 463480339 463480653 463480213 463480665
4060723123288014883,495255157 495264479 463480493 495264589 463480497 495257134
4062191390713970961,463480486 463480493 463480255 463480256 489734604 463480465
4062301345672855575,463480695 495400618 463480693 1228501633 463480691 495255157
4062317258275029088,495400618 463480227 489753829 463480226 463480255 489734604
4062363061408760063,463480497 463480322 463480242 463480553 463480493 463480221
4062649900657803312,463480273 463480497 463480322 463480242 463480553 463480493
4062768580891771195,495264479 495255157 489753829 495276976 495400618 463480694
4063431270530023648,463480493 463480486 463480543 463480221 495260496 463480226
4064762135070900226,463480691 463480653 463480213 463480665 463480457 463480210
4064982286171635760,463480322 463480342 463480679 463480497 463480641 463480553
4065131669405040755,463480693 463480497 463480322 463480242 463480553 463480493
4065303992812437619,463480242 495253324 495251659 495251312 495261776 463480497
4065317445568561353,463480465 495400618 463480464 463480256 463480471 463480697
4065421952301662308,463480226 463480467 463480240 463480472 463480476 463480465
4065443071967100969,463480346 463480213 463480214 463480691 463480235 463480457
4065531536157704313,463480226 463480227 489753829 463480255 489734604 463480464
4065585968195567756,463480497 463480322 463480242 463480553 463480493 463480221
4065634924235850021,495404012 495404000 495403990 463480350 463480483 495403982
4065649100865667298,463480255 489734604 463480697 463480464 463480466 463480256
4065949978703429639,463480466 463480493 463480226 463480346 463480213 463480210
4066253855810912290,495400618 463480677 1228501633 463480487 463480464 489734604
4066433755161821396,495400618 495264479 495264803 495250885 463480679 463480693
4066682193681842463,1228501633 463480677 463480493 463480227 463480471 463480543
4066784527956312358,489753829 463480227 463480226 463480255 489734604 463480464
4067169184811319324,463480350 463480483 495403982 495404000 495404012 495369801
4067178909805314223,495402176 463480212 495402268 495401997 495402254 489734604
4067956991865913684,463480677 1228501633 463480429.0 463480493.0 463480693.0 495400618.0
4068450057045934292,495264479 495264803 495250885 463480679 463480693 463480695
4068543629666549873,495265942 463480381 463480228 495277303 495369801 495277184
4069192445593124873,463480693 463480242 463480694 463480322 463480641 463480679
4069439717091311834,463480240 463480227 489753829 463480226 463480255 489734604
4069603168711344426,495250885 463480242 463480497 463480322 463480553 463480493
4069646057794437278,489734604 489753829 463480255 463480256 463480465 463480464
4070403962946978063,1228501633 463480691 495400618 463480695 463480693 495255157
4070957376242712765,463480240 463480227 489753829 463480226 463480255 489734604
4071446367348719931,495277184 495277202 495277303 495277192 495277293 495369801
4073727924930609349,495266964 463480381 495402176 463480242 463480342 495277202
4073766779892531282,463480342 463480497 463480322 463480242 463480553 463480493
4074142258021269770,489753829 463480237 463480696 495264479 495264589 495257134
4074220088989057147,495400939 495401664 495401665 463480356 495401146 463480358
4074789658950631566,463480356 463480359 463480355 463480358 495400939 495401665
4075370240450232347,463480694 463480322 495252594 463480553 463480342 463480679
4079498338287747141,495402340 463480691 495404000 495493336 495401138 463480658
4081712223021695042,495493945 463480429 463480452 495400939 463480359 463480691
4082303795092258872,463480679 463480497 463480322 463480689 463480221 463480342
4082578869328806217,495370340 463480392 463480389 463480684 463480429 463480224
4082788063532023990,463480679 463480693 463480695 495265868 463480381 495252594
4083731249123033213,495505381 495506138 463480370 495504580 463480368 463480389
4085062739437551752,463480242 463480693 463480497 463480322 463480553 463480493
4085186680672485389,463480381 495252594 495400314 463480346 495400618 463480483
4085286879641731168,463480362 463480221 463480497 463480322 463480242 463480679
4085320688840474853,463480693 463480242 463480497 463480322 463480553 463480493
4085368814699806782,495399696 463480227 489753829 463480226 463480255 489734604
4085550483181404400,495253324 463480497 463480322 463480242 463480553 463480493
4085900167129858064,495256989 463480497 463480322 463480242 463480553 463480493
4086082786648391892,495400314 463480346 495400618 463480483 463480429 463480697
4086190144149258436,489753829 463480677 463480658 463480226 463480466 463480486
4086228442717880568,463480227 489753829 463480226 463480255 489734604 463480464
4086788936625029447,463480226 463480240 463480359 463480355 463480356 463480358
4088831908104110253,495404036 463480443 495404027 495488913 463480439 495404035
4089320964738515036,463480493 463480226 463480227 489753829 463480255 489734604
4089784344645730519,489753829 463480697 463480255 463480256 489734604 463480539
4091252056831033512,495400618 463480694 495402254 495402022 495263729 495251312
4091894928501112876,495400618 463480227 489753829 463480226 463480255 489734604
4092028568246157497,495493336 495493945 463480210 463480359 463480457 463480665
4093101297081254035,495400618 463480227 489753829 463480226 463480255 489734604
4093125184596213804,463480404 495403354 463480683 495403165 463480374 463480694
4093361035111563570,463480472 463480227 489753829 463480226 463480255 489734604
4093455158145712394,463480240 463480670 463480213 463480691 463480227 489753829
4093943385435668620,463480476 463480226 463480240 463480472 463480465 463480227
4094043249756078084,463480665 463480213 463480214 463480691 463480235 463480457
4094077088086884394,495404035 495404036 495404027 495488913 463480439 495277303
4094303603825836381,463480468 463480255 495400618 463480227 489753829 463480226
4095686748209676360,495488913 463480439 495404035 463480444 495404026 495488603
4095846082504818722,495404036 495404027 495488913 463480439 495404035 495277303
4096701363032162418,463480483 463480227 463480236 463480464 463480488 495400618
4097404370231230654,463480493 463480470 463480543 495260496 463480221 463480226
4100471302000738401,463480421 463480355 463480214 495370340 463480509 463480423
4104325686279012664,463480362 463480497 463480322 463480242 463480553 463480493
4104376396723519683,463480470 463480227 489753829 463480226 463480255 489734604
4105563479079649557,463480256 463480255 489734604 463480465 463480464 463480468
4106805710979858440,463480346 463480483 463480359 495404000 495403990 463480350
4107365497890668726,463480483 463480697 463480429 463480691 463480235 463480359
4107401684630110242,495400612 1228501633 495260496 463480486 495399934 495399700
4107648476227830031,495400618 463480695 463480693 495255157 495264479 463480457
4107729284922343771,463480467 463480256 463480464 489753829 463480539 463480255
4107854717206921526,463480242 463480497 463480322 463480553 463480493 463480221
4107947081965764872,495400618 489753829 463480539 463480256 463480227 463480464
4108049841069752378,495400612 463480227 489753829 463480226 463480255 489734604
4108095233093271806,495401146 463480484 463480355 463480356 463480693 495399946
4108668991785140443,463480356 463480358 463480484 463480355 495401146 495401664
4108713562414514398,495404000 463480235 463480213 463480665 463480214 463480653
4108855978384949330,463480240 463480226 463480255 463480227 489753829 489734604
4109400127103041860,463480242 463480240 463480472 463480465 463480476 463480227
4109662701337444514,495399696 489734604 463480697 463480464 463480255 463480466
4110255510567780525,463480475 1228501633 463480471 463480464 463480467 489734604
4110585988705419516,495403165 463480683 463480699 463480589 463480374 463480356
4110674204669771845,495399719 463480472 463480226 463480658 463480237 463480493
4110926038944710670,495400605 495401664 463480227 489753829 463480226 463480255
4111709637325881427,463480356 463480355 463480358 495401146 495401665 463480484
4111911581833756715,463480342 463480322 463480497 463480242 463480553 463480493
4112295495530709157,463480694 463480497 463480322 463480242 463480553 463480493
4112584796757033275,495402022 495263729 495251312 495399934 495400618 463480255
4112592960475889671,495401664 463480359 463480355 463480356 463480358 495400939
4113786487629152415,463480224 463480652 463480670 463480429 463480210 463480482
4114833413010358438,463480362 463480497 463480322 463480242 463480553 463480493
4117066290077368418,463480665 463480429 463480359 463480355 463480227 463480224
4117109350510362675,495260496 463480486 495404000 463480227 463480464 463480465
4117669424683810960,463480255 463480227 489753829 463480226 489734604 463480464
4117772119047405714,494343225 489753829 463480227 463480539 463480464 489734604
4117784960471662739,463480679 463480242 463480322 463480553 495251312 463480641
4119008732140273816,495266185 495265949 495401995 495402010 495277184 495265942
4119043359198150972,495404000 463480658 463480477 463480226 463480475 463480488
4119182476203524261,463480356 463480359 463480355 463480358 495400939 495401665
4119292988596158609,495366540 463480543 463480226 495260496 1228501633 463480221
4120176130470969501,463480691 463480213 463480212 463480670 463480214 463480665
4121385355206721727,495519114 463480665 463480359 495367870 495401895 463480481
4123369547373478160,463480543 463480497 463480322 463480242 463480553 463480493
4124230596019093833,495400624 463480699 463480475 489753829 463480255 463480464
4126485326875853097,463480407 495403143 463480441 463480374 463480379 463480589
4127168466487345318,463480242 463480497 463480322 463480553 463480493 463480221
4129339010023424263,495253324 495263729 495251312 463480322 463480342 463480679
4129542379719884892,463480693 463480553 463480699 463480221 463480355 495401146
4129769890238955559,463480493 463480429.0 463480693.0 495400618.0 463480497.0 463480227.0
4129961971213140176,463480359 463480429.0 463480493.0 463480693.0 495400618.0 463480497.0
4129974542404419700,463480221 463480273 463480497 463480242 463480342 463480322
4130212706791981108,495251312 463480497 463480322 463480242 463480553 463480493
4130253965171097745,463480497 463480322 463480242 463480553 463480493 463480221
4131115132572139542,495400043 463480465 1228501633 495400618 489734604 463480468
4131213605553569960,463480227 495399966 463480694 495399934 495400618 495400385
4131368013745619133,463480471 463480273 463480322 463480493 463480221 495251312
4131411135453200449,495400618 495399934 463480471 463480226 463480464 463480256
4131525453794771061,495399934 463480227 489753829 463480226 463480255 489734604
4132053824665288731,495404000 495401895 495404008 463480210 463480483 495403990
4132264418844606758,495400385 463480227 489753829 463480226 463480255 489734604
4132443041241235564,495400043 495400618 463480677 463480658 463480226 463480466
4132692608325779800,495400155 463480677 463480255 463480237 463480482 463480240
4132996340674461937,463480223 463480379 463480429 463480225 463480224 495277614
4133014992570024104,495399934 495400385 463480641 463480693 463480322 463480694
4133344585303720118,495251097 463480225 495277614 463480694 495264589 495400618
4133460079320236319,495399934 495400385 495400618 489734604 495400631 495400576
4133888224861618250,463480374 463480322 463480694 495251312 495403163 495255645
4133946072422678754,1228501633 489734604 463480464 463480255 463480697 463480256
4134507179642716372,463480694 495264589 495251097 463480225 495400618 495403165
4134534131889996091,463480694 463480374 495399934 495400618 495401665 463480342
4135528799723323561,495399696 463480227 489753829 463480466 463480256 463480488
4136009401816580194,495251312 495461626 489734604 495403408 495403143 495256039
4136210311856783432,463480242 463480429.0 463480493.0 463480693.0 495400618.0 463480497.0
4136596509548347652,463480694 463480374 495403326 463480683 463480379 495401665
4136846482464833819,495402010 463480381 495265868 495277192 495267299 495265949
4136891682194194492,495251312 495255645 463480322 495263729 495250885 463480497
4136936031943917644,495403175 463480699 495403143 463480452 495493530 495403354
4136937274254295110,463480505 463480227 489753829 463480226 463480255 489734604
4138450940307439700,463480466 463480227 489753829 463480226 463480255 489734604
4138892527541157977,463480493 463480497 463480322 463480242 463480553 463480221
4139106729083011331,463480322 463480497 463480242 463480553 463480493 463480221
4140159250054512906,463480464 489753829 463480227 463480539 489734604 463480466
4140183272947187888,463480698 463480235 463480213 463480214 463480665 463480457
4140576220014182477,463480695 463480696 495255157 495264589 463480493 463480346
4140652901396906072,495277303 495401893 463480370 495504684 495504580 495504833
4141250493545185307,495404000 495404008 463480210 495401895 463480493 495401138
4141496164030873905,463480223 463480429 463480225 463480224 495277614 463480481
4141621213027631310,463480697 489753829 489734604 1228501633 463480464 463480539
4142128530841927796,463480221 463480497 463480322 463480242 463480553 463480493
4143920600999526613,495493945 495493530 495493336 463480213 463480214 463480235
4146520996953456907,463480539 463480227 489753829 463480226 463480255 489734604
4148879072809451747,463480356 495401138 495401146 495401665 495401664 463480665
4150845573661458547,463480652 463480210 463480212 463480452 463480211 463480214
4150938678537748638,463480362 463480497 463480322 463480242 463480553 463480493
4151646248397176946,495264589 463480221 463480497 463480322 463480242 463480553
4151732412967813339,463480322 463480497 463480242 463480553 463480493 463480221
4151740105731080374,495400618 495403165 463480694 463480563 495264774 495252594
4151887437764231498,463480696 495255157 495264589 463480493 463480346 463480497
4152544313622134815,495399934 495400618 495401665 463480694 463480342 495258252
4152561562610040926,463480694 463480392 463480389 463480684 495370340 463480429
4153001002790027314,463480487 463480358 463480355 495401665 495400939 495401146
4153237939254984823,463480694 463480342 495258252 463480225 495277614 495400618
4153261659093205152,489734604 495400385 1228501633 463480487 495401665 489753829
4153291778926313756,489734604 495403408 495403143 495256039 463480699 495251312
4154164243133104142,463480465 489734604 489753829 463480466 463480237 495399700
4154670295871652110,463480553 463480497 463480694 495251312 463480322 463480342
4154874464386940977,495277303 495277293 495277202 495369801 463480689 495277192
4155764639899320333,463480693 495263416 463480694 495259045 489734604 495264589
4156057710394081399,495258252 463480225 495277614 495400618 463480273 463480221
4156254738917359715,495255645 463480322 463480497 463480242 463480553 463480493
4156290538253320258,463480237 463480487 463480482 463480227 463480677 463480468
4156363035688042546,463480221 463480322 495251312 463480273 463480497 463480242
4156516228948558078,463480256 463480227 489753829 463480226 463480255 489734604
4156581337637847327,463480227 489753829 463480226 463480255 489734604 463480464
4156983363622666400,463480358 495401665 495401146 463480356 463480484 495400939
4157216818099126543,495255157 495264479 463480457 463480553 463480694 463480693
4158440141346570271,495400618 495258252 495263416 495252594 495256039 495257463
4158871484611166306,495276976 463480227 489753829 463480226 463480255 489734604
4158890760804499638,495259045 463480693 463480694 489734604 495264589 463480696
4158986097080664130,463480227 463480482 463480677 463480468 463480471 463480665
4159619475506987183,463480226 463480677 1228501633 463480493 463480227 463480471
4160533180490711135,463480493 463480227 489753829 463480226 463480255 489734604
4161239289610895366,463480346 495403990 463480483 463480359 495404000 463480350
4162021149058007245,463480226 463480240 463480227 463480464 463480465 463480256
4162807856297410691,463480213 463480214 463480235 463480405 463480453 463480491
4163280982136586404,495399946 463480227 489753829 463480226 463480255 489734604
4163980281808159032,463480481 463480429 463480225 495401664 463480223 495277605
4164315336520237325,463480228 463480226 463480237 463480214 463480213 463480691
4166938954068394308,463480486 463480493 463480226 463480346 463480213 463480210
4170883366090965072,463480322 463480497 463480242 463480553 463480493 463480221
4172605567144296498,463480273 463480221 463480497 463480322 463480242 463480679
4173069865368944987,495252594 463480693 495250885 495251312 495255645 463480694
4173781682730565647,463480227 463480255 463480256 489734604 463480465 463480464
4174347128022237454,463480221 463480497 463480322 463480242 463480553 463480493
4174407688697676106,1228501633 463480697 463480256 463480464 463480255 463480466
4174487097690554550,463480693 463480694 489734604 495264589 463480696 1526098025
4174851799620256066,495251097 495253660 463480497 463480322 463480242 463480553
4175086593993605378,463480242 495252594 463480497 463480322 463480553 463480493
4175876600283005250,495253660 495251097 463480553 463480322 463480342 463480641
4175944681908863120,489734604 463480227 489753829 463480226 463480255 463480464
4176026668900024592,463480362 463480695 463480693 495264005 495250885 463480555
4176051816929165317,495252594 463480694 495251659 495251097 495263416 463480242
4176264506726678560,495252594 463480322 463480342 463480679 463480641 463480497
4176296050236063863,495252594 495256039 495257463 495264589 463480342 495263729
4176786644663271669,463480227 463480226 489753829 463480255 489734604 463480464
4176856744811560999,495403143 495256039 463480699 495403408 495251312 495263729
4176949381762121823,463480497 463480322 463480242 463480553 463480493 463480221
4177285567040979222,463480484 463480359 463480355 463480356 463480358 495400939
4177370551185309769,463480256 463480227 489753829 463480226 463480255 489734604
4177699421634953428,463480320 463480255 463480256 489734604 463480465 463480464
4177705879041736975,463480693 463480224 495277614 495259045 463480695 495263416
4177781928598962358,463480696 463480693 495264589 1526098025 495261546 463480342
4177816104930377733,463480696 495257134 463480356 495401664 463480221 495264803
4178145932435259685,463480273 463480322 495400939 495401664 463480665 495401138
4178148308370325517,463480693 495264589 1526098025 495261546 463480342 489734604
4178224335303737374,495257463 495264589 495252594 463480342 495263729 495403143
4178538211686219810,463480699 495403408 495251312 495263729 463480221 495403165
4178713818792460295,495264589 495255157 463480493 463480346 495264479 495254783
4178876613630099697,463480381 495529087 495267299 495265868 495266964 495266983
4179411400493105467,1526098025 1526105009 495400618 495401146 495490838 495490943
4179757660626223178,463480697 1228501633 463480227 463480465 463480677 463480256
4180239423513034927,463480346 495254783 495264479 495264589 495257134 463480543
4180339353735659583,463480242 463480497 463480322 463480553 463480493 463480221
4180653481950183622,463480406 463480392 463480389 463480684 495370340 463480429
4180726298371948687,495256593 1526098025 463480553 463480699 463480694 463480653
4180821254112280838,463480553 463480694 463480497 463480322 463480693 463480679
4181231005611065540,495263729 495251312 463480221 495403165 495264774 495490943
4181767199217418477,1526105009 463480497 463480322 463480242 463480553 463480493
4181879174590365815,1526105009 495400618 495401146 495490838 495490943 495277184
4181973071838052556,463480696 463480356 495257134 495401664 463480493 495264235
4182374421542469664,463480652 463480210 463480359 463480457 463480665 463480212
4182491354137362499,495400939 463480497 463480322 463480242 463480553 463480493
4182765509408718961,463480242 463480497 463480322 463480553 463480493 463480221
4182890222493892727,495400618 495401146 495490838 495490943 495277184 495251659
4183193429915468088,495401665 495401146 463480356 463480699 463480589 495403210
4184024691221725285,495403210 463480493 463480226 463480346 463480213 463480210
4185297585537024144,495525836 495529087 463480514 495528684 495276951 463480515
4185565010267996404,463480235 495493336 463480691 463480213 463480214 463480665
4186158914532540492,463480224 463480225 463480221 463480273 463480497 463480242
4188287013463261349,463480256 489753829 463480227 463480464 463480677 463480697
4188532484884398183,463480226 463480240 463480472 463480227 463480677 1228501633
4193859899541422324,463480356 495366540 463480497 463480322 463480242 463480553
4194927467598446822,463480493 463480483 463480489 463480497 463480322 463480242
4195471229458579565,463480226 463480227 463480486 463480471 463480472 463480320
4195739571591577807,463480255 489753829 463480227 463480464 463480677 463480697
4195748026504970281,463480493 463480497 463480322 463480242 463480553 463480221
4196706473900769439,463480429 463480226 463480473 1228501633 463480223 463480481
4197093031557202132,463480342 489734604 463480679 495257134 495255157 1526105009
4197370908007727259,463480240 463480497 463480322 463480242 463480553 463480493
4198064659320537214,463480367 495490838 495490943 495401370 463480421 495490760
4198183862980050974,495490838 495490943 495277184 495251659 463480694 495277614
4198251868088172709,463480515 463480392 463480389 463480684 495370340 463480429
4198816298167173380,463480255 463480227 489753829 463480226 489734604 463480464
4199019734440608031,463480589 463480553 463480322 463480693 463480679 495251659
4199247042592375105,1526105009 463480679 463480497 495256039 1526098025 463480322
4199692950766354747,495277184 495490943 495490838 495251659 463480694 495277614
4199751482645152033,463480679 463480497 463480322 463480242 463480553 463480493
4199874243680272612,463480470 463480227 489753829 463480226 463480255 489734604
4200148298931109961,1526105009 463480497 463480322 463480242 463480553 463480493
4200693017571491996,495266983 495266649 463480464 463480227 463480256 463480539
4200760672732840260,463480539 463480256 463480227 489753829 463480226 463480255
4201122129276043304,463480696 463480356 495257134 495401664 495254783 495255157
4201928259966337267,489734604 495400605 463480240 463480472 463480465 463480476
4202352668239724748,495255645 495250885 495251312 463480694 495254138 495263729
4202469543656816765,463480457 463480483 463480224 463480497 463480322 463480242
4202658560843186413,495403165 495264479 495488569 495402010 489734604 495399696
4202989605113299076,489734604 495400314 495400385 495400618 495400605 495400431
4203275761986044079,1228501633 1526105009 463480242 463480322 463480213 463480453
4203704213603614962,495256039 463480322 463480497 463480694 495251312 463480242
4203704164266803249,1228501633 463480227 489753829 463480226 463480255 489734604
4203749678641053749,463480493 463480497 463480322 463480242 463480553 463480221
4204048749606207706,463480242 463480497 463480322 463480553 463480493 463480221
4205674585198690415,463480473 463480227 489753829 463480226 463480255 489734604
4205770990826291460,463480322 495251312 463480358 463480227 489753829 463480226
4206077953674051703,495251659 463480694 495277614 463480259 463480235 495400618
4206358084348018694,463480227 495251659 463480693 463480553 495251097 495251312
4207175562411638807,463480255 463480256 495400618 489734604 489753829 463480317
4207546781325328523,463480470 463480227 489753829 463480226 463480255 489734604
4207648026657030451,463480322 495264479 463480221 463480497 463480242 463480553
4207764192165888062,1526098025 463480322 1526105009 463480693 463480694 495402176
4208268066834087988,463480697 489753829 489734604 463480539 463480227 463480464
4208391440350314584,463480242 463480497 463480322 463480553 463480493 463480221
4209004215333552358,463480499 463480392 495400618 489753829 463480484 463480227
4210808097412743497,463480472 463480227 489753829 463480226 463480255 489734604
4216660094210277639,463480589 463480374 463480379 463480497 463480440 495251312
4216688596096123206,463480255 463480227 489753829 463480226 489734604 463480464
4218493755682717898,463480256 495400618 489753829 489734604 463480317 463480320
4219703709891035268,463480689 463480553 463480497 463480322 463480242 463480493
4220039207046611011,463480359 463480355 463480356 463480358 495400939 495401665
4220082532752818433,463480689 495264479 463480697 489753829 495400618 463480695
4220438527427477662,463480473 463480543 495260496 463480221 463480226 495255157
4220802447339159714,463480465 463480227 489753829 463480226 463480255 489734604
4220926830186332166,495257463 463480210 463480359 463480457 463480665 463480212
4221059271266402561,495264479 463480697 489753829 495400618 463480695 495263416
4221227596354158633,463480242 463480497 463480322 463480553 463480493 463480221
4221378608637149220,463480465 463480227 489753829 463480226 463480255 489734604
4221523357912793104,463480670 463480652 463480429 463480210 463480224 463480482
4221809101564805377,495400618 463480695 495263416 463480691 463480453 463480242
4221950333145055279,463480677 463480493 463480226 463480346 463480213 463480210
4221998762120446102,463480553 463480497 463480322 463480242 463480493 463480221
4222219323907244107,495252594 463480497 463480322 463480242 463480553 463480493
4222236882814894277,463480694 463480392 463480389 463480684 495370340 463480429
4222799292743549144,463480693 463480695 495263416 495266983 463480679 463480346
4223628551179206916,463480356 463480359 463480355 463480358 495400939 495401665
4223633800333361189,495263416 495400618 463480691 463480453 495250885 463480242
4224234784417906705,463480227 463480467 495400618 463480466 463480465 463480468
4224422924914786472,495400618 463480691 463480453 463480242 495250885 495263416
4224537945519161566,463480553 463480322 463480497 463480694 495251312 463480242
4225767153551802432,463480235 495400618 1526105009 495250885 495400474 495400385
4226267306946461883,463480235 463480453 463480691 463480213 463480214 463480457
4226438335605768343,463480242 463480342 463480497 463480322 463480553 463480493
4226465395140722785,495400314 463480359 463480355 463480356 463480358 495400939
4226465360164683944,495250885 495263416 495253324 495400618 463480381 495277184
4226636306689032397,463480358 463480322 495251312 495255645 463480553 463480242
4226906324317241467,495251312 463480497 463480322 463480242 463480553 463480493
4227278308574494779,495402179 495402268 495402254 495401997 495402010 495402014
4227397489330225199,495400939 495366540 463480359 463480457 463480493 463480483
4227482662880149687,463480213 463480691 463480235 463480214 463480457 463480665
4227582502567411998,495400618 463480539 463480471 489734604 495399820 463480240
4228775941878055206,489753829 463480227 463480226 463480255 489734604 463480464
4228792056238047259,463480539 495400043 495400314 495400431 495400576 495400618
4229430934668837207,463480242 495255645 463480497 463480322 463480553 463480493
4230541147130298554,463480255 463480227 489753829 463480226 489734604 463480464
4230578035978142005,463480242 495250885 495251312 495261546 463480497 463480693
4230677376055902360,463480670 463480652 463480429 463480210 463480224 463480482
4232372714787045566,495401146 463480355 463480359 463480356 463480358 495400939
4232436622971371596,463480242 463480497 463480322 463480553 463480493 463480221
4239482847884214318,463480227 463480429.0 463480493.0 463480693.0 495400618.0 463480497.0
4239962598603751766,1228501633 495399719 495399912 489753829 495399696 463480677
4242896738534293648,463480457 463480452 463480665 463480210 495493336 463480429
4243066459457847303,495400474 495400385 495400618 463480497 495265868 495266983
4243260467362398354,463480553 463480497 463480221 463480322 463480242 463480493
4243618236084256932,463480679 495253324 463480497 463480322 463480242 463480553
4244326779501150215,495266983 463480385 495402010 495403408 495254783 495264235
4244532152286314734,463480683 495402010 495402176 463480231 463480447 463480693
4244532891602649156,463480210 463480493 463480497 463480322 463480242 463480553
4244537175585063046,463480221 463480497 463480679 463480322 463480689 463480342
4244594776950440199,463480355 495403143 463480359 463480356 463480358 495400939
4244672001867776067,495266983 463480679 463480346 463480342 495400618 495277614
4244723702259253283,463480539 463480227 489753829 463480226 463480255 489734604
4244843199042158603,463480374 495403326 495256039 463480553 495403408 463480693
4245875752641495102,495401664 495264479 495254783 463480696 463480221 495264235
4246777487854403729,489734604 489753829 463480464 463480467 463480227 463480697
4247980008836694232,463480679 463480346 463480342 495400618 495277614 495264803
4248003795951026284,495251312 463480679 463480497 463480436 463480322 463480553
4248455569298948230,463480473 463480483 463480475 463480346 463480317 463480652
4248713149489610787,463480225 463480652 463480429 463480224 463480223 495277614
4248764763239612427,463480553 495403326 495403408 495256039 463480693 463480698
4248853470321049637,495251097 463480483 495254783 463480224 495400618 463480465
4249846375452246042,463480693 463480698 495404029 489734604 495400618 495512445
4249902981724766461,495256039 463480693 495399696 463480694 495252594 495251659
4251189687514562781,463480255 463480227 489753829 463480226 489734604 463480464
4252455942208356535,463480429 463480225 463480224 463480223 495277614 463480481
4253118948626399547,463480342 463480497 463480322 463480242 463480553 463480493
4253244164140695555,463480483 463480346 463480359 495404000 495403990 463480350
4253952661308571899,463480356 463480484 463480355 463480358 495401665 495400939
4254768869935939659,463480221 463480227 489753829 463480226 463480255 489734604
4256165963770363979,489734604 489753829 463480255 463480464 463480465 463480256
4259099282879807795,463480214 495493336 463480497 463480322 463480242 463480553
4263604789184561226,463480465 463480227 489753829 463480226 463480255 489734604
4264212043147772108,495264005 463480497 463480322 463480242 463480553 463480493
4264433632707346734,495264005 495252594 463480693 495255645 463480695 463480362
4264841537925153100,463480342 463480497 463480322 463480242 463480553 463480493
4265382134857335043,495399966 463480227 489753829 463480226 463480255 489734604
4265652403720683826,495276976 463480497 463480322 463480242 463480553 463480493
4265923915694473557,463480487 463480255 463480256 489734604 463480465 463480464
4266422804483145980,463480346 495366540 463480457 463480359 463480493 463480429
4266918068269613303,463480224 495400618 463480465 463480589 463480346 463480693
4266947572812480516,463480475 463480483 495400631 463480693 495255340 463480255
4267260711594885184,495404008 495264235 463480689 495259045 463480641 495264774
4267606407424246055,495400341 463480235 463480240 463480493 463480472 463480227
4267838061778829523,463480227 495402176 463480677 1228501633 463480493 463480471
4267844127765299447,463480237 495399700 463480464 463480697 463480539 463480467
4267983460150018094,463480493 463480543 495400939 495400618 463480358 463480359
4268225533759193139,463480320 463480227 489753829 463480226 463480255 489734604
4268711696974479595,495506542 495506138 463480368 495504580 463480370 495505381
4269043047223001278,495399700 463480227 463480471 463480322 489753829 463480226
4269827413203747083,463480322 463480694 463480497 463480242 463480553 463480493
4270335699108757751,463480589 463480346 463480693 463480453 495400618 463480694
4271314025899360310,463480227 495399934 489734604 463480697 463480464 463480255
4271971729243111508,495256989 463480497 463480322 463480694 495251312 1526098025
4272015521790820561,489734604 463480467 463480471 463480466 463480465 463480464
4272131068680732967,495255340 495264774 495250885 463480322 463480679 495251312
4272167900312502532,463480213 463480214 463480691 463480235 463480457 463480359
4272335780878745841,463480689 463480694 495252594 463480497 463480322 463480242
4272509143691559214,463480493 463480677 463480240 463480658 1228501633 463480477
4272605293300941019,495257134 495264235 495264479 463480221 495254783 463480696
4272993043263520805,463480453 463480589 463480694 495400618 495252594 463480225
4273746077897720017,495401997 495402268 495402258 495403354 495402254 495402179
4275169161268428833,463480497 463480322 463480242 463480553 463480493 463480221
4275801705986130176,495488569 495369801 495277303 495404035 463480439 495370340
4276088330727456879,495254138 463480497 463480322 463480242 463480553 463480493
4276381371621179437,463480227 463480226 463480240 489753829 463480255 489734604
4276483408600236341,495400431 463480227 489753829 463480226 463480255 489734604
4276946013089169411,495277303 463480227 489753829 463480226 463480255 489734604
4277123004508405915,495461626 463480227 489753829 463480226 463480255 489734604
4278645391729361192,489753829 495400155 463480255 463480697 463480464 495400618
4278700833994178778,463480379 463480227 489753829 463480226 463480255 489734604
4279096829071065212,495402176 495369801 495277303 495404035 463480439 495370340
4281141767578058779,463480342 463480322 463480242 463480641 463480679 463480497
4283644182224437493,463480497 463480322 463480242 463480553 463480493 463480221
4284487484290629677,463480429 463480223 463480481 463480224 463480665 463480670
4285347659366793496,495488569 495369801 495404035 495402176 495277303 463480493
4286621667244638324,463480227 463480236 463480464 463480488 495400618 495399700
4286835895696097611,495256593 495255645 463480497 463480322 463480242 463480553
4286862912892960854,463480652 463480224 495277614 463480223 463480429 463480210
4286977025420034085,463480695 495252594 495277614 463480497 463480699 495399700
4287085435581890621,463480483 463480350 495403982 495403990 495404000 489734604
4287474052653908209,495252594 463480694 463480693 463480553 495251312 495251659
4287519828205371593,463480342 463480497 463480322 463480242 463480553 463480493
4287722746669170824,495253660 495256039 1526098025 463480322 463480497 463480242
4288283782055723274,495399966 495400635 495400631 495401138 495399820 463480359
4288456336238444545,495264803 463480497 463480322 463480242 463480553 463480493
4289850077620207673,463480465 463480227 489753829 463480226 463480255 489734604
4289980628440187150,463480679 463480221 463480497 463480322 463480242 463480493
4290205018835124502,495259045 463480641 495264774 495264005 463480694 463480346
4290217416048771398,489753829 463480466 463480471 489734604 463480465 463480256
4290482857281847442,463480212 463480210 463480652 495366540 495519129 463480429
4290592490649813034,463480465 463480472 495400155 463480486 463480226 463480227
4290843578430652725,463480497 463480242 463480693 463480322 463480273 463480694
4291383595486150715,489734604 495402010 495399696 495276976 495277293 495277192
4291737768041906408,463480240 463480658 463480226 463480227 463480465 463480467
4291897627173978446,463480695 495252594 463480322 463480342 463480679 463480497
4292198847060115493,463480497 463480699 495399700 495399696 495400618 1231113729
4292266602863001611,463480429 463480225 495276951 495400939 495277614 495400618
4292320101866668286,463480487 463480227 489753829 463480226 463480255 489734604
4292516224101253212,463480210 463480359 463480457 463480665 463480212 463480429
4292636987521237143,495488569 495404035 495277303 495402176 495369801 463480493
4292689547591680152,463480693 463480497 463480322 463480242 463480553 463480493
4292965642774249598,495493945 463480259 463480231 495364969 495369801 495402176
4293033689919783222,495276976 463480227 489753829 463480226 463480255 489734604
4293595609442549819,495277303 463480464 463480467 463480697 463480539 489753829
4293934120346059032,463480641 463480497 463480322 463480242 463480553 463480493
4294331528685027666,463480697 463480227 489753829 463480226 463480255 489734604
4294373198314864877,463480342 463480497 463480322 463480242 463480553 463480493
4294488424147058974,463480255 463480227 489753829 463480226 489734604 463480464
4294766605869514845,463480493 463480221 463480273 495255157 495264479 463480543
4294868282904936767,463480355 463480213 495401138 463480493 463480226 463480346
4295254285549568101,463480240 495400635 463480227 489753829 463480226 463480255
4296042076802384022,463480221 463480497 463480322 463480242 463480553 463480493
4296551528355594284,463480256 463480255 489734604 463480465 463480464 463480468
4297271453860757605,463480589 463480683 463480699 463480374 463480356 463480379
4297524799572017276,495461626 463480227 489753829 463480226 463480255 489734604
4297951383248699676,495251312 463480497 463480322 463480242 463480553 463480493
4298677624310857945,463480355 463480356 463480358 463480484 495401146 495401665
4299288258112127056,463480429 463480225 463480224 463480223 495277614 463480481
4299898909597630662,463480255 463480497 463480322 463480242 463480553 463480493
4300739826185928887,463480695 463480497 463480322 463480242 463480553 463480493
4302140481364820157,463480371 463480346 463480483 463480359 495404000 495403990
4304732218664157339,489734604 463480227 489753829 463480226 463480255 463480464
4305318582839935101,463480477 463480227 489753829 463480226 463480255 489734604
4305352368145301562,495403165 463480589 463480683 463480699 463480374 463480356
4307825532849094963,463480374 463480429 463480225 463480224 463480223 495277614
4308969049325830282,463480539 463480227 489753829 463480226 463480255 489734604
4309315582097621330,489734604 463480355 489753829 463480227 463480539 463480464
4309447170681995278,495277303 495277202 495277293 495277192 495369801 495488569
4309487863935008885,495493336 463480655 463480477 463480452 463480691 463480213
4309671839397052637,495403982 463480346 463480483 463480359 495404000 495403990
4309781632917700628,463480342 463480497 463480322 463480242 463480553 463480493
4310109368942330161,495253660 463480497 463480322 463480242 463480553 463480493
4310148260491165965,495399696 463480227 489753829 463480226 463480255 489734604
4310214534961037330,495400618 463480256 463480255 463480465 463480539 463480320
4310243975598964983,1231113729 495251097 495400618 495399912 463480694 463480497
4310414225577345340,463480242 463480693 463480497 463480322 463480553 463480493
4310436050129125594,495403143 463480683 463480699 463480589 463480374 463480356
4310687761700749618,489753829 495400431 463480227 463480226 463480255 489734604
4311103134553342016,495264774 495264005 463480694 463480342 463480346 463480693
4311236630431399979,463480467 463480447 495265949 463480698 463480420 463480446
4311788193707982877,463480342 463480497 463480322 463480242 463480553 463480493
4312098685925982378,495399696 495276976 495277293 495277192 463480689 1228501633
4312421573180784704,495264005 463480694 463480346 463480342 463480693 495277192
4312427826282758239,495400939 463480359 463480355 463480356 463480358 495401665
4312499156048674936,463480255 463480227 489753829 463480226 489734604 463480464
4313059332308861001,463480487 463480677 463480227 463480236 463480464 463480488
4313238245724913760,463480374 495403168 463480683 463480699 463480589 463480356
4313371930282950806,463480689 463480242 463480342 463480497 463480553 463480679
4313396147747553389,463480652 463480213 463480691 463480653 463480457 463480665
4313481272211013639,463480694 463480346 463480342 463480693 495277192 495404035
4313501984763150368,463480256 463480227 463480464 463480677 463480466 489753829
4313610760976597239,495252594 463480694 495400618 495250885 495277614 463480695
4313784498426216649,463480694 463480322 463480497 495256039 463480689 463480693
4313785966779433111,489753829 463480464 489734604 463480697 463480255 463480466
4313881908589887631,495400043 1228501633 463480240 463480227 489753829 463480226
4314494688034554173,495399700 463480697 463480256 463480464 463480255 463480466
4315014198153707869,463480240 495399966 495399820 463480658 495399946 463480227
4315504873753805047,495400618 463480694 495250885 495277614 463480695 495402254
4315731550895341619,494343225 463480359 463480355 463480356 463480358 495400939
4315754733366149453,495404008 463480214 463480212 463480210 463480452 463480483
4315972695777083741,495400618 495277614 495264803 463480346 463480468 495256039
4316183781647843575,495277614 463480695 495402254 495402022 463480225 495277303
4316530232045076606,495493945 463480259 463480213 463480214 463480691 463480235
4316553356502106224,495401138 463480429.0 463480493.0 463480693.0 495400618.0 463480497.0
4316811611518009351,463480346 463480342 463480693 495277192 495404035 495253660
4316950212767646010,463480497 495264589 463480358 463480355 463480356 495401146
4317001321763569997,463480235 463480491 463480691 463480405 495364620 463480457
4317848128365527136,495404000 463480350 463480483 495404012 463480346 495403982
4318640616058388668,463480381 463480429.0 463480493.0 463480693.0 495400618.0 463480497.0
4319559182504952103,463480493 463480497 463480322 463480242 463480553 463480221
4320266139448901702,463480429 463480493.0 463480693.0 495400618.0 463480497.0 463480227.0
4320278607738962178,495255157 463480553 463480497 463480322 463480242 463480493
4321460092923543703,463480493 463480227 489753829 463480226 463480255 489734604
4322851997112336438,463480228 463480497 463480322 463480242 463480553 463480493
4328473426835275829,463480242 463480497 463480322 463480553 463480493 463480221
4328533925104713829,463480472 463480227 489753829 463480226 463480255 489734604
4331055300230512927,495493945 463480213 463480214 463480691 463480235 463480457
4331967570181882068,463480322 463480497 463480242 463480553 463480493 463480221
4332222945183924562,1228501633 463480227 489753829 463480226 463480255 489734604
4332464303510650887,463480342 463480693 495277192 495404035 495253660 463480679
4332671164749185046,463480696 463480497 463480322 463480242 463480553 463480493
4332716094579278139,495401146 463480358 463480355 495401665 495400939 463480484
4332799828467122344,495402022 463480225 495277303 463480486 495400618 495399912
4332911955048923438,463480452 495493530 463480683 463480699 463480589 463480374
4333099728872669514,495277303 495277192 495277293 495277184 495369801 463480322
4333721044489076983,463480486 495400618 495399912 495255157 463480225 463480693
4333909435508064588,1228501633 463480227 489753829 463480226 463480255 489734604
4334554696009383969,495277303 495404035 495277192 495277293 495277202 495369801
4334589304628314390,495404035 495253660 463480679 463480497 495399912 495400618
4334590057021440283,495277192 463480689 1228501633 495512115 495402176 495402254
4334680258586607637,495399966 495399946 463480477 463480472 495400635 463480486
4334791737021563048,463480225 463480693 495252594 463480493 495265949 495264803
4335077479923056917,463480337 463480457 463480213 463480214 463480691 463480235
4335140812194054413,495264479 463480543 495260496 463480221 463480226 495255157
4335258087910539473,463480342 463480497 463480322 463480242 463480553 463480493
4335773199307374941,463480227 495400618 495400385 495400576 495399975 463480464
4336301047368909043,495253324 495264479 463480696 495264589 495255157 495257134
4337157633669070886,463480255 463480227 489753829 463480226 489734604 463480464
4337252826979500310,463480679 463480497 495399912 495400618 495400631 463480653
4337293434811318370,463480227 489753829 463480226 463480255 489734604 463480464
4337710402929688613,463480693 495252594 463480225 463480493 495265949 495264803
4337988406058156190,489734604 463480227 495399912 495400618 495400631 489753829
4338041801774465137,463480468 489753829 463480466 463480471 489734604 463480465
4338531789686440214,495400631 463480653 495401665 495277303 463480317 463480693
4338551992643223624,495400618 495400631 495400385 495400576 495399975 463480464
4339838942950719809,463480543 463480493 463480221 495260496 463480214 463480226
4340488408938840128,495401665 495277303 463480317 463480693 495255340 463480339
4340896868037820593,463480543 463480497 463480322 463480242 463480553 463480493
4341499443313115150,495400624 1228501633 463480227 489753829 463480226 463480255
4342791532073713696,463480464 463480255 463480256 489734604 463480465 463480468
4342866485372780551,463480464 463480227 489753829 463480226 463480255 489734604
4343338487057219856,495250885 463480497 463480322 495255645 463480342 495252594
4345957822265557028,463480665 463480429 463480359 463480223 463480553 494343225
4346292586805461309,463480359 463480227 489753829 463480226 463480255 489734604
4348132845041221862,495277184 495277303 495277192 495277293 495369801 463480322
4349434540206588130,463480543 489734604 489753829 463480467 463480226 463480493
4353649607106625786,463480487 463480255 463480256 489734604 463480465 463480464
4353977918107156532,489753829 463480227 463480226 463480255 489734604 463480464
4355767880748368129,463480539 463480471 489753829 463480466 463480465 489734604
4356015807711936821,463480677 495400618 463480465 463480227 463480539 489753829
4357465635021651997,463480677 463480466 495399912 495399934 489734604 495400631
4357501299780223221,495402258 495401995 495401997 495402268 495402010 495402022
4357553308572319888,495254783 495264803 463480665 495401138 463480452 495493945
4358288977464131910,463480470 463480227 463480464 463480471 463480539 489734604
4358685423950889071,495255340 495253660 463480694 495252594 463480695 495263416
4359169062053609646,463480487 463480227 489753829 463480226 463480255 489734604
4359858816445055250,463480213 463480429 463480481 463480224 463480225 463480655
4360277759347917030,463480470 463480466 463480471 489753829 463480465 489734604
4360447878854869286,463480339 495400618 463480240 495521342 463480457 463480337
4360672266798760048,495400939 463480359 463480355 463480356 463480358 495401665
4360676101137891335,463480339 495253660 463480693 463480381 495266185 495267299
4360723155160400006,463480553 463480497 463480322 463480242 463480493 463480221
4361382389125218509,463480273 463480213 463480214 463480691 463480235 463480457
4361723332813389829,495250885 495251312 463480693 463480362 463480322 495264005
4362045536151797767,463480381 495266185 495267299 495266964 495512072 495512445
4362660701159555108,463480652 463480670 463480429 463480210 463480224 463480482
4362685483811602619,463480679 463480497 463480322 463480242 463480553 463480493
4363333243848360069,495401665 463480358 495401146 463480355 463480356 495400939
4363445688787271865,463480356 463480497 463480322 463480242 463480553 463480493
4363637092052369432,463480497 463480273 463480242 463480342 463480322 463480493
4363764541395304580,495400618 495400631 495400385 495400576 495399975 463480464
4364013584447177004,495521342 463480466 463480697 489734604 463480226 495399912
4364069264851730528,463480240 463480466 495399912 495399934 495400631 489734604
4365102424505975120,463480539 495399934 495399997 495400155 463480227 489753829
4365327026116100340,489753829 463480227 463480226 463480255 489734604 463480464
4365456946361008299,463480210 463480212 463480486 463480452 463480658 463480429
4365843326360092868,495399997 495400155 495400618 495399975 463480697 495400474
4366090202421657871,463480679 463480242 463480322 463480641 463480497 463480362
4366141934989737987,463480472 463480240 463480227 463480465 463480226 463480467
4367176763765162054,495277184 495277303 495277192 495277293 495369801 463480322
4367514467622977735,463480391 463480392 463480389 463480684 495370340 463480429
4367999955581534338,463480691 463480235 495493336 463480453 495403168 495403163
4368465447162740742,463480224 463480429 463480225 463480223 495277614 463480481
4368745510765592577,495255157 463480221 463480497 463480322 463480543 463480273
4375603967744803132,495255645 463480497 463480322 463480242 463480553 463480493
4376633766905118997,463480255 463480227 489753829 463480226 489734604 463480464
4377870910384767112,463480342 463480497 463480322 463480242 463480553 463480493
4378259449628852382,463480439 495369801 495277303 495404035 495370340 463480359
4378490404087005287,495493530 463480653 463480213 463480655 463480235 495493336
4378601669655789741,463480699 463480213 463480491 495493336 463480379 463480683
4378806165197291607,495253324 495256593 495256039 463480322 495253660 463480694
4379470042569113607,495267299 495266964 495512072 495512445 495512115 463480698
4379682326195470521,495260496 463480227 489753829 463480226 463480255 489734604
4380460620295176351,1526105009 463480497 463480322 463480242 463480553 463480493
4380490512479027207,495512115 463480698 463480436 495402254 495402022 495402010
4381465339093844011,1228501633 489753829 463480493 463480226 463480346 463480213
4382349230665367722,463480486 463480227 489753829 463480226 463480255 489734604
4382385630610981132,495506738 463480436 495256039 463480379 495403168 495507034
4383052739198845112,489753829 463480227 463480464 463480677 463480697 495400618
4383125156388405575,495402254 495402010 495402176 495402022 495402258 495401997
4383179219911835684,495400385 495400043 495399700 495400314 495399912 463480227
4383658778131169517,463480359 463480497 463480322 463480242 463480553 463480493
4384864182005137412,463480346 463480483 463480359 495404000 495403990 463480350
4385042881417838606,463480484 463480227 489753829 463480226 463480255 489734604
4387184601007915210,495402176 495277614 463480225 463480497 463480679 463480346
4387236923429879846,463480466 463480483 495403982 495403990 495404000 463480350
4387240008937111870,463480697 463480227 489753829 463480226 463480255 489734604
4387685849876660477,495369131 495369801 495277303 495404035 463480439 495370340
4388663313376739661,463480466 463480227 489753829 463480226 463480255 489734604
4388738357189411085,489753829 463480467 495366540 463480240 463480697 489734604
4388781553833214189,463480539 463480213 463480214 463480691 463480235 463480457
4389801182009229363,463480429 463480225 463480224 463480223 495277614 463480481
4390133965831274684,463480467 463480227 489753829 463480226 463480255 489734604
4396507937728102669,495252594 463480497 463480322 463480242 463480553 463480493
4397690723034988884,463480320 463480465 463480256 463480464 463480255 495369801
4398383232512164178,463480342 463480695 463480679 463480497 463480322 463480242
4398517390279180566,495519129 463480212 463480670 463480211 463480452 463480639
4400213036564480123,495519129 463480429 463480223 463480481 463480224 463480665
4400581130689708205,463480470 463480346 463480483 463480359 495404000 495403990
4400945629398564880,463480225 463480497 463480679 463480346 495400618 495399934
4400974414912422067,463480213 463480235 463480665 463480214 463480653 463480457
4401079453049421921,463480695 463480497 463480322 463480242 463480553 463480493
4401534918318883096,463480553 463480497 463480322 463480242 463480493 463480221
4401689582357184694,463480255 463480227 489753829 463480226 489734604 463480464
4401693087905611825,463480497 463480322 463480242 463480553 463480493 463480221
4401993503615746149,463480255 463480482 495400385 463480240 495399719 495399934
4402203117905248508,463480695 463480273 463480497 463480242 463480342 463480493
4402326623442174269,463480240 463480471 463480472 463480694 463480693 463480553
4402469736270266507,495493530 463480235 463480453 463480691 495493336 463480214
4402507249698209975,463480359 463480472 463480226 463480658 463480237 463480493
4402744484549099763,463480322 463480679 463480693 463480242 463480342 463480497
4402847336690090021,463480464 463480227 489753829 463480226 463480255 489734604
4402950312202600764,463480225 463480346 495400618 495399934 495528224 495528684
4403052349688905859,463480213 463480497 463480322 463480242 463480553 463480493
4403382497571766469,463480475 463480472 463480226 463480658 463480237 463480493
4404461392227729721,463480693 463480466 495399912 495399934 495400631 489734604
4405514514041143612,495399934 495528224 495528684 495400618 463480225 495277614
4405991850463199283,489753829 463480227 463480464 463480677 463480697 495400618
4406099761212948496,495400618 463480225 495277614 463480358 495401665 495399820
4406142231406706976,463480221 463480553 463480273 463480543 495260496 463480226
4407057457412571311,463480227 489753829 463480226 463480255 489734604 463480464
4407275895457841468,463480225 495277614 463480358 495400618 495401665 495399820
4407556757410021482,463480471 463480227 489753829 463480226 463480255 489734604
4407565754083311863,495366540 463480497 463480322 463480242 463480553 463480493
4409011804353855759,463480320 463480227 489753829 463480226 463480255 489734604
4409149511222951970,1526105009 463480322 463480553 463480693 495251312 495251659
4409234720424984836,489753829 463480677 495400431 489734604 463480255 463480697
4409327490946564182,463480553 463480497 463480322 463480242 463480493 463480221
4409556015730655433,463480497 495259045 463480221 463480322 463480543 463480273
4409690030892646681,463480255 495400618 495277303 495277184 495277192 495277293
4410380961640874039,1228501633 463480227 489753829 463480226 463480255 489734604
4410801997834354763,495399700 463480227 489753829 463480226 463480255 489734604
4410893360772677778,463480227 489753829 463480226 463480255 489734604 463480464
4411654318174503244,463480273 463480497 463480322 463480242 463480553 463480493
4412711919308767566,463480509 463480514 463480472 463480226 495264803 495404000
4413269057868136625,495404000 463480227 463480429.0 463480493.0 463480693.0 495400618.0
4414379970008449298,463480689 463480553 463480693 463480497 495251312 463480242
4414960055902797825,463480227 495404008 495403990 495403982 463480346 463480483
4416685695266979913,495404029 495266983 495277293 495265868 495267299 495266185
4416958612804730912,463480493 463480665 463480235 495366540 463480658 463480213
4420137954157003061,495401664 495400939 463480227 463480342 463480255 463480256
4421988776426602762,495403143 463480689 463480553 463480694 463480693 1526098025
4423454955465867526,495400618 495253324 495461626 495259045 495256039 495400624
4423521682744672587,463480691 495493945 463480235 463480213 463480665 463480214
4423538267878588489,495404029 495266983 495277293 463480429.0 463480493.0 463480693.0
4423993381791203401,495403982 495403990 495404000 495404008 495404012 463480346
4424364661327265971,463480240 463480227 489753829 463480226 463480255 489734604
4424404840369094690,463480240 463480658 463480486 463480473 495400635 463480471
4424449674792927385,495277184 495277303 495277192 495277293 495369801 463480322
4424522187580637348,495256039 495259045 495400624 495400635 463480225 495277614
4424569687120019509,489734604 463480255 463480256 463480465 463480464 463480468
4424715606375268438,495399820 463480486 463480493 463480240 463480226 463480658
4425656322232680726,463480472 463480486 463480259 463480453 463480227 489753829
4425733330712133685,495400635 495399719 463480466 463480467 463480553 463480693
4426361424943251745,495400618 495401665 495399820 495277614 489734604 463480699
4426723297891975412,463480553 463480497 463480322 463480242 463480493 463480221
4426740390722535502,463480256 489753829 463480539 495253324 495400618 463480553
4427167843621011729,463480553 463480497 463480322 463480242 463480493 463480221
4428170216694088024,463480652 463480670 463480452 463480429.0 463480493.0 463480693.0
4428756439663116596,463480226 463480473 463480477 463480472 463480658 463480227
4429397523953615115,463480446 463480429.0 463480493.0 463480693.0 495400618.0 463480497.0
4431131645633364241,495277614 463480429 463480223 463480481 463480224 463480665
4431932349650042996,463480255 495253324 489753829 495258252 463480227 463480487
4432038910065377362,495399700 495399696 495399934 495399912 495400043 463480539
4432109201051615234,495402340 495370340 495277184 495493336 495402871 495402608
4432119075430727981,463480539 495253324 489753829 495400618 463480553 463480379
4433133990569836696,463480228 463480372 463480231 463480447 463480446 463480698
4434542963540099300,463480677 463480256 463480483 463480539 489734604 463480255
4435650999240360047,463480553 463480497 463480322 463480242 463480493 463480221
4435858075743158484,1526105009 463480694 495256039 463480322 463480689 463480497
4435871568448454764,463480342 463480497 463480322 463480242 463480553 463480493
4442656455868285026,463480255 463480227 489753829 463480226 489734604 463480464
4443546890970333428,463480214 463480213 463480691 463480235 463480457 463480359
4443623981496664365,495399696 495399934 495400043 489753829 463480255 463480256
4444870507612078171,489753829 463480697 463480539 463480227 463480256 463480464
4445198784986874169,463480553 463480497 463480694 495252594 495251659 495251097
4445350786363031864,463480255 463480227 489753829 463480226 489734604 463480464
4445606436032217280,495401664 463480359 463480543 463480493 463480355 463480356
4445946332745302180,463480553 463480693 463480379 495400618 463480226 463480487
4445996074287759382,463480497 463480679 463480322 463480242 463480553 463480493
4446219131422244880,495400618 489734604 463480699 463480693 495402340 495402254
4446287792852435067,489734604 495400618 463480466 495399912 495399934 495400631
4446587707204567302,495400635 495263729 495401146 463480379 463480693 463480242
4447018758482428107,463480539 463480227 489753829 463480226 463480255 489734604
4447565651426935073,495512588 495402022 463480504 495402176 495402340 463480359
4447747941580931232,495254783 463480477 495255157 495264589 463480227 489753829
4447826471268647197,463480355 463480359 463480356 463480358 495400939 495401665
4448108651182817508,463480255 495399934 463480539 495400618 489753829 463480227
4448159007613124702,463480242 463480322 463480342 463480497 463480553 463480563
4448294198673146019,495400618 463480697 463480464 463480256 463480677 463480227
4448524419227975829,463480242 463480322 463480221 463480497 463480679 463480641
4448576682670686443,495400618 463480379 463480553 463480693 463480322 463480694
4448581648591618275,1228501633 463480227 489753829 463480226 463480255 489734604
4448731977231368359,463480339 463480337 463480336 495403432 463480604 495521342
4449125224276820220,463480467 463480447 463480466 463480227 463480464 463480446
4449192146263080974,463480504 495514895 495399934 495400618 463480553 463480683
4449271184140795920,495402340 463480359 463480355 495277202 495402176 495276570
4449997183446679615,495251312 463480497 463480322 463480242 463480553 463480493
4450504521416442175,463480697 463480464 463480539 463480497 463480322 463480242
4450526057196421430,463480553 463480693 463480683 495403168 495403326 463480407
4450616793918341382,463480225 495277614 1231113729 495276570 463480553 495257134
4450626769296556127,463480543 495260496 463480226 463480221 463480493 495255157
4450657651726745916,495277202 495402176 495276570 463480436 463480689 463480694
4450779535039266830,463480539 463480255 495399934 495400618 463480697 489734604
4450795118506278978,463480466 463480227 463480465 463480539 463480255 463480320
4450926081039663244,495399934 495400618 463480553 463480683 463480694 495259045
4451131636426735897,495277202 495277184 495277303 495277192 495265868 463480381
4451494360495685772,495399934 463480553 463480683 463480694 495259045 463480225
4451551940758995253,463480497 463480322 463480694 495253660 495251312 463480242
4451904992977092688,463480697 463480539 463480464 463480256 463480255 463480466
4452589996484067376,495402254 495261546 489734604 495521342 463480322 495461626
4453472135705001997,463480214 463480235 463480486 463480213 463480472 463480227
4453955109751882051,495276570 463480396 495370340 463480391 463480506 495403326
4454112502176022798,489753829 463480227 463480464 463480256 463480539 463480697
4454334747568505120,463480468 463480447 463480475 463480472 463480486 463480476
4455110561621606622,463480436 463480689 463480694 495512115 495403210 463480213
4455318030476640329,463480691 463480235 463480213 463480214 463480457 463480359
4457404201370124583,463480484 463480392 463480374 495401665 463480497 495797024
4457821955841327275,495264479 463480497 463480322 463480242 463480553 463480493
4458058223814443012,463480452 463480652 463480670 463480429 463480210 463480224
4460546290837094461,463480465 495400618 463480429.0 463480493.0 463480693.0 463480497.0
4461520588491456767,463480475 463480227 489753829 463480226 463480255 489734604
4461959284467433810,495400618 463480355 463480356 495401665 463480358 495401146
4465386922203939149,489753829 463480677 463480465 463480497 489734604 463480697
4467272380083601461,463480227 463480464 463480697 463480255 489753829 489734604
4468348869685805219,463480493 463480240 463480472 463480465 463480476 463480227
4468423280935567415,463480464 463480227 463480346 495399700 489753829 463480226
4468691494979240197,463480689 463480679 463480543 495400631 495400618 495399934
4468767102740725880,463480679 463480429.0 463480493.0 463480693.0 495400618.0 463480497.0
4469161976789467199,463480255 463480697 495399719 463480464 489753829 463480227
4469284168239677544,495277303 489753829 463480466 463480471 463480465 463480227
4469285850260176909,463480235 463480213 463480472 463480214 463480691 463480658
4469292489224486982,463480543 495260496 463480221 463480226 495255157 463480493
4469353445859786938,495402022 463480337 463480429.0 463480493.0 463480693.0 495400618.0
4469635011832709222,495264803 463480227 489753829 463480226 463480255 489734604
4470307147356045557,463480497 463480694 463480322 463480242 463480553 463480493
4470344269367345371,463480465 463480497 463480227 489753829 463480226 463480255
4470479247293284471,463480322 463480225 495400618 495253324 463480683 495403408
4470591120121790655,463480497 463480322 463480242 463480553 463480493 463480221
4470668266010837043,495277192 495277293 495277303 495277184 495369801 463480322
4471592285694066910,463480689 463480694 495512115 495403210 463480213 463480691
4471756269754777746,463480689 463480497 463480322 463480242 463480553 463480493
4471911454895505707,463480689 463480497 463480322 463480242 463480553 463480493
4472356781511671927,463480699 463480362 463480691 495400618 463480694 495252594
4472381912883921218,463480539 463480227 489753829 463480226 463480255 489734604
4472635703162306652,463480694 463480322 495253660 463480497 495251312 463480242
4473028759319478387,463480465 463480468 463480471 463480227 489753829 463480226
4473363656749089101,489753829 463480227 463480226 463480255 489734604 463480464
4473387501081329849,463480225 463480429 463480481 495277589 495277605 495277614
4474011818323083515,463480693 463480213 463480493 495369131 463480339 463480336
4474059152587227279,463480689 463480683 463480697 495400618 463480693 463480227
4475168119378936024,463480539 463480227 489753829 463480226 463480255 489734604
4475264601012043924,463480358 463480355 463480356 463480359 463480429.0 463480493.0
4475435589613912171,463480465 463480482 463480237 463480227 463480255 463480256
4476023545286623287,463480221 463480273 463480696 495254783 495255157 495264589
4476060579715088693,495401138 489753829 463480539 463480256 463480227 463480464
4476063024443818185,495261546 489734604 495521342 463480322 495461626 495277202
4476190402310570037,495403408 495253660 463480697 495251097 495252594 463480553
4476971056787095841,495399719 495400043 495399934 495400618 489753829 463480539
4477258486377349195,495264235 463480481 463480210 495368107 463480457 463480429
4477610098792333640,463480477 495404000 463480658 463480486 463480473 463480240
4477641537500479625,463480466 463480227 489753829 463480226 463480255 489734604
4478888511558123790,1228501633 495400939 495401664 463480665 495401138 495493945
4479068610265612293,463480486 463480473 463480346 463480677 463480464 1228501633
4479150880747945989,463480694 463480322 463480497 495251312 463480242 495253660
4479779912947073379,463480227 489753829 463480226 463480255 489734604 463480464
4479970536659615879,463480482 463480255 495400385 495399719 463480240 495399934
4480096059681669426,495277614 463480429 463480225 463480224 463480223 463480481
4481817248684834855,463480227 463480240 463480472 463480476 463480465 463480464
4482314284551110717,463480453 463480214 463480213 463480691 495404000 463480259
4484153110698656091,463480429 463480210 463480225 495276951 495400939 495400618
4484557390545158324,489753829 463480227 463480226 463480255 489734604 463480464
4486547162131333310,463480468 463480227 489753829 463480226 463480255 489734604
4486943119379005766,495251097 463480235 463480497 463480322 463480242 463480553
4488643722399187231,495400618 463480227 489753829 463480226 463480255 489734604
4489194438988398888,463480468 1228501633 463480677 495403990 463480255 463480256
4489275710184620328,463480468 1228501633 463480677 495403990 463480429.0 463480493.0
4489622921675014323,463480372 463480359 463480350 495404012 463480346 463480483
4490442882432106572,463480212 495260496 463480493 463480221 463480543 495254783
4490588368955506938,463480226 463480227 463480255 463480256 489734604 463480465
4490598449066541360,1228501633 463480227 463480236 463480466 463480482 463480468
4490877144174690637,495253660 463480553 463480322 463480497 463480694 495251312
4491383869661249879,463480487 463480227 489753829 463480226 463480255 489734604
4491421564936913157,463480322 463480473 463480482 495403432 495403354 495366540
4491553517041090651,463480553 495250885 495251312 495255645 463480694 495254138
4491863080362574064,463480563 463480694 495251312 1526105009 463480553 495256039
4492435967193120927,495252594 463480693 463480225 495400618 463480322 495251312
4492513777497145362,463480464 489753829 489734604 463480697 463480255 463480466
4492647593923575894,463480242 463480543 463480221 495260496 463480226 495255157
4492786797911998814,463480359 495401664 495400939 463480665 463480224 463480493
4492882776990941318,463480472 463480227 489753829 463480226 463480255 489734604
4492924658351079472,463480553 495256039 463480693 463480322 463480497 495251312
4493122774264185179,463480359 463480355 463480356 463480358 495400939 495401665
4493569377212825715,463480658 463480477 495400939 463480679 463480497 495251659
4494593942053192035,463480224 463480429 463480225 463480481 463480223 463480210
4494771242559340633,463480457 463480453 463480655 495493336 463480235 463480228
4495138315875123296,463480337 463480339 495366540 463480696 463480604 463480336
4495205714607997118,489734604 495521342 463480322 495461626 495277202 463480693
4495462736921624719,495366540 495251659 495251097 463480693 495400618 495401664
4495473576346648602,495277184 463480392 463480423 495797024 463480408 463480404
4495905496476942545,495366540 463480337 463480696 463480362 463480693 495264005
4496232515452796972,495399934 495400618 463480697 495400631 495399700 495400155
4497022895741993089,495797024 463480408 463480404 463480423 463480425 463480389
4497212311070572839,463480457 495403982 495404000 495404012 463480483 463480489
4497465657609420872,463480359 495493945 463480355 463480358 463480665 495401138
4497478178730410174,495276976 463480210 463480457 463480491 463480665 463480452
4497581926015566093,495252594 463480693 463480497 463480322 463480242 463480553
4497774331690221576,463480658 495400939 463480679 463480497 495251659 463480486
4498147290001702989,463480465 463480227 489753829 463480226 463480255 489734604
4498537667806888204,495251659 495251097 463480693 495400618 495401664 495256039
4499067548996468895,463480497 463480322 463480242 463480553 463480493 463480221
4499486162216550411,463480322 495461626 495277202 463480693 495264005 463480350
4500559916602228849,463480429 463480359 463480665 463480223 463480553 494343225
4501071118786363646,463480359 463480665 495401146 463480356 463480355 495400939
4501156516819894620,463480539 463480227 489753829 463480226 463480255 489734604
4501451186559254548,463480322 1526105009 463480543 463480553 495400474 463480342
4501585799093682453,463480255 463480464 463480256 463480539 463480697 489753829
4503771372850774335,495402312 489734604 463480255 463480256 494343225 463480465
4506313280220561629,495255645 463480497 463480322 463480242 463480553 463480493
4513269633215103307,495404000 463480472 463480346 463480464 489753829 463480227
4513881205511553128,495400618 495401664 495256039 463480429 463480225 495277614
4514421555920896313,495255645 463480497 463480322 463480242 463480553 463480493
4514609819150450725,495250885 463480322 495253660 495252594 495255645 463480553
4514828038189613221,495252594 495253660 495401664 495400618 495251097 495253324
4515545125021548569,463480677 1228501633 489734604 489753829 463480464 463480227
4515577939784892725,495264479 463480696 495254783 495255157 495264589 495257134
4515841500758933601,463480696 495400618 463480513 463480514 463480699 495512072
4515960711037321338,495461626 495277202 463480693 495264005 463480350 495251097
4515980036530503948,495401664 495256039 495400618 463480429 463480225 495277614
4516729309082943674,495251312 463480497 463480322 463480242 463480553 463480493
4516793842981666842,495400618 489753829 489734604 463480697 463480464 463480255
4517333694413275244,495256039 495400618 1228501633 463480362 495251097 463480242
4517379541388230758,495251097 495253324 463480699 463480514 495512115 495401665
4519083257933070456,463480212 463480493 463480543 495260496 463480221 463480226
4519220452224401644,495261776 495277614 463480358 495403354 495400612 495461626
4519560504342741086,463480225 463480514 463480693 495252594 463480468 495400618
4519764387889414417,495277202 463480693 495264005 463480350 495251097 495400939
4519776212011188500,495370340 463480358 495401665 495512115 495512445 495512072
4519953520596877447,495401665 495277303 463480693 495400939 463480225 495277614
4520191930657931574,1228501633 463480362 495251097 489734604 463480242 463480452
4520526229394423869,463480475 463480677 1228501633 463480493 463480227 463480471
4520949834783654155,463480693 495252594 463480694 495251659 495251097 495263416
4521140091898822888,495252594 463480468 495400618 463480346 463480465 495490760
4521273493787246619,463480226 463480227 489753829 463480255 489734604 463480464
4521979155804848360,463480468 495400618 463480346 463480465 495490760 463480694
4522170522293239827,495400618 463480468 463480227 463480236 463480466 463480482
4522231692884443452,495461626 495400612 495253324 463480359 495250885 495277303
4522329361854496812,1228501633 463480359 489753829 463480259 495490943 495277192
4523163153799053337,463480697 463480227 489753829 463480226 463480255 489734604
4523678752506904882,463480242 463480322 463480497 495256039 1526098025 1526105009
4523772061838475577,463480256 463480227 489753829 463480226 463480255 489734604
4524119534841888977,463480543 463480221 463480493 495260496 463480226 495255157
4524590315248288049,463480464 489753829 463480227 463480539 489734604 463480466
4524687471400976444,463480322 1526098025 463480693 495251312 495255645 463480553
4525519739721351487,489734604 463480381 463480228 495277303 495369801 495277184
4526420763280670955,495265942 463480381 463480228 495277303 495369801 495277184
4526481199164817411,463480464 1228501633 463480255 463480256 489734604 463480465
4527276835325870388,463480226 463480227 463480236 463480482 463480466 463480468
4529744278884188315,463480227 489753829 463480226 463480255 489734604 463480464
4529821540015931551,495251312 463480235 463480497 463480322 463480242 463480553
4532737388189057123,463480226 463480429.0 463480493.0 463480693.0 495400618.0 463480497.0
4533276711880753332,495400474 463480255 463480465 463480464 463480539 463480320
4535699950832189605,463480256 463480227 489753829 463480226 463480255 489734604
4535852714270392531,495256039 463480694 495251659 495251312 495261776 463480497
4536419560796192883,463480697 463480227 489753829 463480226 463480255 489734604
4536629704775434348,495404012 463480350 463480346 463480483 495253324 463480691
4536677578101227743,463480486 495492744 463480213 463480453 463480259 463480405
4536750172009136272,495490760 495400618 463480694 495403354 463480691 463480699
4537155121532108952,463480255 463480227 489753829 463480226 489734604 463480464
4537359585402683413,495404008 495404012 495404000 495403990 463480346 463480483
4537393988704665832,495403354 463480694 463480691 463480693 463480699 495253660
4537886013563600936,463480221 463480497 463480322 463480242 463480553 463480493
4537893672613576843,1526098025 463480273 463480497 463480242 463480342 463480322
4538393701721309292,463480346 495264479 495403354 495276976 495264005 463480317
4538725029558354138,463480691 463480214 463480213 463480235 463480457 463480359
4538827537270964368,463480691 463480693 463480699 463480694 495253660 495253324
4538890489942769689,495277202 495403354 495277192 463480683 495403168 495403163
4539027971719561330,463480677 463480429.0 463480493.0 463480693.0 495400618.0 463480497.0
4539152883939803203,463480679 463480497 463480322 463480242 463480553 463480493
4539154147650830354,463480493 463480221 495260496 463480214 463480226 463480227
4539954710690136325,463480429 463480225 463480224 463480223 495277614 463480481
4540355412066566461,495264479 495403354 495276976 495264005 463480317 495400618
4540523028497039434,463480677 463480468 495403990 463480227 489753829 463480226
4540817315793993882,495401146 495401664 463480359 495401665 463480358 463480356
4541658387288424556,495403354 495276976 495264005 463480317 495400618 463480694
4541901466808615020,463480489 463480336 495403982 463480346 463480483 495404008
4542241220301946945,463480486 495260496 495399934 495399700 463480493 463480543
4542301611368382572,495276976 495264005 463480317 495400618 463480694 463480225
4542775713916518665,463480693 495264005 463480350 495251097 495400939 495277184
4543450859507286166,495493945 463480683 463480699 463480589 463480374 463480356
4543966187156668573,463480693 463480497 463480322 463480242 463480553 463480493
4544303234574975084,495264005 463480317 495400618 463480694 463480225 495277614
4544409336309350441,495488569 495367696 495369958 463480493 463480465 463480677
4544514727782383727,463480679 463480497 463480322 463480242 463480553 463480493
4544597936350167219,495401664 495400939 463480665 495401138 463480358 463480355
4544836140098912298,1228501633 463480227 489753829 463480226 463480255 489734604
4544921692368535587,463480475 463480483 463480472 463480486 463480476 463480468
4545039172025975034,495493336 463480213 463480214 463480691 463480235 463480457
4545217042081644845,463480242 463480497 463480322 463480553 463480493 463480221
4545899343294759083,463480473 495493945 463480226 463480227 489753829 463480255
4546939652553572564,463480227 489753829 463480226 463480255 489734604 463480464
4548322727147339825,463480539 495399934 495399700 489753829 463480677 463480256
4549593256203387151,463480346 463480677 1228501633 463480493 463480227 463480471
4556543492660133927,495277184 495402176 495402268 495402179 495402254 495277303
4558337651521093890,495490943 463480683 495403296 495491082 463480381 495266964
4558904674075017514,463480226 463480213 463480214 463480691 463480235 463480457
4559940529353916524,495265868 495265949 495266983 495251659 463480231 495363656
4560166292851785805,1231113729 463480698 495363656 463480231 463480677 463480464
4560325449762996350,489753829 495400618 463480227 463480226 463480255 489734604
4560473138593530168,463480493 463480213 463480214 463480691 463480235 463480457
4560553663874203687,463480695 463480497 463480322 463480242 463480553 463480493
4560598617591119993,463480497 463480322 463480242 463480553 463480493 463480221
4560743910943228208,495251097 495251659 463480694 463480693 495253324 463480553
4560919340777472197,463480231 463480698 495363656 463480447 463480446 463480697
4561633017864650874,495401146 463480693 495401665 495400635 495251097 463480225
4561636018417828112,463480679 463480497 463480322 463480242 463480553 463480493
4561787325005693041,463480563 463480693 495251659 495251312 495261776 463480497
4561845511506624706,463480693 495400939 463480225 495277614 495251097 463480689
4562233113872433305,463480421 463480418 495369958 495368385 463480420 463480422
4562325361536794776,495264479 495370340 463480213 463480691 494343225 495369801
4562685486110081047,463480425 463480355 463480214 495370340 463480509 463480423
4563575634538004763,495255340 463480242 495264774 463480322 463480553 463480693
4563755263479513299,463480392 463480389 463480684 495370340 463480429 463480224
4563927812914282761,463480227 463480466 463480255 463480256 489734604 463480465
4564271958199632036,495277192 495277303 463480227 489753829 463480226 463480255
4564340676965695514,463480226 495399966 495400635 463480240 463480472 463480465
4564507143443579011,463480359 463480358 463480355 463480356 495400939 495401665
4564522444007932221,495400635 463480693 495251097 463480225 495400618 463480336
4566699706936721676,463480691 463480346 463480483 463480489 463480213 463480235
4566907785117172028,463480553 463480497 463480322 463480242 463480493 463480221
4568148587023695966,463480487 463480471 489753829 463480466 463480465 489734604
4568328169345253648,463480273 463480221 463480259 463480213 463480228 495532793
4569938568439136432,495402258 495264589 495402268 495402022 495401995 495402010
4570659157580972105,463480484 463480392 463480389 463480684 495370340 463480429
4571493523167641707,463480242 495253660 463480322 463480342 463480679 463480497
4572498018831696072,495399719 495399912 495400635 463480475 463480473 463480227
4577974301026156811,463480486 463480658 463480477 463480677 463480240 463480471
4578062303471337714,463480226 463480429.0 463480493.0 463480693.0 495400618.0 463480497.0
4580649667385098427,463480464 489753829 463480227 463480226 463480255 489734604
4580835915277271302,495400618 495400155 495400431 1228501633 495369801 495277303
4582088829795041359,463480468 463480553 463480699 495400618 495251097 489734604
4582107522484404316,463480543 463480227 489753829 463480226 463480255 489734604
4582135552192544937,489753829 463480464 463480227 463480226 463480255 489734604
4583101658504102144,495251097 463480225 495400618 463480336 463480337 495400939
4583273213137780792,495400431 495400155 495400618 495399912 495400576 495399934
4583494938173374778,495277303 463480487 463480381 463480228 495369801 495277184
4583505234800410771,463480255 463480227 489753829 463480226 489734604 463480464
4585070809547014266,463480225 495400618 463480336 463480337 495400939 495251659
4585151601895014575,463480211 463480457 463480210 463480339 463480336 463480653
4585875371635507344,463480468 463480699 495400618 495251097 489734604 463480225
4586438251139301497,463480227 489753829 463480226 463480255 489734604 463480464
4586459744264257836,463480466 463480470 463480255 463480227 489753829 463480226
4586934200390910031,463480699 495400618 495251097 489734604 463480225 495277614
4586956672856490326,463480691 463480213 463480214 463480235 463480457 463480359
4586964224101056517,463480240 463480227 489753829 463480226 463480255 489734604
4587025645676265598,463480226 463480227 489753829 463480255 489734604 463480464
4587069405161586973,1526098025 463480497 463480322 463480242 463480553 463480493
4587476870779896027,463480677 463480227 489753829 463480226 463480255 489734604
4588269534450286638,495277184 495277303 495277192 495277293 495369801 463480322
4588579346109169693,495400618 463480227 489753829 463480226 463480255 489734604
4588628747018567824,495400618 495251097 489734604 463480225 495277614 463480240
4588640621639761950,495400618 463480227 489753829 463480226 463480255 489734604
4588751898835157100,495400618 463480336 463480337 495400939 495251659 463480693
4588814902467756198,489734604 463480468 489753829 495400314 495400474 495400618
4589118892403065172,463480697 463480227 489753829 463480226 463480255 489734604
4589219354964918466,495251097 495263729 495256039 463480553 1526105009 495264774
4589359586137604304,463480468 489753829 495400314 495400474 495400618 489734604
4589420571151040744,489734604 495400618 495251097 463480225 495277614 463480240
4589806315733254166,463480227 489734604 463480256 463480255 463480465 463480464
4589823289879429300,463480256 463480227 463480464 463480539 463480237 463480697
4592317497751371932,463480699 463480356 463480683 463480589 463480374 463480379
4592779875357032505,495260496 463480429 463480225 463480224 463480223 495277614
4592796703277449524,463480224 463480493 463480429 463480225 463480227 489753829
4592823135848104107,463480221 463480497 463480322 463480242 463480553 463480493
4592875747909304562,495403699 463480429.0 463480493.0 463480693.0 495400618.0 463480497.0
4593110808341774590,463480227 489753829 463480226 463480255 489734604 463480464
4593116498571821318,495401146 463480356 463480484 495401665 463480355 495401664
4593364334154350767,463480356 495401665 463480355 463480358 495401146 463480683
4596059776814678068,463480553 463480226 495461626 463480322 463480497 463480694
4603206098802180230,463480240 495404000 463480226 463480472 463480476 463480465
4603247862531227842,463480472 463480227 489753829 463480226 463480255 489734604
4603475299075358923,495276925 463480392 463480389 463480684 495370340 463480429
4604445839160770639,463480240 495400618 463480225 463480337 495277614 463480242
4604493884955295783,463480225 463480429 495276951 495277614 495400939 495400618
4605196261693587546,463480221 463480497 463480322 463480242 463480553 463480493
4605251837723934828,463480337 495400939 495251659 463480693 495399719 495400635
4605300932521492729,463480337 463480429.0 463480493.0 463480693.0 495400618.0 463480497.0
4605803193923797224,495400618 463480429.0 463480493.0 463480693.0 463480497.0 463480227.0
4605761005514391730,463480543 463480493 463480226 463480346 463480213 463480210
4605768892710387791,495400618 463480337 463480225 495277614 463480242 495264803
4605996030706581759,495403432 463480683 463480699 463480497 495403163 495403408
4606167733730279546,463480346 495402312 495402322 463480225 495277184 495401664
4606328977234853978,463480227 489753829 463480226 463480255 489734604 463480464
4606337822039212109,463480359 495404000 463480691 463480429.0 463480493.0 463480693.0
4606414511725084913,495399696 463480227 489753829 463480226 463480255 489734604
4606517160115699836,463480497 495254783 463480679 463480693 495251097 495259045
4606634152775647311,495400618 463480225 495277614 463480242 495264803 463480221
4606903841897316400,495493336 463480213 495400314 495519119 495519088 463480429
4607099280824729822,463480697 463480256 463480464 463480255 463480466 463480227
4608197443476258940,463480679 463480322 463480689 463480221 463480342 463480553
4608603290539393177,463480470 463480488 463480487 463480236 463480464 463480677
4609145030231457871,463480221 463480225 495277614 463480346 463480322 463480694
4609735542946398342,463480336 495365549 495363988 463480698 463480493 463480242
4609799626609655916,463480225 495277184 495402312 495401664 463480691 1526105009
4610476401957536000,463480225 495402312 495401664 463480691 1526105009 1526098025
4610528436604371088,463480346 463480694 463480322 495252594 463480493 495261776
4610759023959474478,463480221 495254783 495257134 463480273 463480497 463480493
4611056781088260120,495404029 495488569 495404035 495488603 463480421 463480440
4611577560031297838,495493530 463480212 463480210 495400939 495401664 463480655
4612015916988235811,495403408 495403326 463480374 495401665 495403168 495403165
4612098388237221967,495252594 463480493 495261776 495251097 495251659 463480695
4612408956808069228,495401664 463480691 1526105009 1526098025 495402312 463480457
4613014507984257116,495256989 463480362 463480497 463480322 463480679 463480641
4613296010169942349,463480655 463480453 463480691 463480213 463480235 463480214
4616529512826143016,463480212 463480670 463480210 463480652 463480429 463480219
4617202848836092078,463480497 463480342 463480322 463480242 463480695 463480362
4618390775299571757,463480423 463480408 463480404 463480425 495367870 495797024
4618794144132759571,495401138 463480493 463480226 463480346 463480213 463480210
4622761351008485471,495251659 463480497 463480322 463480242 463480553 463480493
4624333259230937154,463480336 463480396 495521342 463480653 463480213 463480691
4624374468526211129,489734604 463480227 489753829 463480226 463480255 463480464
4625318917100011585,463480497 463480242 463480322 463480641 463480679 463480362
4626358916878434539,463480466 463480227 463480256 463480464 463480539 463480237
4626877687007281377,495251659 495261776 463480695 463480693 463480689 495251097
4627433141127872582,463480471 463480227 489753829 463480226 463480255 489734604
4627442003641368768,463480693 463480689 463480694 495403354 495277614 463480225
4627525501865951489,463480677 463480227 489753829 463480226 463480255 489734604
4627702765180682588,463480255 463480475 463480464 463480256 463480539 463480697
4627753540301357322,463480684 495403354 495366610 495369801 495402312 495369932
4628251352849711403,463480689 495251097 495261776 495399700 463480225 495277614
4628691940942020740,463480689 463480694 495403354 495277614 463480225 495400618
4628709664588038461,495251097 495400939 495277184 495399719 495256039 463480221
4629215105032651039,495251097 495251659 495253324 495251312 463480693 495261776
4629883345253957931,495250885 495256593 463480695 495402322 495264803 495400618
4629949277039231186,463480473 463480475 463480227 489753829 463480226 463480255
4629975502368538811,495277614 463480691 463480224 463480223 463480429 463480210
4630550505091498274,463480359 463480472 463480226 463480658 463480677 463480493
4630575174631555324,495250885 463480342 1526105009 495252594 463480322 463480679
4630635852328337608,463480355 463480359 463480356 463480358 495400939 495401665
4630874347143692593,495401664 463480235 463480213 463480665 463480214 463480653
4631413189988319433,463480658 463480679 463480497 495251659 463480429.0 463480493.0
4631551205633949966,463480242 463480497 463480322 463480553 463480493 463480221
4631789512433336508,1228501633 463480227 489753829 463480226 463480255 489734604
4632235600171499706,463480457 463480210 463480339 463480336 463480429.0 463480493.0
4632529672035369160,463480359 463480355 463480356 463480358 495400939 495401665
4632644897204076719,463480255 463480227 489753829 463480226 489734604 463480464
4632717559472586955,463480497 463480322 463480242 463480553 463480493 463480221
4632734075283833041,463480423 463480425 495369932 463480493 463480226 463480346
4633052428891062507,489753829 463480227 463480226 463480255 489734604 463480464
4633488313546178767,495366610 463480336 463480429.0 463480493.0 463480693.0 495400618.0
4633783312375087354,463480255 463480227 489753829 463480226 489734604 463480464
4633963012172284175,495369932 463480425 495506738 495368107 495367870 495370340
4634065665685979374,463480417 495400618 495277614 495277184 495251097 463480225
4634158754823405773,463480677 1228501633 463480493 463480227 463480471 463480543
4634429917421633885,463480472 463480493 463480474 463480476 463480213 463480214
4634714721565802795,495400618 463480225 495277614 1526098025 463480221 495255157
4635130563408691261,495277614 463480225 463480223 463480429 463480224 463480481
4635144257507950870,495400618 463480697 463480464 463480227 463480256 463480539
4635160539250819387,1228501633 463480227 489753829 463480226 463480255 489734604
4635434028073746586,495277614 495277184 495251097 463480225 495400314 463480543
4635516053379088712,463480256 495400618 489734604 463480468 463480488 463480236
4635556585661792577,463480362 463480693 495264005 495250885 463480555 495264774
4635855648061129009,463480484 463480677 463480355 495401665 463480359 495401146
4636016179008503936,463480652 463480429.0 463480493.0 463480693.0 495400618.0 463480497.0
4636032768996802697,463480221 463480497 463480322 463480242 463480553 463480493
4636057542814073155,463480273 463480497 463480242 463480342 463480322 463480493
4636133332616479016,463480698 463480429 463480225 463480224 463480223 495277614
4636238427814363441,463480693 495250885 463480497 463480322 463480242 463480553
4637373278213111860,463480464 463480467 463480539 463480320 463480255 463480256
4637418273938604280,463480225 495277614 463480429 463480224 463480223 463480481
4637832057486835929,495252594 495256039 463480693 463480553 495251312 495251659
4640360022079176883,463480696 463480446 463480447 1228501633 463480493 463480359
4642572484459364417,463480695 463480497 463480322 463480242 463480553 463480493
4645787253789163730,463480493 463480379 463480497 463480322 463480242 463480553
4646808234663346394,495400385 495400474 495400314 495400618 495399912 1228501633
4647520068235166008,495277303 495369801 495404035 463480439 495370340 463480359
4648001563468497100,463480359 463480355 463480356 463480358 495400939 495401665
4649147701883044170,463480226 463480487 463480227 463480539 463480256 489753829
4649182204590031137,463480452 463480213 463480214 463480691 463480235 463480457
4649467296573292816,1526098025 463480497 463480322 463480242 463480553 463480493
4649770521057820842,495251659 463480693 495400618 489734604 463480322 495399696
4649973727443026131,463480493 463480457 463480691 463480235 463480653 463480226
4649990736532996176,495400618 463480404 463480242 463480693 463480342 463480699
4650362617011634236,463480362 463480497 463480322 463480242 463480553 463480493
4650665900246302761,1526105009 495250885 463480497 463480242 463480679 463480553
4650795430160105626,495251097 463480225 495400314 463480543 463480696 495255157
4650855201807007892,463480240 463480227 489753829 463480226 463480255 489734604
4651005368378327368,463480342 463480242 463480497 463480693 463480322 463480679
4651517579640176720,463480693 463480342 495400618 463480699 495400431 495264589
4651578428623683702,463480210 495264803 495277614 495254783 463480696 495264479
4652082882844819626,495399912 495399820 463480693 495251097 495261776 495367870
4653052045442154526,463480240 489753829 463480227 463480539 463480464 463480256
4653579288907612385,463480425 495367870 463480423 495506738 495370340 495368107
4653780880979919195,463480497 463480322 463480694 495251312 463480242 495253660
4653799454709645482,495367870 463480240 463480227 495400618 489734604 495399912
4654499165620666683,463480211 463480210 463480359 463480457 463480665 463480212
4654514302373331135,463480467 463480355 463480359 463480356 463480358 495400939
4654991910695862619,495256039 463480221 1526098025 463480689 463480483 495403168
4655116970424271103,495400314 463480225 495251097 463480543 463480696 495255157
4655958891175084232,463480255 489734604 463480227 489753829 463480226 463480464
4656063219029770590,495253324 495251659 1526098025 495255157 495264589 495250885
4656225510338854992,463480273 495264803 495254783 495264589 495255157 463480493
4656272496321101854,495254783 495264803 495264589 463480493 463480497 463480322
4656438191099478178,463480227 463480240 463480465 463480226 463480467 463480487
4656593174563127485,463480223 463480493 463480226 463480346 463480213 463480210
4656718917803704346,495251659 463480689 463480693 1526098025 463480679 463480553
4656877723347320971,463480226 463480476 495363656 463480684 463480231 1231113729
4657205165144932452,463480693 495261776 495251659 495253324 495251312 463480679
4657535745753088228,495255157 495264589 495250885 463480695 463480693 495252594
4657574022568214817,495399700 463480227 489753829 463480226 463480255 489734604
4658077852655943870,463480256 463480255 489734604 463480465 463480464 463480468
4659979582051975244,463480658 463480227 489753829 463480226 463480255 489734604
4660871777074020395,463480457 463480429 463480221 495277614 463480223 463480553
4661951315228229767,463480240 495400939 463480639 495366540 463480359 463480506
4662416181980037224,495461626 463480227 489753829 463480226 463480255 489734604
4662620177434149194,495277293 463480227 489753829 463480226 463480255 489734604
4664202414394179835,463480467 463480346 463480227 463480482 489753829 463480226
4665545493354905658,463480417 495370340 495401895 495401893 463480423 495368385
4670973609105686740,463480350 463480346 463480483 463480489 463480227 489753829
4671623438092468504,463480471 463480466 463480677 463480468 463480464 463480240
4672598240544424150,463480695 495250885 463480693 495252594 463480358 463480359
4672710131941376020,463480221 495264589 463480691 495252594 489753829 463480543
4672973683852312811,463480214 463480213 463480691 463480235 463480457 463480359
4673333568403407103,463480493 495260496 463480214 463480226 463480227 463480543
4673415411730743495,463480221 1526098025 463480689 463480483 495403168 495369932
4673441680842031130,463480273 463480497 463480322 463480242 463480553 463480493
4673464259647635521,495399696 463480227 489753829 463480226 463480255 489734604
4673667159870668929,463480652 463480429 463480225 463480224 463480223 495277614
4674218785131462801,463480358 463480359 463480210 463480225 495277614 495277184
4674262697291022632,463480696 495252594 463480693 463480679 463480356 495401665
4674265944684232797,495277184 463480425 463480322 463480553 463480497 463480342
4674726509867958314,463480691 463480235 463480213 463480665 463480214 463480653
4675167939768877108,489753829 463480259 495490943 495277192 463480699 495400939
4675751837905977523,463480699 463480683 463480589 463480374 463480356 463480379
4676297884437315845,489753829 463480691 463480543 495277184 463480693 495400618
4676304284145156320,495399997 463480677 463480486 463480226 1228501633 463480240
4676651750188122446,495528684 463480683 463480356 495529087 495401665 463480589
4676818388267040862,463480543 463480497 463480322 463480242 463480553 463480493
4676911745855389924,495256039 495252594 463480235 495251659 495277614 463480225
4677110742416359555,463480225 463480210 495277614 463480212 495401138 463480211
4677342935771775168,495277184 463480693 495400618 463480227 495263729 495400576
4677363524682383460,495252594 1526105009 463480342 495250885 463480242 463480322
4677666983853424816,463480255 463480256 489734604 463480465 463480464 463480468
4677941268710686779,463480436 463480497 463480322 463480242 463480553 463480493
4678797912174755912,463480689 463480483 495403168 495369932 495522303 495251312
4679041585121853517,495251659 463480242 463480342 463480497 463480553 463480563
4679157657174540397,463480359 495400939 495401138 463480665 463480355 495401665
4679171832587747333,495400618 463480227 495277184 463480693 495263729 495400576
4679307984270786722,495277614 463480225 495400618 463480694 463480693 1228501633
4679613928561180681,463480359 463480355 463480356 463480358 495400939 495401665
4679794644314226758,463480256 495400618 463480471 463480465 463480539 463480255
4679997779949912311,463480221 463480497 463480322 463480242 463480553 463480493
4679998686778622114,495400618 463480694 463480693 1228501633 463480225 463480457
4680848485181554720,463480465 463480476 463480472 463480467 463480227 489753829
4681479528137359705,495400431 489734604 463480697 463480464 463480255 463480466
4681615245152092437,495366540 463480683 495404035 495403168 463480346 495403326
4681963926009151781,463480447 463480446 463480228 463480231 463480698 495363656
4682253536011485440,463480483 463480346 495403990 495403982 495404008 495404012
4682413500090286212,463480553 463480693 463480497 463480322 463480242 463480493
4682755093569732677,495251312 495252594 463480322 495255645 463480553 463480242
4683419775995740453,463480210 463480483 463480337 463480339 463480457 463480346
4684676441477480535,463480543 463480210 463480214 463480493 463480226 463480221
4684833434588938374,463480466 463480464 463480227 489753829 463480226 463480255
4684882719251366097,463480468 463480255 463480256 489734604 463480465 463480464
4686545106315247735,489753829 463480255 463480256 463480464 463480465 489734604
4686591894072328209,463480446 463480447 463480228 463480231 463480698 495363656
4687257744693002449,463480447 495265949 463480698 463480446 463480420 495488569
4689346231825858761,463480553 463480699 463480322 463480497 463480694 495251312
4690086401592262751,463480474 463480213 463480214 463480691 463480235 463480457
4692061858006302879,1231113729 463480429 463480346 463480223 463480224 495363988
4692553348342087707,495493336 463480212 463480452 463480214 463480211 463480225
4692854166695444823,463480539 463480255 463480697 463480464 463480256 463480466
4693088169720807731,495493336 463480213 463480214 463480691 463480235 463480457
4693450943001264151,463480221 463480497 463480322 463480242 463480553 463480493
4693898776739315746,463480467 463480227 489753829 463480226 463480255 489734604
4694296600692654258,463480553 463480694 463480497 463480322 463480242 463480493
4695351998911873273,463480227 489753829 463480226 463480255 489734604 463480464
4695811737207963928,463480227 463480429.0 463480493.0 463480693.0 495400618.0 463480497.0
4696516558670790779,495461626 489753829 463480227 463480539 463480464 489734604
4696713416811479314,463480226 463480227 463480240 463480472 463480658 463480237
4697279966474928389,495263729 495400576 495401146 463480225 495277614 495400618
4697360913651204409,463480346 495404008 495403990 463480475 463480489 463480483
4697642035566608631,489734604 495253660 463480242 495254783 495264803 463480696
4697658996825522201,463480429 463480225 463480223 463480481 463480224 463480665
4697773346098250057,489734604 463480255 463480256 463480227 463480464 463480539
4697888594449661957,463480225 495277614 495400618 463480379 495400576 495263729
4698837859646308666,463480465 463480482 463480227 489753829 463480226 463480255
4699495346628984916,463480493 463480497 463480322 463480242 463480553 463480221
4699635491921723620,463480242 495254783 495264803 463480696 495403354 463480379
4699856780847743190,495400618 463480227 489753829 463480226 463480255 489734604
4700061882967130355,1231113729 463480429 463480446 463480212 463480214 463480665
4700071509765914885,495400618 463480379 495400576 495263729 463480225 495401664
4700138348303089911,463480696 495403354 495264803 463480379 463480342 495276976
4700418481370169397,463480683 463480355 463480359 463480356 463480358 495400939
4700545238652158027,495402179 495266185 495277184 463480381 495265942 495265868
4700658547843662054,463480273 463480679 463480221 463480497 463480322 463480242
4700887568051339494,463480679 463480493 463480226 463480346 463480213 463480210
4701244231762837608,463480379 495400576 495263729 495401664 463480225 495277303
4702091719517929604,495264479 463480553 463480693 463480497 463480273 463480322
4702848161205190703,463480543 463480226 495260496 463480221 463480240 1228501633
4702896944886055099,463480470 463480466 463480471 489753829 463480465 489734604
4703265287412121876,463480487 463480227 489753829 463480226 463480255 489734604
4705576277235728434,463480355 463480359 463480356 463480358 495400939 495401665
4705578045310238924,463480429 463480225 495277614 463480493 463480226 463480346
4705947639321198670,495252594 1526105009 463480553 463480322 463480342 463480641
4706178875878801540,463480447 463480346 463480483 463480359 495404000 495403990
4706372531982172186,489753829 463480697 489734604 463480227 463480493 463480372
4707706546528715000,463480697 463480464 463480255 489753829 463480227 463480466
4707742438835618019,463480417 463480346 495403990 495402861 495402752 463480483
4707817615602221314,463480322 463480242 463480497 463480553 463480493 463480221
4707845638297747794,463480322 495251312 495255645 463480553 463480242 495252594
4710455719238041741,463480488 495399912 495400474 1228501633 463480471 463480464
4714090818090303562,463480362 463480273 463480221 463480497 463480322 463480242
4714236749042942068,463480539 463480227 489753829 463480226 463480255 489734604
4716428657887543549,495400431 495400576 495400618 495400155 463480464 463480697
4717904054743203869,495400576 495263729 495401664 463480225 495277303 463480683
4718373749325299759,463480210 463480214 463480493 463480543 463480212 463480452
4718609863751499842,463480487 489753829 463480227 463480464 463480677 463480697
4718770785475362886,495403354 463480379 495264803 463480342 495403165 495276976
4719406946985967693,463480497 463480322 463480242 463480553 463480493 463480221
4720015007567315057,463480255 463480539 463480697 463480256 463480464 463480466
4720030792647442441,489734604 463480487 495400314 463480464 495399912 495400155
4720711525642797360,495263416 463480322 463480694 495252594 495250885 495255645
4720786311837122569,463480487 463480464 489734604 495399912 495400155 495400314
4720847057277419747,495264479 463480696 495264589 495255157 495257134 495264803
4721098738142281814,489753829 463480493 463480372 489734604 463480697 463480464
4722020362432282640,463480472 463480240 463480465 463480476 463480227 463480464
4722058879813287980,1228501633 463480227 489753829 463480226 463480255 489734604
4723658655228231833,463480225 463480429 463480224 463480223 495277614 463480481
4723676712443576349,495260496 463480691 463480225 495403143 463480698 463480337
4723729107028017195,495277303 463480694 463480699 495403168 495403326 495403163
4723815163347599443,463480221 463480210 463480493 463480226 463480346 463480213
4725813376547291254,463480693 463480497 463480322 463480242 463480553 463480493
4726075651915514067,463480693 495402258 463480497 463480242 463480322 463480553
4727450718583914839,463480466 463480227 463480256 463480464 463480539 463480237
4730304086357311582,463480224 463480429 463480225 463480223 495277614 463480481
4730995192884887589,463480689 1526105009 495253324 495263416 463480342 463480553
4731741018436665491,463480256 463480227 489753829 463480226 463480255 489734604
4736024790698033440,463480226 463480227 489753829 463480255 489734604 463480464
4736543356011151438,463480468 463480227 489753829 463480226 463480255 489734604
4738095035572289732,463480226 489753829 463480255 489734604 1228501633 463480256
4740946777286639721,463480242 495276976 495364620 463480516 495277184 463480447
4741042723820142601,489753829 495400618 495403143 495400631 495399912 495403326
4741085558653321409,489734604 463480697 463480464 463480255 463480466 463480256
4741394281193799851,463480235 463480491 463480213 463480691 463480214 463480665
4741633672601927776,463480697 495399912 495403143 495403165 495400618 495400043
4742184258259386469,495399946 495461626 463480539 463480482 463480486 463480429
4742283422573789237,463480235 463480213 463480214 463480691 463480457 463480359
4742807937007484937,495403143 463480699 463480589 495399912 495400631 489753829
4743593254413140195,463480477 463480452 463480691 463480658 463480486 463480473
4743652014657110189,463480553 495403165 495403408 495403354 463480683 495399912
4744044093483778203,463480223 463480225 463480429 495277614 463480224 463480481
4744558692565516513,495400474 495400618 495400385 495400576 495399975 463480464
4744719519465078854,495403408 495403165 463480225 495277614 463480213 463480235
4744844965114544330,463480227 463480464 489753829 463480226 463480255 489734604
4745670986778279938,463480225 495277614 463480429 463480359 463480665 463480223
4745953491878936614,489753829 463480227 463480226 463480255 489734604 463480464
4746016098307276878,463480342 495250885 463480356 463480242 463480322 463480641
4746153217449263165,463480665 463480655 463480452 463480543 495260496 463480221
4746441797346525379,463480342 463480356 463480497 463480322 463480242 463480553
4746591922611290164,495403354 495399912 495400618 463480697 495400385 495400631
4746745508562993244,463480356 463480359 463480355 463480358 495400939 495401665
4747361149512056999,463480683 463480699 463480589 463480374 463480356 463480379
4747650307813277792,495277614 463480457 463480225 495253660 495264589 495263416
4747971107299786827,463480429 495277614 463480224 463480223 463480225 463480210
4748262331974943024,463480464 463480227 489753829 463480226 463480255 489734604
4748272931320627292,463480493 463480677 463480240 463480227 463480465 463480226
4748881376030752790,463480689 495402176 463480694 463480497 463480322 463480242
4749895794985009176,463480497 463480322 463480342 463480679 463480641 463480553
4752477136321773699,463480465 463480240 463480227 463480226 463480467 463480487
4752917645724221689,463480322 463480497 463480242 463480553 463480493 463480221
4752940943680733230,495402254 495402176 495402268 495402179 495277303 495402022
4752959110794707102,495251312 463480497 463480322 463480242 463480553 463480493
4753434901431975965,463480228 463480231 463480698 495363656 495363988 495365549
4753655202751971654,489734604 489753829 463480227 463480539 463480464 463480466
4759532018388435133,1526105009 463480497 463480322 463480242 463480553 463480493
4761052500439859501,463480695 463480497 463480322 463480242 463480553 463480493
4761529938381373602,463480273 463480493 463480474 463480221 463480242 463480497
4762796039260340320,463480693 495251659 495255645 495250885 495253660 495277293
4763137571434266777,463480213 463480691 463480336 495402340 495403165 495403168
4763169462057435341,463480214 463480213 463480691 463480235 463480457 463480359
4763170119904657565,463480337 463480210 463480429.0 463480493.0 463480693.0 495400618.0
4763967934680793132,495254783 495255157 495264589 495264479 463480696 495257134
4764083714457600110,495250885 495251312 463480694 495255645 495252594 495256989
4764595538491605043,495402176 463480694 463480429.0 463480493.0 463480693.0 495400618.0
4766150620700999850,495519080 463480213 463480235 463480339 463480336 463480221
4766348179932709196,489753829 463480227 463480226 463480255 489734604 463480464
4767515296803323974,495277293 463480235 495519080 463480339 463480336 463480457
4767613562415480852,495254783 495264803 463480493 463480543 463480221 495260496
4767883650175598691,463480693 495251312 463480497 463480322 463480242 463480553
4768165646487781544,463480336 463480457 463480679 495403168 495401146 495403165
4768232372366999732,463480273 463480497 463480322 463480242 463480553 463480493
4768545581564952798,463480553 463480242 495253660 463480322 463480497 463480679
4768597753898205208,463480553 463480497 463480322 463480242 463480493 463480221
4768608888089739562,463480255 463480227 489753829 463480226 489734604 463480464
4769102046415290594,495519080 463480339 463480336 463480221 463480273 495404012
4769334913016528943,1228501633 463480227 489753829 463480226 463480255 489734604
4769594267124367375,463480452 463480213 463480336 463480691 463480214 463480655
4769741412311236809,463480693 463480242 463480694 495252594 463480679 495251659
4770209690487357577,463480697 463480227 489753829 463480226 463480255 489734604
4770247394914730178,463480694 495251312 463480497 463480322 463480242 463480553
4770343726819573804,495400155 463480227 489753829 463480226 463480255 489734604
4770718823685292202,463480429 463480227 495260496 463480563 495255340 463480226
4770807593759670353,463480242 463480497 463480322 463480553 463480493 463480221
4771283086714601757,495403168 495256989 495263416 495259981 495366610 495401146
4771556640503365745,463480474 495400635 463480487 463480473 463480552 463480545
4772138061255934249,463480493 495260496 463480214 463480226 463480227 463480322
4772815310685732879,463480221 463480497 463480322 463480242 463480553 463480493
4773009084413378772,463480691 463480405 463480429 463480225 463480224 463480223
4773287505288495469,463480481 463480429 463480493 463480226 463480346 463480213
4773970772771995668,495400631 489753829 495400618 495400576 495400385 495399975
4774894572542361955,1526105009 463480322 463480693 495251312 495253660 495250885
4775075790509310291,463480227 463480465 463480470 495277303 495277184 495277192
4775234318784790641,495277184 495277303 495277192 495277293 495369801 463480322
4776576079746040121,463480470 463480464 463480471 463480256 463480697 463480468
4776869896419017053,463480487 489734604 495400618 463480227 489753829 463480226
4777216928967819630,1231113729 463480213 463480457 495367870 495368385 463480418
4779680514295726166,463480677 463480493 463480226 463480472 463480658 463480477
4783524310348464189,495401893 463480346 463480483 463480359 495404000 495403990
4785287625954820377,463480452 463480336 463480653 463480235 463480213 463480221
4785597741499154815,463480679 495403168 495401146 495403165 463480699 463480693
4787189766442188968,463480226 463480473 495277614 463480225 495400939 489753829
4787246418348212397,495261546 495251659 463480699 495259045 463480693 495401146
4787735158814933123,463480465 463480358 495401665 463480356 495401146 495400939
4788147793270669461,495259981 495366610 495401146 495254783 495797660 495522303
4788190823271890946,463480227 489753829 463480226 463480255 489734604 463480464
4788540415536529572,495401146 463480355 463480359 463480356 463480358 495400939
4788835615400264013,495797660 495522303 495253324 495400618 495400635 1526105009
4789470932059292039,463480227 463480677 1228501633 463480471 463480464 463480467
4789835598338457678,495264803 495400635 495264235 495399820 463480691 463480665
4790159711972360589,495264589 463480497 463480322 463480242 463480553 463480493
4790401426461818893,463480539 1228501633 463480227 463480677 463480464 463480226
4790417457274159109,463480466 463480227 463480429.0 463480493.0 463480693.0 495400618.0
4790681527353868488,463480221 463480322 463480497 463480694 495251312 463480242
4790877947240382545,495522303 495253324 495400618 495400635 1526105009 495403296
4791274419068862648,463480213 463480235 463480691 463480405 463480655 463480214
4791280801771946114,495264235 495399820 463480486 495264803 495255157 495400635
4791421962100932670,495254138 463480679 463480693 495253324 495255645 463480553
4792201398080241742,495400618 495399912 463480242 495250885 495252594 463480466
4792239705065783507,495255645 495253324 463480693 463480679 463480553 495255340
4792432862328520970,495401664 495277614 463480224 463480223 463480429 463480210
4792696188454830354,463480695 463480497 463480322 463480242 463480553 463480493
4792814222364377475,495253324 463480379 463480699 463480683 495403168 463480497
4793306962997543144,463480693 463480497 463480322 463480242 463480553 463480493
4793529804466684145,463480471 489753829 463480227 463480464 463480677 463480697
4793547940068589676,495251312 463480468 495400624 495400631 495257134 495404000
4793802260771242068,495277303 463480227 495277192 495277184 495277293 495369801
4795057233781325851,463480677 463480227 463480467 463480487 463480236 463480464
4795608408622366963,463480471 463480464 463480470 463480466 463480465 463480467
4795930461514760558,495493945 463480691 463480213 463480214 463480457 495493336
4796443096910135401,495401664 495400939 495493945 463480359 463480665 495401138
4797270214765969499,463480256 463480429.0 463480493.0 463480693.0 495400618.0 463480497.0
4798529134610612379,463480224 463480211 463480225 463480223 463480429 463480210
4798755658974626169,463480697 463480227 489753829 463480226 463480255 489734604
4798992989873504324,489734604 463480227 489753829 463480226 463480255 463480464
4799937001325592853,489753829 463480539 463480256 463480227 463480464 463480466
4805342213638717531,463480213 463480457 495367870 495368385 463480418 495369958
4806834267311046746,463480242 463480497 463480322 463480553 463480493 463480221
4807991103949897999,463480693 495251312 495253660 495250885 495263416 1526105009
4808349388339675304,463480466 495253660 495250885 463480693 495252594 463480694
4808697950999413108,463480543 495254783 463480493 495260496 463480214 463480226
4808997999443705901,463480457 495367870 495368385 463480418 495369958 463480213
4809091781565612396,463480491 495493336 463480379 463480699 463480214 463480235
4809305353508880533,1526105009 495403296 495264803 489753829 495400385 463480696
4809408161234550824,463480226 463480473 463480240 463480227 463480472 463480476
4809427275300995176,495400624 495255157 495264803 495400618 495264235 495400474
4809574997332066524,495400043 495400631 495400314 495399700 495400385 495400341
4809989512965390542,495253660 495250885 463480693 495263416 1526105009 463480694
4810217337821069648,463480691 463480213 463480235 463480214 463480457 463480665
4810965212313944067,463480472 463480493 463480658 463480226 1228501633 463480337
4811010551606149535,495400474 495400431 495251659 463480693 495259045 463480553
4811077415843921955,495253660 495263416 1526105009 495252594 463480694 495251659
4812154842848165932,463480693 463480429.0 463480493.0 495400618.0 463480497.0 463480227.0
4812414213197660543,495263416 463480457 463480213 463480359 495461626 463480691
4812478249536061608,495253660 495263416 1526105009 495253324 495251659 463480693
4812739647941116237,495264803 489753829 495400385 495403296 463480696 495254783
4812866889340420461,463480256 463480227 489753829 463480226 463480255 489734604
4812975341186580584,495259045 463480553 495251659 495251097 463480693 463480689
4813206348213518438,1228501633 463480465 463480227 489753829 463480226 463480255
4813904146612617599,463480359 463480691 495461626 463480213 495400618 495251659
4814174782074650798,463480468 463480255 463480256 489734604 463480465 463480464
4814908053199519981,463480497 463480322 463480242 463480553 463480493 463480221
4815266968030937090,463480337 495370340 495402322 495402312 463480506 495404035
4815418642428330317,495403296 495400385 463480696 495254783 495257134 495251659
4815808555230953704,463480516 463480497 463480322 463480242 463480553 463480493
4816063739739242664,463480213 495400618 495251659 463480342 463480473 463480693
4817129138993496171,463480213 463480429.0 463480493.0 463480693.0 495400618.0 463480497.0
4817432333411156301,463480465 463480227 489753829 463480226 463480255 489734604
4818421083675296004,463480553 463480322 495253324 463480679 495255645 495251312
4819311803356152121,463480256 463480493 463480226 463480346 463480213 463480210
4821879182842134592,463480273 495264803 463480457 495264589 495264479 463480493
4828189022732943726,495255157 463480465 463480227 463480464 463480256 489734604
4829236238993063955,463480227 489734604 463480255 489753829 463480464 463480677
4829313570670641373,463480484 463480359 463480355 463480356 463480358 495400939
4829654390417653998,463480228 463480493 463480226 463480346 463480213 463480210
4830846658857402372,495400618 463480255 463480256 489734604 463480465 463480464
4830879795369738406,495257134 495264235 495254783 495264589 463480696 495264479
4831156534551773517,495254783 495257134 495251659 495400385 495400618 495399912
4831688573950886221,495251659 495400385 495400618 495399912 463480259 463480429
4832004822983507973,495365549 463480429 463480359 463480355 463480227 463480224
4832877176120934549,495399912 463480259 463480429 495400385 495277293 495264774
4833868283719188532,463480694 463480553 463480423 463480346 463480468 463480543
4833897160639250472,463480553 463480694 463480693 495251312 463480497 463480322
4834228821551480924,495259045 463480694 463480497 495251097 495251312 495255645
4835185369651347467,463480497 463480553 463480679 463480694 495251659 495253324
4836232137378103352,463480493 463480677 463480240 463480658 1228501633 463480477
4837966100494287008,463480225 463480273 463480493 495264803 463480696 495254783
4838495775635800190,495250885 495264774 463480553 463480679 495251312 463480694
4838524008479588455,495401893 463480227 489753829 463480226 463480255 489734604
4838853898757996712,463480473 463480693 495277293 495251659 463480429 463480691
4839029945205260436,463480429 463480223 495277605 494343225 463480224 463480210
4840092765360226631,463480322 463480694 495252594 463480242 463480553 463480497
4840975343776432531,463480221 463480696 463480342 495254783 463480273 463480497
4841062387282345992,463480694 463480259 463480497 463480322 463480242 463480553
4841063986898927729,463480255 463480467 495399696 495400043 495400385 463480227
4841298320806903827,1228501633 463480227 489753829 463480226 463480255 489734604
4841655940801626305,495254783 463480273 463480221 463480497 463480242 463480322
4841746985611428033,463480221 463480497 463480322 463480242 463480679 463480493
4841763595682840768,463480464 489734604 463480697 463480255 463480466 463480256
4842046023756677246,495399696 463480227 489753829 463480226 463480255 489734604
4842267155721617552,463480457 463480359 463480543 463480355 463480356 463480358
4842523629574684972,463480214 463480259 463480429.0 463480493.0 463480693.0 495400618.0
4843443645483057298,463480497 463480322 463480242 463480553 463480493 463480221
4843572273082532139,463480693 463480497 463480322 463480242 463480553 463480493
4843696594362040348,495256039 495259981 495260496 495261776 463480689 495258252
4843760195778380041,489753829 463480227 463480226 463480255 489734604 463480464
4843899793714708641,1228501633 463480493 463480226 463480346 463480213 463480210
4844296103460602042,463480342 463480497 463480322 463480242 463480553 463480493
4846202820674191413,463480227 463480429.0 463480493.0 463480693.0 495400618.0 463480497.0
4847889690689011913,463480355 495400939 495401664 463480665 495401138 495493945
4849771071942950943,463480553 463480497 463480322 463480242 463480493 463480221
4853049794073723241,463480466 463480227 489753829 463480226 463480255 489734604
4853319378951209177,463480212 463480210 463480211 463480359 495260496 463480215
4853746241078034765,463480429 495400385 495277293 495264774 463480693 495253324
4853829654859219223,463480509 463480392 463480389 463480684 495370340 463480429
4854349970023907662,463480231 495401146 463480358 463480356 463480355 495401665
4854677602595504209,495277293 495264774 463480429 463480693 495253324 463480259
4855639625299394641,463480259 495401138 463480457 463480693 463480423 463480225
4855838973144072385,463480679 463480497 463480322 463480242 463480553 463480493
4855997277052862845,463480493 463480227 489753829 463480226 463480255 489734604
4856165171414433870,495251659 463480693 463480429 463480691 495493336 495400618
4856509437430464880,495400612 463480539 495399700 495399934 495399912 495400043
4856699592869151129,463480476 463480493 463480226 463480359 463480472 495260496
4857059111035207786,463480452 463480655 495493336 463480213 463480214 463480235
4857209847785455727,463480355 463480356 495401665 463480358 463480359 495400939
4858232411541995839,463480273 463480497 463480242 463480342 463480493 463480322
4858323020743180588,495400624 495400631 495257134 495404000 495404008 495403168
4858750782527504770,495400631 463480539 495400341 489734604 463480697 463480464
4859176837580325105,495404000 495403990 463480493 463480226 463480346 463480213
4859384734606950693,495399820 463480486 495264803 495264235 495255157 495400635
4859449054185914449,463480457 463480693 463480259 463480423 463480225 489753829
4859507035505951033,463480693 495251097 463480342 463480694 495252594 495251659
4859597597162078272,463480221 463480497 463480322 463480242 463480553 463480493
4861422916527456373,463480256 463480227 489753829 463480226 463480255 489734604
4861693892248731913,495400341 463480539 463480227 489753829 463480226 463480255
4861903037418176660,463480429 463480223 463480553 463480227 495363988 463480231
4862492806316294273,495401664 463480210 463480213 463480214 463480691 463480235
4862499705126388128,495252594 463480693 463480553 495251312 495251659 463480497
4865448155821899862,463480464 463480482 463480677 463480256 463480465 463480466
4865852589091061851,463480418 495369958 463480457 463480213 495368385 495369932
4866691136901873861,463480457 463480543 463480227 489753829 463480226 463480255
4866976520310882577,495400631 1228501633 463480467 463480356 495401665 495401146
4873587990381461585,463480473 463480227 489753829 463480226 463480255 489734604
4874685614252622035,463480225 463480429 463480224 463480223 495277614 463480481
4874693225795551444,495400385 495400576 495399934 495400618 489734604 495399912
4874974135816028547,495400618 463480446 463480447 1228501633 463480493 463480359
4875831675268628558,463480255 463480466 463480227 489753829 463480226 489734604
4876016425566732615,463480483 463480213 463480214 463480691 463480235 463480457
4876694209310752861,495399700 463480227 489753829 463480226 463480255 489734604
4877071171175055616,463480256 463480464 463480694 495252594 495251659 495251097
4877449039179677777,463480423 463480225 489753829 495277293 463480693 463480259
4878086523023786028,463480227 489753829 463480226 463480255 489734604 463480464
4878590149084840212,463480224 463480429 463480223 463480481 463480665 463480670
4878711455102271849,463480429 463480225 463480224 463480223 495277614 463480481
4878776258525659304,495255645 495252594 495277293 495401146 463480465 463480695
4879566354103664697,495253324 495254138 495263416 463480359 463480367 463480683
4879814055121912149,495253324 463480359 463480367 463480683 495403168 495403296
4880692603798683651,495400314 495519119 495519088 495519179 495518869 463480429
4880793610975707332,463480359 463480350 495404012 463480346 463480483 463480355
4880794328476942537,463480689 463480497 495258252 463480563 463480322 495256593
4882061591986569365,489753829 495277293 463480693 463480259 495491082 495490838
4882902184525037809,495401146 463480358 463480356 463480429.0 463480493.0 463480693.0
4884001409540817215,463480497 495258252 463480689 463480322 463480242 463480553
4884213331214729231,463480457 495369958 463480213 495368385 463480418 495369932
4885048250170867964,463480226 463480227 489753829 463480255 489734604 463480464
4885496307844382939,463480493 463480497 463480322 463480242 463480553 463480221
4890596901851758688,495401146 463480359 463480355 463480356 463480358 495400939
4895584211585466466,463480493 463480497 463480322 463480242 463480553 463480221
4895803695374270698,463480256 463480227 489753829 463480226 463480255 489734604
4898164216853430638,463480240 463480227 489753829 463480226 463480255 489734604
4899213563533459828,463480472 463480227 489753829 463480226 463480255 489734604
4900111903951159500,495277303 495277184 495277192 495277293 495369801 463480322
4900744752382869585,495400618 495403165 463480699 463480429 495255157 495399820
4901099239573029213,495400618 489734604 489753829 463480227 463480677 463480464
4901747072616890518,463480429 463480224 463480225 463480223 463480481 495277614
4901836465880694860,463480242 463480497 463480322 463480553 463480493 463480221
4901857816074518764,495403143 463480589 463480683 495403354 495403210 463480356
4902056882509447380,495490838 463480497 463480322 463480242 463480553 463480493
4902341657928925405,463480493 463480543 463480210 463480212 463480452 463480211
4902801694452613244,463480235 463480213 463480214 463480691 463480457 463480359
4903446330624442801,495251312 463480497 495259981 495263416 1526098025 1526105009
4903527680861274270,495277184 463480381 463480228 495277303 495369801 495266185
4903805562824949840,463480227 463480255 495277303 495400624 463480465 463480464
4904490739200426037,463480694 463480497 463480322 463480242 463480553 463480493
4904855785405153410,495264235 495255157 495399820 495400635 495264589 495254783
4905280204897517717,495399820 495400635 495277614 495403163 495403165 495403264
4906026542824423577,495401665 463480358 463480356 463480355 495400939 495401146
4906056491117052181,463480237 463480227 489753829 463480226 463480255 489734604
4906766020126965996,463480356 463480359 463480355 463480358 495400939 495401665
4907604001859568009,463480665 463480429 463480225 463480224 463480223 495277614
4907738025778741624,495402312 495402322 463480493 463480226 463480346 463480213
4908529355862835468,463480356 463480240 489734604 463480466 463480493 463480543
4908892228610162770,463480358 463480484 495401665 463480355 463480356 495401146
4909117768892678428,463480240 489734604 463480466 463480227 489753829 463480226
4909264461680607429,463480226 463480240 463480227 463480465 463480467 463480487
4909513401500172699,463480359 495401665 495401146 463480358 463480356 463480484
4910364486607569042,463480473 463480227 489753829 463480226 463480255 489734604
4910513939949551950,495277303 495277184 495277192 495277293 495369801 463480322
4912256822630154625,1228501633 463480227 489753829 463480226 463480255 489734604
4918647754695901205,463480362 463480497 463480322 463480242 463480553 463480493
4918845297647943684,463480255 463480256 463480227 489753829 463480226 489734604
4920084029889052908,463480467 463480227 463480256 463480464 463480539 463480237
4920326391249502316,463480227 463480472 463480226 463480658 463480237 463480493
4920715555088367872,463480553 495256039 495251659 495253324 463480693 495251312
4920871368552874314,489734604 463480255 463480256 463480465 463480464 463480468
4921510013652435112,1228501633 463480255 463480475 463480472 463480486 463480476
4921647470532624610,495400939 463480429.0 463480493.0 463480693.0 495400618.0 463480497.0
4921693728539672909,495277614 463480694 495400618 495255645 463480259 495402340
4922222878677532892,463480497 463480210 495400631 463480358 463480693 495401146
4922290485643706547,495400618 463480227 489753829 463480226 463480255 489734604
4922867753352167669,463480227 463480447 489753829 463480482 463480677 463480487
4923658406825033869,463480221 463480497 463480322 463480242 463480553 463480493
4923800466310037522,463480694 463480497 463480322 463480242 463480553 463480493
4924087482381500602,463480539 463480255 463480697 463480464 489734604 463480256
4924464920257364009,463480497 463480322 463480242 463480553 463480493 463480221
4924661023486509074,463480465 463480240 463480227 463480226 463480467 463480487
4924860366964916617,463480464 463480227 489753829 463480226 463480255 489734604
4924953777350115338,495404008 495403168 463480362 463480213 463480336 463480337
4924970320884662358,463480259 495402340 495400631 495255157 495264235 463480696
4925181362086346926,463480210 463480359 463480457 463480665 463480212 463480429
4925334470508413096,495400631 463480358 463480693 495401146 495403168 495403408
4925918069325824393,463480457 463480653 463480213 463480214 463480235 463480691
4926149876181369029,495400631 463480429.0 463480493.0 463480693.0 495400618.0 463480497.0
4926176372078936247,463480488 495400043 495400385 463480466 489753829 463480227
4926342358882582677,495264235 463480696 463480259 495255645 463480693 495256039
4926837261694140792,463480497 463480322 463480242 463480553 463480493 463480221
4928029367609065583,463480355 495264589 495251659 495255157 495257134 1526098025
4928121883640463616,463480213 463480214 463480691 463480235 463480457 463480359
4928146289334681917,463480487 463480227 489753829 463480226 463480255 489734604
4928523028507656381,495400631 489734604 489753829 463480697 495400618 463480464
4929102246982713455,495257134 1526098025 495264479 495254783 463480693 495264589
4929218610200052035,495254783 463480359 463480355 463480356 463480358 495400939
4929291582224990351,463480694 463480553 495254138 463480693 495253660 463480322
4929354962740969717,463480694 495254138 463480553 463480322 495251097 463480693
4929442645552136447,495403408 495403163 463480493 495400618 463480358 495401146
4929554524087517333,463480553 463480694 463480699 495252594 495402010 495402022
4931351975284703281,495264479 463480493 495264235 495264589 495402010 463480226
4932137919025774735,463480493 463480497 463480322 463480242 463480553 463480221
4932257644510445883,495253660 463480322 463480342 463480679 463480497 463480641
4932485250193555584,489734604 463480227 489753829 463480226 463480255 463480464
4933731368640184569,463480652 463480210 463480359 463480457 463480665 463480212
4933766835214745642,463480543 495260496 463480221 463480240 463480493 463480226
4941350074463813636,495400314 495400431 463480677 495400618 495400385 489753829
4942071605559034186,463480359 463480355 463480356 463480358 495400939 495401665
4944228336339779946,495403165 495403168 495255157 495251659 463480691 463480358
4945460601375948920,463480699 463480683 495403168 495403326 463480407 495403163
4945954668908904767,495255157 495401146 495401665 495254783 495264479 495264589
4946330036247461952,463480698 463480493 463480242 463480213 463480231 463480223
4946483779449126991,495252594 495402010 463480694 495402022 495402254 495401997
4946775363230367770,463480497 463480273 463480242 463480342 463480322 463480493
4947389556589330561,463480255 489753829 463480228 463480698 489734604 463480227
4947466826086351186,463480493 463480210 463480212 463480452 463480211 463480214
4948000492150587647,495251659 463480691 463480358 495401665 495403165 463480699
4948270377819701313,495251659 463480497 463480322 463480242 463480553 463480493
4948350466234515477,463480691 463480235 463480213 463480214 463480457 463480359
4948906471289782599,463480223 463480429 463480225 463480224 495277614 463480481
4949079594557767929,495251097 463480553 495261776 463480694 495263729 463480497
4949903628454068600,463480497 463480322 463480242 463480553 463480493 463480221
4949917173680177372,463480699 463480358 495255157 463480689 463480694 495256593
4950236758597959709,1228501633 495400576 463480226 463480472 463480493 463480658
4950355581068116249,463480213 463480472 463480226 463480658 463480237 463480493
4950823777472610513,463480224 463480225 463480223 463480481 463480665 463480670
4951433565198352480,463480481 463480224 463480429 495277614 463480223 463480225
4951572667729969476,495255157 463480355 495401146 463480358 463480589 495403408
4952477763453583542,495401146 463480484 463480359 463480356 495401664 495400939
4952727179497832623,495401664 463480359 463480336 495401665 495255157 495403354
4953291275533287589,463480467 463480227 463480464 463480446 463480465 489734604
4953429495348723905,463480336 495255157 495403354 463480359 495493945 463480356
4953450712268013862,495401664 463480336 495400939 495401138 463480665 495401665
4953453210923172137,495264774 495250885 463480242 495251312 463480553 463480342
4954349224696742003,495277303 463480465 463480429.0 463480493.0 463480693.0 495400618.0
4960898151161528606,463480691 463480405 463480235 463480213 463480214 463480457
4965256182045081690,463480497 463480322 463480242 463480553 463480493 463480221
4965694015097274479,463480355 463480359 463480356 463480358 495400939 495401665
4966645905411801381,463480483 495404008 495403990 495403982 463480346 463480457
4967743868391653666,463480497 463480322 463480242 463480553 463480493 463480221
4967768460615221553,463480691 463480213 463480453 463480259 463480235 463480405
4968155745808810103,463480225 463480497 463480322 463480242 463480553 463480493
4968193586094145901,495264005 463480362 463480693 495250885 463480555 495264774
4968701400381391143,463480465 463480429.0 463480493.0 463480693.0 495400618.0 463480497.0
4969497332554137766,1228501633 463480471 463480464 489734604 463480467 463480255
4969997844163067963,1228501633 463480227 489753829 463480226 463480255 489734604
4970219630098645354,463480497 463480693 495251659 495251097 495261776 463480679
4970588553838329997,489734604 463480677 489753829 463480227 463480464 463480697
4971293276793733198,495261776 495251659 463480693 495251312 495263416 463480322
4971515217288102119,463480391 463480359 463480355 463480356 463480358 495400939
4972463023311814679,463480693 463480497 463480322 463480242 463480553 463480493
4973227274193862668,463480679 495251659 495254138 463480497 463480322 463480242
4973343375272968554,495251659 463480497 495277614 463480693 495259045 463480358
4973453372902342754,463480273 463480493 463480497 463480322 463480242 463480553
4973649911296819263,463480693 463480497 463480322 463480242 463480553 463480493
4976267603742032146,463480429 495277614 463480225 463480224 463480223 463480481
4977364671370625106,463480273 463480543 495260496 463480221 463480226 495255157
4979202512515760396,495493945 463480472 495366540 463480273 463480221 463480227
4979566584272257044,495493945 463480227 489753829 463480226 463480255 489734604
4984778127352529043,463480466 463480227 489753829 463480226 463480255 489734604
4988378560037912776,463480497 463480242 463480322 463480641 463480679 463480362
4989069089141948477,463480273 463480221 495400939 463480658 463480486 463480639
4989371369088090332,495277614 463480497 463480693 495251659 495259045 463480358
4989746081589362837,495401997 463480553 463480358 463480224 463480225 463480487
4989776759436869760,495277614 463480225 463480429 463480224 463480223 463480210
4989842028321832970,463480429 463480225 463480224 463480223 495277614 463480481
4990021030740230462,463480242 463480553 463480322 463480342 463480679 463480497
4990080279895343362,463480359 495401138 495399820 495400939 495399966 463480543
4990339414781067443,489734604 463480543 495399719 489753829 463480227 463480697
4990530819012165758,495251659 495259045 463480693 463480497 495251097 463480694
4990590993880056031,463480359 495401138 495399820 495399966 495400939 463480543
4990594743770546221,495277303 495276976 495267299 495491082 463480699 495399700
4990910880706723873,463480429 463480225 463480224 463480223 463480210 495277614
4992651404319654254,495507034 495401664 495401665 495400939 463480359 463480355
4993112211678298321,1432513025 463480392 463480389 463480684 495370340 463480429
4993142602964926543,463480225 463480487 495252594 495255340 463480693 463480694
4993563172659528065,463480497 463480553 463480273 463480221 463480563 495257463
4993932187794931791,463480487 495252594 495255340 463480693 463480694 495403163
4993949619298500893,495400385 489734604 1228501633 489753829 495400618 495400155
4994240875599757353,463480691 463480665 463480235 463480213 463480214 463480457
4994262685283516671,463480466 495399912 463480487 463480236 463480497 463480696
4994484209910284420,495256989 463480696 463480497 495264235 463480221 495257463
4994953479594180828,495264235 495257134 463480696 463480497 463480225 495277614
4995210535007158351,495255340 463480693 463480694 495403163 495403165 495265949
4995629878536306981,463480677 1228501633 463480493 463480227 463480471 463480543
4996182526764253263,463480693 495403163 495403165 495265949 463480553 1526105009
4996487406093598799,495276976 495267299 495491082 463480699 495399700 463480418
4998017533123231802,463480429.0 463480493.0 463480693.0 495400618.0 463480497.0 463480227.0
4998135795475021842,1228501633 463480470 463480471 463480227 489753829 463480539
4998962770637750515,495506916 495507034 495520118 495401665 463480356 463480355
4999678821928271905,463480679 463480497 463480322 463480242 463480553 463480493
4999916491887870049,489734604 463480227 489753829 463480226 463480255 463480464
5000251401488302210,463480497 463480322 463480242 463480553 463480493 463480221
5000408988172157116,463480467 463480543 495260496 463480221 463480226 495255157
5002408040840823166,463480677 463480468 1228501633 463480471 463480464 489734604
5002463036111061082,463480677 463480429.0 463480493.0 463480693.0 495400618.0 463480497.0
5002489626728857823,463480342 463480497 463480322 463480242 463480553 463480493
5003290675344310357,463480497 463480689 463480679 463480589 463480683 495403354
5004035987104596142,463480497 463480589 1526098025 463480322 463480694 495256593
5004059275336876374,495400155 463480227 463480255 495400631 495400602 495400618
5009737464341332047,463480342 463480563 463480322 463480242 463480497 463480221
5009878106527236360,463480429 463480224 463480225 463480223 495277614 463480481
5010768161340391636,463480242 463480553 463480695 463480497 463480322 463480493
5013296557289111914,463480225 495277614 463480497 495251097 495251659 495264235
5013338702157709417,463480655 463480213 463480214 463480691 463480235 463480457
5014309556077461600,489753829 463480227 463480226 463480255 489734604 463480464
5014580582519930928,463480497 495251097 495251659 463480322 463480242 463480553
5014581512199733468,495264589 495251097 495251659 463480693 463480225 463480429
5015059971695182113,495251097 495263729 495251312 463480693 495399700 495401664
5015211568059908292,463480497 463480693 495253324 495259045 463480553 495251659
5015517836269584411,463480693 463480679 463480322 463480689 463480221 463480342
5015594682936459527,463480589 463480679 463480342 463480683 463480699 463480374
5016062324750417992,463480693 463480497 463480322 463480242 463480553 463480493
5016192031461212226,495403165 495265949 1526105009 463480553 463480693 463480429
5017454461032857724,495519119 495519088 495519179 495518869 495493336 463480429
5017543858081497311,463480221 463480429 463480228 463480223 463480553 463480213
5017802157007044786,495260496 463480493 463480543 495400939 495400618 463480358
5018665708354273325,495277303 495277293 495277202 495369801 463480689 495277192
5020663555231318397,463480467 463480446 463480227 489753829 463480226 463480255
5021918940601254064,463480273 463480497 463480322 463480242 463480553 463480493
5022459696732963148,463480652 463480670 463480429 463480210 463480224 463480482
5023967676740141224,463480227 463480539 463480256 463480255 463480465 463480464
5025340860529377412,463480223 463480429 463480553 463480213 463480273 463480224
5025406898160271652,495402258 463480273 463480497 495254783 495255157 463480493
5026711085061505085,463480237 489753829 463480466 463480471 489734604 463480465
5028927413971845422,463480359 463480355 463480356 463480358 495400939 495401665
5032714336731660388,495261546 463480679 463480322 463480689 463480221 463480342
5032752184512741554,495277184 463480471 463480227 489753829 463480226 463480255
5032996195118874751,1526105009 463480553 463480694 463480242 463480497 463480322
5034057285144150354,463480465 463480464 463480467 463480677 463480539 463480470
5034605884276211791,495265949 1526105009 463480553 463480693 463480429 495402022
5035173691515207951,463480213 463480240 463480212 463480472 463480226 463480658
5035313215757353215,463480225 463480691 495402022 495402010 495253660 463480235
5035379484936896591,463480553 463480693 463480429 495402022 463480225 463480473
5035594384913203337,463480487 463480464 463480256 463480471 463480697 463480465
5038180850251071787,463480553 463480227 489753829 463480226 463480255 489734604
5038264125735043263,495402022 463480497 463480322 463480242 463480553 463480493
5039263138783166705,463480464 463480227 489753829 463480226 463480255 489734604
5039344802237251733,495402022 463480225 463480473 495400618 463480429 463480553
5039743475997737325,463480589 463480683 463480699 463480374 463480356 463480379
5040039746627961166,463480466 463480227 489753829 463480226 463480255 489734604
5040063698348015871,463480235 463480466 463480358 463480679 463480497 463480694
5040628167908786562,495401146 463480356 463480355 463480358 463480484 495401665
5041192271824290047,463480358 463480679 463480497 463480694 463480468 463480226
5042508529787207721,495403982 463480221 495264235 495369958 495518869 495519137
5042562980009738581,463480371 463480372 463480359 463480355 463480356 463480358
5042688533300510721,463480240 463480226 495399966 463480477 463480476 463480472
5043983288170447051,495264235 463480221 495369958 495518869 495519137 463480273
5045011121959600245,463480487 463480227 489753829 463480226 463480255 489734604
5046762437250908461,463480255 463480487 463480227 463480256 463480464 463480539
5051725969578786987,463480473 463480227 489753829 463480226 463480255 489734604
5053981918965792956,463480429 463480224 495277614 463480223 463480210 489753829
5057283517838000407,463480221 463480493 463480226 463480346 463480213 463480210
5057441991653064783,495400618 463480227 463480256 463480464 463480539 463480237
5057646277712937039,463480225 463480473 495400618 463480429 463480553 463480358
5057747902586159438,463480497 463480468 463480679 463480226 495399912 495400618
5058014639176286520,463480493 463480446 463480447 1228501633 463480359 463480665
5058606400561480014,463480226 495399912 495400618 463480225 495277614 495254138
5059415153375969321,463480226 463480227 489753829 463480255 489734604 463480464
5059920052849213623,463480256 463480227 489753829 463480226 463480255 489734604
5060439790004994206,463480446 463480467 463480227 489753829 463480226 463480255
5060526990843969750,463480342 463480497 463480322 463480242 463480553 463480493
5061426549248753884,495400618 463480225 495277614 495254138 495251659 495251097
5061491082445455509,463480553 463480358 463480483 463480381 495265868 495266983
5061527207061487768,463480543 1228501633 463480493 463480497 463480242 463480553
5061791244108169582,463480477 463480240 463480227 489753829 463480226 463480255
5062187318449799341,463480483 463480489 495403990 495404008 495404000 495403982
5062242240282230815,495400314 495400155 463480255 463480471 463480539 463480466
5062611974017778004,463480273 463480497 463480322 463480242 463480553 463480493
5062668932472897653,463480553 463480497 463480322 463480242 463480493 463480221
5063098822467780837,463480359 463480355 463480356 463480358 495400939 495401665
5063364268687622223,463480697 463480489 495260496 463480543 463480691 463480381
5063381925633720521,463480497 463480679 463480322 463480694 495251312 463480242
5063921671457210660,463480342 463480497 463480322 463480242 463480553 463480493
5064096923176665142,463480213 463480472 463480226 463480658 463480493 463480237
5065476963253879108,463480225 495277614 463480429 463480224 463480223 463480481
5065504462778925093,463480221 463480429.0 463480493.0 463480693.0 495400618.0 463480497.0
5065768728309530879,495277614 495254138 463480225 495251659 495251097 463480346
5067124575182782772,463480226 463480429.0 463480493.0 463480693.0 495400618.0 463480497.0
5068752327685177423,463480212 463480497 463480322 463480242 463480553 463480493
5071123219316736223,463480359 495399820 495399966 495400939 463480543 463480493
5079105485769015462,463480477 463480472 463480227 489753829 463480226 463480255
5079444877981515782,463480429 463480224 463480223 495277614 463480210 489753829
5080297328214016066,463480381 463480221 463480543 495402010 495277184 495277614
5081706864109420641,463480429 463480224 495277614 463480223 463480210 489753829
5081987704655184149,463480346 463480483 463480359 495404000 495403990 463480350
5082224821275197455,463480225 463480429 463480224 463480223 495277614 463480481
5082328164474552399,463480543 495402010 495277184 495277614 463480381 463480446
5082783201135427797,463480691 463480213 463480214 463480235 463480457 463480359
5084459752942993596,1228501633 463480227 489753829 463480226 463480255 489734604
5085331326441357546,495521342 495403432 495522303 495400939 463480639 463480359
5085339444389871765,495277184 495277614 463480543 463480381 463480446 463480417
5086057430480322622,495264589 463480696 463480273 463480221 463480429 463480665
5086300176049504318,495400939 463480359 463480355 463480356 463480358 495401665
5086615327059214479,495399719 463480227 489753829 463480226 463480255 489734604
5086628505580994850,495493336 463480457 495519080 463480429 495519179 495520990
5087237137271881905,1526105009 463480693 463480322 495251312 463480497 495251659
5088348659135545396,463480212 463480568 463480358 463480356 463480621 463480685
5088423079937835370,495400155 495400618 463480225 495277614 495277192 463480553
5089062589063757830,463480429 463480213 463480214 463480235 463480691 463480665
5089294283244830940,495277614 495277192 463480553 463480694 463480242 463480693
5089731822990655593,463480483 463480489 463480543 495260496 463480221 463480226
5092736807147143457,463480231 463480429 463480359 463480355 463480227 463480224
5093035706823475497,463480255 463480227 489753829 463480226 489734604 463480464
5093167155316261232,495399696 463480227 489753829 463480226 463480255 489734604
5093175384642420850,495400314 495399696 495399700 463480539 495399934 489753829
5093407232894959828,463480553 463480497 463480322 463480242 463480493 463480221
5094499173827608830,463480477 463480227 489753829 463480226 463480255 489734604
5095047531737645321,463480493 463480497 463480322 463480242 463480553 463480221
5099456974630682838,463480221 463480273 463480355 495403143 495403210 463480374
5100461752154325136,463480273 463480497 463480322 463480242 463480553 463480493
5101994469291196493,463480697 463480227 489753829 463480226 463480255 489734604
5102569164814155855,463480420 463480421 463480698 1231113729 495491082 463480358
5102784442895171888,463480467 463480227 489753829 463480226 463480255 489734604
5103064466702467265,495403354 495493945 463480359 495255157 463480336 463480356
5103718929278959738,463480322 463480342 463480679 463480641 463480497 463480553
5103786807552377113,463480256 463480466 463480429.0 463480493.0 463480693.0 495400618.0
5103900733069852711,463480242 463480322 495253660 463480497 463480342 463480553
5104270893756449023,495493336 495264803 463480497 463480694 463480317 463480691
5104650850526298411,463480493 463480227 489753829 463480226 463480255 489734604
5104779547141210206,463480473 463480677 1228501633 463480493 463480227 463480471
5104793637836816442,463480213 463480227 489753829 463480226 463480255 489734604
5106536877177962575,463480358 463480213 463480493 495400618 495255157 495254783
5106862025046753558,463480670 463480652 463480224 463480429 463480210 463480482
5107107202788753640,463480227 489753829 463480226 463480255 489734604 463480464
5107203730654888228,463480589 463480429.0 463480493.0 463480693.0 495400618.0 463480497.0
5107945592336941377,463480350 495404012 495404008 495402176 463480256 489753829
5108088232274296892,489753829 463480465 463480539 463480320 463480487 463480255
5108203369652814128,463480699 495491082 495399700 463480418 495266185 463480696
5108488720908812404,463480670 463480429.0 463480493.0 463480693.0 495400618.0 463480497.0
5108563758700822678,463480694 463480553 463480242 463480342 463480497 463480695
5108827947657068852,463480317 463480691 463480242 495256039 463480236 463480359
5109114674109480989,463480226 463480240 463480227 489753829 463480255 489734604
5109160679100907869,463480322 495253660 463480342 463480679 463480497 463480641
5109267411985236153,495399719 463480226 463480486 463480471 463480464 463480472
5109572154646855808,463480242 463480497 463480322 463480553 463480493 463480221
5109843435408851159,463480429 463480223 463480225 463480224 495277614 463480481
5109981160389738532,463480665 463480429.0 463480493.0 463480693.0 495400618.0 463480497.0
5110108741958107247,1228501633 495400431 463480255 463480227 463480466 489753829
5110723742426988842,489734604 463480493 463480488 463480543 463480227 489753829
5110912392710586603,463480677 463480467 463480227 489753829 463480226 463480255
5110958859364335848,463480493 463480497 463480322 463480242 463480553 463480221
5111228886564470897,495277605 463480429 463480225 463480224 463480223 495277614
5111290695322435740,463480221 495264803 463480696 495254783 495255157 495257134
5111585946616201505,463480235 463480213 463480214 463480691 463480457 463480359
5112261108350582785,463480240 463480226 463480472 463480486 463480473 463480493
5112411690919002171,463480236 463480359 495399700 495251659 495277614 495250885
5112624141253738679,463480543 489734604 463480488 463480487 463480236 463480464
5113771634399117624,463480379 495401665 463480355 463480589 463480683 495403168
5113785180106784837,463480457 495369932 463480399 463480446 463480698 495402788
5114787715709403448,463480481 463480223 463480225 463480429 463480210 463480224
5114914692357423389,463480652 463480670 463480210 463480429 463480219 463480452
5115502925403652347,463480497 463480322 463480242 463480553 463480493 463480221
5115714520015700171,463480381 463480228 495277303 495369801 495277184 495266185
5115997572489805959,1231113729 463480420 463480418 495368385 463480422 463480421
5116111076210507940,463480227 489753829 463480226 463480255 489734604 463480464
5116158641264918734,463480221 463480696 495254783 463480497 463480322 463480242
5116870421997158701,489734604 463480227 489753829 463480226 463480255 463480464
5118661040442966027,463480481 463480429 463480225 463480224 463480223 495277614
5120224315670528143,495254783 495401665 463480221 495403699 463480589 495403210
5120616622677295206,463480223 463480429 463480225 463480224 495277614 463480481
5123827883698815161,463480539 463480227 463480256 463480464 463480237 489753829
5124346180772560996,489734604 463480227 463480256 463480464 463480539 463480237
5124552922383777818,463480359 463480223 463480481 463480224 463480665 463480670
5124712592089547060,495399700 495251659 495277614 495250885 495252594 463480225
5125017575142457351,463480698 463480429 463480359 463480355 463480227 463480224
5125787073096450289,463480381 463480228 495277303 495369801 495277184 495266185
5126176064436174980,495252594 463480497 463480322 463480242 463480553 463480493
5126179188026114386,463480214 463480509 495515791 495512082 495512445 495514334
5127037918660788318,463480493 495400618 495255157 495254783 463480696 463480242
5127280853757722972,463480429 463480225 463480224 463480223 495277614 463480481
5127664721531502698,463480677 463480240 463480227 463480465 463480226 463480467
5128530763069522228,495251659 495252594 463480225 495277614 463480694 463480429
5128576144019816533,463480476 463480227 489753829 463480226 463480255 489734604
5128614010561495161,495400314 463480543 463480227 489753829 463480226 463480255
5128695776175194235,463480214 463480396 495402340 463480543 463480226 495260496
5128769145837715472,463480256 463480255 463480227 489753829 463480226 489734604
5130697731629908105,463480346 463480483 495403990 495403982 495404008 463480489
5131025661639262304,463480677 463480471 463480466 489734604 463480464 463480465
5131025956882088030,495400618 495255157 495254783 463480696 463480242 495253660
5131109242496352325,463480493 463480317 463480489 463480472 1228501633 495404008
5131262682393477355,495399912 495399719 463480677 495400618 1228501633 495399997
5131791716353048780,463480213 495266185 495260496 463480429 463480214 495267299
5131935174140100703,463480481 495277614 463480457 463480653 463480655 495492744
5131961007983034661,463480362 463480342 463480497 463480322 463480242 463480553
5132169520889200948,495277614 463480694 495251659 463480225 463480429 495399912
5132246575749529748,463480356 463480493 463480226 463480346 463480213 463480210
5133204441083412607,463480488 489753829 463480227 463480464 463480677 463480697
5133634672247439427,463480694 495251659 463480225 463480429 495399912 495400576
5134163849739764035,463480429 463480694 495251659 495399912 495400576 495400618
5134754077184884947,463480493 463480473 463480475 463480543 495260496 463480221
5135024983960453159,463480589 495403210 463480273 463480356 463480497 463480221
5135590670827520193,463480355 463480359 463480356 463480358 495400939 495401665
5136338580304298224,495250885 463480322 463480342 463480679 463480641 463480497
5137290178102296736,463480242 463480497 463480322 463480553 463480493 463480221
5137714612744749132,463480273 463480497 463480322 463480242 463480553 463480493
5137824016599613584,463480464 495399696 463480677 495404012 463480346 463480350
5146635678701060272,495400618 495399912 463480255 495400385 495400576 495399975
5147225075648299166,463480227 463480242 463480693 463480225 463480358 495266185
5148382566561611835,463480356 495401146 463480227 463480466 463480589 489753829
5148612349899047157,463480240 463480473 463480227 489753829 463480226 463480255
5148780949567701001,495399912 463480466 495399934 495400631 489734604 495400576
5148829304186208554,463480225 463480691 463480429 463480359 463480665 463480223
5148888618335207603,463480242 495253660 495265949 495266185 463480381 495265868
5148986144907329580,463480225 463480223 463480481 463480224 463480665 463480670
5149334405663162503,495260496 463480240 463480472 495399820 463480473 463480543
5149759110096355638,463480446 463480698 463480653 463480213 463480399 463480691
5149800987471118584,463480421 463480698 1231113729 463480420 463480231 495370032
5150005374160732182,463480227 463480255 463480466 463480589 489753829 463480358
5150323990064529671,463480242 463480497 463480322 463480553 463480493 463480221
5150369236224573650,463480213 463480429.0 463480493.0 463480693.0 495400618.0 463480497.0
5150527552106004591,463480374 463480227 489753829 463480226 463480255 489734604
5150806247639613692,463480255 463480358 463480589 463480464 489734604 463480697
5151663310458061133,495492744 463480213 463480214 463480691 463480235 463480457
5151773287739031810,463480228 463480497 463480322 463480242 463480553 463480493
5152195711944098096,463480493 463480489 1228501633 463480472 495404008 463480483
5152701243234713657,463480381 495265868 495265942 495493530 463480242 495253660
5153621770588651693,463480539 495400314 463480255 463480256 463480464 463480227
5154031494660620611,463480242 495253660 463480227 463480465 463480466 463480467
5154032314893729971,495493530 463480242 495253660 495252594 463480694 495514529
5154227792879288575,495266185 463480696 495259045 495257134 463480389 495401146
5154768355003990174,495253660 463480242 463480227 463480465 463480466 463480467
5155308538563657793,463480474 1228501633 495260496 463480658 463480486 463480227
5155452312703991987,463480694 495514529 463480358 495252594 463480696 495250885
5155626226139791590,463480696 495259045 495257134 463480389 495401146 463480336
5156124969879470125,463480665 463480227 489753829 463480226 463480255 489734604
5156194505000222878,463480486 463480225 463480346 463480693 495253660 463480417
5156236666778681407,463480691 463480429 463480225 463480224 463480223 495277614
5157462759852998901,463480223 463480429 463480225 463480224 495277614 463480481
5159368412359819365,463480487 463480677 463480474 463480476 495400618 495399820
5161523537722212355,495400341 495400602 463480677 495399912 495399934 495400576
5161543766028583148,463480227 463480466 489753829 463480226 463480255 489734604
5161715988653932704,489753829 463480227 463480226 463480255 489734604 463480464
5161774177230258253,495403432 463480379 463480374 495403163 495403165 463480699
5167379693415956486,463480695 463480322 463480497 463480694 495251312 463480242
5168419394533982227,495403982 463480346 463480483 463480359 495404000 495403990
5169530467383771294,463480225 463480346 463480693 495253660 463480417 463480226
5169538050801795137,463480466 463480256 463480227 489753829 463480226 463480255
5170139545441402893,463480698 495493530 463480336 463480338 463480340 463480540
5170182248760868983,489753829 463480464 463480539 463480677 463480467 463480256
5170213887327863028,495368107 463480346 495400605 495370340 463480389 495369801
5170536088134746270,463480417 463480226 463480691 495367870 463480539 495399700
5171036722908364824,463480359 463480429.0 463480493.0 463480693.0 495400618.0 463480497.0
5171073401670336519,463480242 463480693 463480362 495264005 495250885 463480555
5171164392409268403,463480696 495252594 495250885 495256593 463480379 463480407
5172018288813146463,463480221 463480493 495264235 495264589 495402010 463480226
5172238444895928658,463480259 463480210 463480214 463480691 463480655 463480452
5172379602249318482,463480346 495404000 463480493 463480226 463480213 463480210
5173074160379232494,463480429 495277614 463480225 463480224 463480223 463480481
5173382550693871628,495401665 495401146 463480359 463480355 463480356 463480358
5173427719826571280,463480429 463480481 463480224 463480227 463480223 463480225
5173582826725441859,495403143 495403163 495403165 463480699 495403326 463480359
5173590561150206009,495250885 495256593 463480379 463480407 463480505 495401665
5174610337583595579,495400939 463480683 463480694 463480359 495401664 495401146
5174665679767601364,463480693 463480472 463480543 463480221 495260496 463480226
5174762690204401843,463480694 495277303 495251659 463480693 463480699 495403354
5174802504747057393,463480255 463480227 489753829 463480226 489734604 463480464
5176033739273928851,463480677 463480488 463480464 463480465 463480255 463480539
5176207036031959394,495251312 463480497 463480322 463480242 463480553 463480493
5176275089682595930,463480697 463480227 489753829 463480226 463480255 489734604
5176280996185374912,495251659 463480693 463480699 495403354 495403165 495403326
5177076584513274111,463480693 463480497 463480322 463480242 463480553 463480493
5177466152534671471,495251312 463480429.0 463480493.0 463480693.0 495400618.0 463480497.0
5178348887043735632,463480553 463480497 463480322 463480242 463480493 463480221
5178661936898506809,495403354 495403165 495403326 489753829 463480227 495492744
5179105468913025072,463480670 463480652 463480429 463480210 463480224 463480482
5179206659996385294,463480468 463480227 489753829 463480226 463480255 489734604
5179392415280922954,463480695 463480497 463480322 463480242 463480553 463480493
5179670585382273145,495251312 463480497 463480322 463480242 463480553 463480493
5179768851895418960,495403163 463480683 463480699 463480589 463480374 463480356
5179813541476827294,495403326 463480359 463480355 489753829 463480346 463480227
5179872572198879555,463480472 463480694 495252594 495251659 495251097 495263416
5180215260283404626,495518869 495519137 495368385 463480213 495370340 495369958
5181302009140085099,463480242 463480497 463480322 463480553 463480493 463480221
5181731726233174297,463480487 463480236 463480227 463480677 463480464 463480256
5183000997147181111,463480497 495254783 463480322 463480679 463480273 463480221
5183222959697035525,495403165 463480683 463480699 463480589 463480374 463480356
5191940899257712681,463480342 463480497 463480242 463480322 463480641 463480679
5192488698779009126,463480493 463480497 463480322 463480242 463480553 463480221
5193199110405750834,463480359 463480355 489753829 463480346 463480227 495277614
5193223686853493027,495400635 495400602 463480240 463480493 463480472 495399820
5193255378510413870,463480355 495400939 495401664 463480665 495401138 463480358
5193461852067332202,1228501633 463480497 463480322 463480242 463480553 463480493
5193576486064357400,463480359 463480457 463480406 463480653 495400939 495401664
5193607665149280610,495403165 495403326 489753829 463480227 495492744 463480699
5193664206849704222,463480677 463480255 463480256 489734604 463480465 463480464
5193979495588823271,463480225 463480429 463480224 463480223 495277614 463480481
5194315577978257751,495256989 463480421 495369131 495400635 463480256 495400155
5194445771023843368,463480226 463480240 463480472 463480227 489753829 463480255
5194599508545110088,489753829 463480227 495492744 463480699 495528509 495528684
5195020478512103612,495402176 463480227 489753829 463480226 463480255 489734604
5195047954033410131,489753829 489734604 463480227 463480226 463480255 463480464
5195049546586783794,463480346 489753829 463480227 495277614 495251659 463480699
5195329046279618695,463480240 463480465 463480464 463480227 463480256 463480226
5195696235547197712,463480228 489734604 463480698 463480255 463480697 463480464
5196387040047661412,1228501633 463480227 489753829 463480226 463480255 489734604
5197003596993134653,463480346 463480483 463480359 495404000 495403990 463480350
5197071201291993442,495492744 463480699 495528509 495528684 495402254 495402022
5197133272607883487,489734604 463480255 463480227 489753829 463480226 463480464
5197619150556233810,463480346 463480473 463480476 1228501633 463480465 489734604
5198188535487922410,463480255 463480697 463480466 463480227 463480256 463480464
5198413913553109210,495277303 463480358 495277293 463480356 495277192 495401665
5198573583040512139,463480473 463480476 1228501633 463480465 489734604 463480467
5198613878715711750,463480589 463480358 495277192 495277303 495401665 463480355
5199094088508375112,463480240 463480227 489753829 463480226 463480255 489734604
5199950503366099266,495399696 495277192 463480227 489734604 495277293 489753829
5202069763708158000,463480240 463480227 489753829 463480226 463480255 489734604
5203840898992439412,463480497 463480322 463480242 463480553 463480493 463480221
5203871470702297159,463480589 463480699 495403143 463480683 495403354 463480356
5203986395604189419,463480237 495399934 495399997 495400605 495400612 495400618
5204866534109348017,463480694 463480497 463480322 463480242 463480553 463480493
5206725981865246954,463480697 463480256 463480227 463480464 463480539 463480237
5210234652654567442,463480342 463480497 463480322 463480242 463480553 463480493
5212764125384933636,463480497 463480693 463480679 463480342 495250885 495251312
5213058019643621436,463480240 463480227 463480465 463480226 463480467 463480487
5214532152084136247,495461626 463480464 463480256 463480471 463480697 463480468
5215202002804408619,495403354 495277303 463480699 463480497 495251659 495253324
5216255979976392711,463480699 463480497 495251659 495253324 495277614 463480472
5217475229425336497,463480421 495368385 495369131 495495302 495528684 495403165
5218726148502454430,463480652 463480670 463480429 463480210 463480224 463480482
5218889076983988268,495400635 463480256 495400155 495400576 495399820 495400602
5219364658174754817,463480226 463480227 489753829 463480255 489734604 463480464
5219373716844838945,495366540 495400635 463480227 489753829 463480226 463480255
5219509945295700093,463480466 463480677 1228501633 463480493 463480227 463480471
5220156381478781093,463480322 463480497 463480242 463480553 463480493 463480221
5220182060751388867,463480472 463480226 463480476 463480465 463480240 463480227
5220530061818462385,495403354 495403326 463480350 495399820 463480473 495400602
5220559370821828743,463480466 463480227 463480236 463480482 463480539 463480465
5221560704074776853,463480474 463480227 489753829 463480226 463480255 489734604
5222385351493943422,495277192 495277303 495277184 495277293 495369801 463480322
5222402318900658305,463480359 463480691 463480213 463480214 463480235 463480457
5222863480353718452,463480224 463480225 463480481 463480223 463480227 495277614
5223940587677024557,463480466 463480464 463480697 463480255 463480227 463480256
5223958321133519062,463480465 463480255 463480227 463480471 463480464 463480697
5224222665935159639,495400155 495400576 495399820 495400602 495504580 463480699
5224455155994066979,495255645 463480322 463480553 495251312 495252594 463480242
5224770969314787376,463480697 489753829 463480539 463480256 463480227 463480464
5225158086049136662,463480429 463480225 463480224 463480223 495277614 463480481
5226312708578607370,495277184 463480468 463480665 463480359 494343225 463480242
5226685789695639796,463480471 463480256 463480227 463480464 463480539 463480237
5227108161246462102,463480429.0 463480493.0 463480693.0 495400618.0 463480497.0 463480227.0
5229397238821421297,463480477 463480227 489753829 463480226 463480255 489734604
5230340773605539999,463480214 463480212 463480235 463480655 495493530 495493336
5235475536570482813,495265942 495266185 463480381 495265949 495267299 495266964
5236748928274661717,463480696 463480273 495254783 495255157 495264479 495264589
5237163722240688253,463480337 495255157 463480359 495257134 495400939 495401664
5237848573532438554,463480481 463480429 463480225 463480224 463480223 495277614
5238679829358575660,495400602 495504580 463480699 495400618 495519114 463480694
5238814961207607546,463480221 463480497 463480322 463480242 463480553 463480493
5238938712584487038,463480691 463480213 463480235 463480214 463480457 463480665
5239442022036406603,463480221 463480497 463480322 463480242 463480553 463480493
5239657161480732694,495363656 463480698 463480429 463480359 463480355 463480227
5239697797542838302,463480227 463480429.0 463480493.0 463480693.0 495400618.0 463480497.0
5239912721012752488,463480240 463480317 463480658 463480472 463480237 463480471
5240003086149747042,495399719 495399912 489753829 495403165 463480358 495400631
5240287589221794094,463480493 463480489 495404008 463480483 463480472 463480226
5240305954473377799,495277614 463480225 495400155 495400314 495400431 495400576
5240704922373849316,463480483 463480346 463480359 495404000 495403990 463480350
5241109558039412897,1228501633 463480255 463480227 463480466 489753829 463480226
5241441709846167867,463480429 463480225 495276951 495400939 495277614 495400618
5241515648855834668,1228501633 463480466 463480255 463480256 489734604 463480465
5241768816815636603,495401138 495400155 495400314 495399700 495399696 463480227
5241971801300140290,463480227 489753829 463480226 463480255 489734604 463480464
5242058643720372578,495399912 463480358 495400631 489753829 495263416 495251659
5242327576149491713,495399696 495399700 495400385 495399934 495400618 495400431
5242346565876842546,495399696 495399934 495399700 1231113729 463480698 495363988
5243470946795520324,495256989 463480429.0 463480493.0 463480693.0 495400618.0 463480497.0
5243528254682562735,463480553 463480589 495403210 463480374 495403143 495403163
5243734952584937648,463480446 463480355 463480214 495370340 463480509 463480423
5244387926926164227,463480227 463480677 495399912 463480256 463480255 489734604
5244573434912702514,463480487 463480677 1231113729 463480346 463480698 495403354
5244927342728184150,495251659 495251097 463480693 495253324 495259045 495263416
5244949589507965282,495251659 1228501633 495403165 495400631 495263416 463480697
5245482661882888546,495403165 495400631 495263416 1228501633 463480697 495504580
5246436352008126604,495253324 463480693 463480553 495259045 495251097 495251312
5246852056246386844,463480227 463480677 1231113729 463480698 1228501633 463480471
5246991011013722249,463480227 489753829 463480226 463480255 489734604 463480464
5247189834003644423,463480697 495400155 495400385 495400618 495277614 495250885
5247861533744824677,463480473 463480240 463480472 463480465 463480476 463480227
5248830743070376076,463480497 463480694 495252594 463480553 495263416 463480693
5249069655878533447,495264589 1526098025 463480493 463480696 495264479 495255157
5250489502475223145,463480242 463480497 463480322 463480553 463480493 463480221
5251061761042022701,495251097 495264479 463480696 463480693 463480553 495264803
5252271318299836530,463480213 463480214 463480691 463480235 463480457 463480359
5257042518092021799,463480359 463480227 489753829 463480226 463480255 489734604
5258238077130244369,463480468 463480227 489753829 463480226 463480255 489734604
5259865436212166660,463480691 463480235 463480213 463480214 463480457 463480359
5260195417804767302,463480543 463480221 495260496 463480226 495255157 463480240
5260418904875598049,495402340 495370340 495369932 463480452 463480211 463480210
5260489451973115958,495403354 495403163 495403326 463480374 495401146 495403296
5260924150997057574,463480273 463480679 463480497 463480242 463480342 463480322
5261170376375533922,1228501633 495263416 463480697 495504580 495257134 495403168
5261415343089254493,463480359 494343225 495370340 463480224 495400939 489734604
5262144380594553131,1228501633 495400618 495401665 463480697 495403354 463480493
5262160835842670626,463480698 1228501633 463480467 1231113729 463480471 489734604
5262628727779491912,495257134 495403168 495403354 463480374 463480226 495399912
5263687370984652833,463480273 463480679 463480221 463480497 463480322 463480242
5264242798204813648,1228501633 463480227 489753829 463480226 463480255 489734604
5264345525256978562,495264589 495264479 495257134 463480696 495264803 495264235
5264592702821368107,495403354 463480493 495399696 495399912 495400155 495399700
5264781905827463422,495400939 495401895 495401893 463480359 495401664 495401138
5265004817017471161,463480242 463480497 463480322 463480553 463480493 463480221
5265040915456065608,463480374 463480226 495399912 495400576 495400155 463480389
5265082937530908702,463480374 463480683 495403163 495403326 463480699 495403165
5266493318050086962,495400618 463480227 463480466 463480358 495401146 463480374
5266728994338242629,463480231 463480429 463480359 463480355 463480227 463480224
5267334724468342845,463480466 495400618 495400385 495400576 495399975 463480464
5267421499232878935,463480256 463480464 463480240 463480466 463480471 489753829
5268941834934550578,495403163 463480389 463480493 463480429 463480693 463480689
5269365333157740858,495493336 463480452 463480457 463480213 463480214 463480691
5270304539381072091,489753829 495400155 463480227 463480226 463480255 489734604
5271209109780693019,463480213 463480429.0 463480493.0 463480693.0 495400618.0 463480497.0
5271486292095402110,463480227 463480470 463480465 463480467 463480468 463480471
5272346740333740349,463480213 463480235 463480228 495493945 463480359 495506916
5273992970115743900,463480487 463480471 463480466 489734604 463480464 463480465
5274353943354015979,463480227 489753829 463480226 463480255 489734604 463480464
5275389196973637654,495366540 463480457 463480493 495264235 495264589 495402010
5276546777800507471,463480346 495403990 463480483 495403982 495404000 495404012
5281362630180077870,463480211 463480213 463480214 463480691 463480235 463480457
5282269607367278922,495264235 463480497 463480322 463480242 463480553 463480493
5282377165132792030,463480473 463480467 463480240 463480227 463480465 463480226
5282467821254869264,1228501633 463480227 489753829 463480226 463480255 489734604
5282895146715447623,495401665 463480356 495401146 463480374 463480699 463480355
5283216269191151975,463480337 495276570 495515178 495276925 495276951 495276869
5283759280495788331,463480429 463480693 463480493 463480689 463480694 495255157
5284005748377649229,463480697 463480255 489753829 463480466 463480471 489734604
5284101449431908366,463480689 463480694 463480497 463480322 463480242 463480553
5284189248491880651,495401146 463480336 463480389 495403264 495370340 463480374
5284576671322341730,495399912 495400576 495400155 463480389 463480696 495254783
5284662024624668839,495399912 495400612 463480464 495400618 489734604 489753829
5285034762398597270,495400576 495399912 495277614 495400618 495400155 463480468
5285160498035949735,463480374 463480389 495370340 495369131 463480421 463480436
5285326461557801088,495255157 463480497 463480322 463480273 463480242 463480553
5285980735811879266,463480389 463480696 495254783 495264479 463480379 495403165
5286049557635924097,463480465 463480227 489753829 463480226 463480255 489734604
5286193053217325175,463480465 463480467 463480468 463480471 463480488 463480464
5287387088517595370,463480471 463480227 463480236 463480464 463480488 463480677
5287416060716515361,495251312 463480679 463480553 463480497 495250885 495255645
5287767509913043285,463480227 463480429 463480359 463480355 463480224 463480214
5288055843786588291,463480482 463480677 463480464 1228501633 463480471 463480467
5288098424093409405,463480465 463480677 1228501633 463480493 463480227 463480471
5289258361095979219,463480466 463480464 495400314 463480677 463480487 463480471
5289326272682131708,463480346 495400605 463480483 463480359 495404000 495403990
5289518321496490089,495256989 463480693 463480497 463480322 463480242 463480553
5289702225398988950,463480242 463480497 463480322 463480553 463480493 463480221
5289706599702593836,495369131 463480421 463480436 463480336 495403210 495400155
5290153127383138583,463480255 463480227 489753829 463480226 489734604 463480464
5290369594310787250,463480465 463480466 463480255 463480256 489734604 463480464
5290712227504717945,489753829 463480256 463480539 463480464 489734604 463480255
5291315175358988611,463480210 463480679 463480223 463480383 463480483 495403982
5291665313952956715,463480695 463480693 463480242 463480543 463480468 495400618
5291958278442975443,495401146 463480356 463480359 463480355 463480358 495400939
5293004730391855309,463480440 463480221 463480226 463480493 463480543 495260496
5294002135672291335,463480543 463480468 495400618 463480697 463480464 463480236
5294263683710451868,495260496 463480553 463480693 463480679 463480221 463480322
5296182677387608095,495366540 495366610 463480360 463480457 463480359 463480493
5296213490484117524,463480472 463480227 489753829 463480226 463480255 489734604
5296257813858222428,463480489 463480493 463480483 463480486 463480226 463480471
5296577308544467208,463480240 463480227 489753829 463480226 463480255 489734604
5296858487697965324,463480226 463480227 489753829 463480255 489734604 463480464
5296962303958974777,463480472 1228501633 463480486 463480226 463480240 463480320
5300262153387769886,463480221 463480497 463480322 463480242 463480553 463480493
5304494059793154286,463480652 463480670 463480210 463480429 463480219 463480452
5305089604155343119,463480210 463480223 463480273 463480497 463480242 463480342
5305113948060909577,495400043 463480255 463480256 489734604 463480465 463480464
5306049324018565127,463480468 463480236 495400618 463480697 463480429 495401146
5306375418028490890,463480539 463480227 489753829 463480226 463480255 489734604
5306647742238687586,463480696 495254783 495264479 463480379 495403165 463480699
5306802894460420378,463480436 463480336 495403210 495400155 463480221 463480273
5307758344845656207,463480493 495264589 463480497 463480322 463480242 463480553
5308366501575917891,463480223 463480383 463480497 463480322 463480242 463480553
5308370162428674395,489753829 463480227 463480226 463480255 489734604 463480464
5308375500639436872,463480699 463480379 463480476 463480473 463480474 495250885
5308606149662605626,463480322 495251312 495255645 463480553 463480242 495252594
5308635170750595272,495400618 489753829 463480539 463480256 463480227 463480464
5308915551223677221,463480227 463480255 463480256 489734604 463480465 463480464
5308932296871772372,463480221 463480497 463480322 463480242 463480553 463480493
5309383910014058820,463480322 463480679 463480497 463480342 463480693 463480221
5309646914906488937,463480226 463480486 463480320 495399820 1228501633 463480471
5310455954946130106,495404035 495277184 495277303 495277192 495277293 495369801
5310593517718601763,495400939 463480355 463480372 463480359 495403699 463480371
5311538884415848802,463480472 463480476 463480474 463480473 495251659 495264005
5311716762594574572,495250885 463480242 463480497 463480322 463480553 463480493
5312273839196733557,495276976 463480497 463480322 463480242 463480553 463480493
5313856054362374456,463480221 463480273 463480497 463480242 463480342 463480322
5314125980063236160,495401146 463480693 489734604 495400618 463480358 495256593
5315186155748851954,495519137 463480429.0 463480493.0 463480693.0 495400618.0 463480497.0
5315252655798092125,463480221 463480497 463480322 463480242 463480553 463480493
5316164529764958220,463480468 463480429.0 463480493.0 463480693.0 495400618.0 463480497.0
5317020820192362838,463480474 463480473 495251659 495264005 495250885 463480553
5317423570061885529,463480679 463480493 495260496 463480214 463480226 463480227
5317475650500821101,1228501633 463480476 463480465 489734604 463480467 463480539
5317524268069683300,463480691 463480213 463480214 463480235 463480457 463480359
5317988558541160643,463480226 463480213 463480214 463480691 463480235 463480457
5318440503324180624,463480322 463480497 463480694 495251312 463480242 495253660
5320382076136194349,463480465 489734604 463480467 463480539 463480697 489753829
5320965296598810797,463480539 1228501633 463480471 463480464 489734604 463480467
5326931237218287931,489753829 489734604 463480677 495400618 463480464 463480466
5327409419564351593,463480539 463480697 489734604 463480466 463480465 463480256
5328015551406276967,463480679 495251312 1526105009 463480553 463480273 495259045
5329526101106491746,495256989 463480694 495252594 463480553 463480242 463480322
5329572195609608486,495256989 495250885 463480693 463480242 495403165 463480473
5330589197271826500,463480474 463480240 463480227 463480465 463480226 463480467
5330905353726984527,495256989 495256039 463480497 463480322 463480242 463480553
5331237890333606189,495399696 463480468 463480255 463480488 463480482 463480236
5331271399117422766,463480226 463480255 463480256 489734604 463480465 463480464
5332013504354058487,463480242 463480342 463480322 463480497 463480679 463480641
5332783305333932100,495251659 463480679 463480322 463480689 463480221 463480497
5332816588512690227,463480693 495251097 463480429 495400618 463480553 463480687
5332947279843164238,495403165 463480374 495403168 463480683 495403326 463480699
5332985286021611652,463480473 463480227 489753829 463480226 463480255 489734604
5333015579755020500,463480543 463480497 463480322 463480242 463480553 463480493
5333098077071867937,463480693 495259045 495253324 495251659 495251097 495263416
5333137373374709823,463480224 463480223 463480225 463480429 463480481 463480227
5333189431622369604,495250885 495259981 495264005 463480695 463480242 495256989
5333989392209674459,463480346 463480677 1231113729 489753829 463480486 463480226
5334498330023035144,463480679 495259045 495253324 495251659 463480497 463480342
5335773966843772972,463480497 463480322 463480694 495251312 463480242 495253660
5336263186708693132,495277303 463480381 463480228 495369801 495277184 495266185
5339506769226104891,495399966 495400341 463480472 463480226 463480658 463480237
5340323633045438753,463480493 463480497 463480322 463480242 463480553 463480221
5348018080358334772,463480493 463480227 489753829 463480226 463480255 489734604
5348811418617774132,495402179 495401995 495401997 495402268 495402258 495403354
5350537284841373997,463480227 463480226 489753829 463480255 489734604 463480464
5350860082397315386,495264235 463480543 463480273 495260496 463480493 463480226
5351376292059021426,495400341 463480493 463480543 463480226 463480472 463480658
5352317930624778574,463480687 463480553 463480224 495400618 495400576 495399700
5352508309283537115,463480464 463480467 463480466 463480227 463480487 1228501633
5352856838639452279,463480464 463480482 463480677 463480471 463480467 1228501633
5353093084594831639,495400431 1228501633 463480471 463480464 489734604 463480467
5353787128772034874,463480465 463480359 463480358 495401665 495400939 495401664
5353838633060663436,495260496 495399719 495400043 495400314 463480486 463480240
5355449023386615903,495400618 495400939 463480379 463480465 495400635 495399820
5356273910669639829,463480256 495399934 495400618 463480493 463480226 463480346
5357275634150932631,463480665 495493945 463480452 463480653 463480655 463480429
5359273751074832420,463480497 495250885 495251312 463480242 463480322 463480679
5359378579962724385,463480457 463480242 463480693 463480493 495519114 495400155
5361582915957031021,495400939 463480356 495401665 495401146 463480484 495403408
5361829694582030660,463480493 463480543 463480214 463480665 463480213 463480259
5362052315282145326,495401664 463480359 495401138 495400939 463480665 495401665
5362098959128199469,463480255 463480539 463480466 463480227 489753829 463480226
5362566027157438542,463480665 463480213 463480453 463480259 463480405 463480235
5363457534995988735,1228501633 463480227 489753829 463480226 463480255 489734604
5364640611737272567,463480466 1228501633 489734604 489753829 463480227 463480464
5364721924263903450,463480355 463480359 463480356 463480358 495400939 495401665
5365632782841938156,463480467 463480466 463480464 463480227 463480487 1228501633
5366692296412626993,463480447 463480493 463480226 463480346 463480213 463480210
5368550748878274603,463480493 495400341 463480210 463480336 463480226 463480214
5371166465970143419,495402268 495402254 495401997 495402010 495402014 495402258
5374113913098993685,463480242 463480693 463480497 463480322 463480553 463480493
5374237107518963962,463480472 463480493 463480227 489753829 463480226 463480255
5375308719088992429,463480497 463480322 463480242 463480553 463480493 463480221
5375317906640076843,463480336 463480212 463480452 463480211 463480214 463480210
5376478614509584391,495402312 463480213 463480214 463480691 463480235 463480457
5376628751502672144,463480256 463480227 489753829 463480226 463480255 489734604
5378699935055085626,463480224 463480429 463480225 463480223 495277614 463480481
5379478362129170507,463480543 495400385 463480227 489753829 463480226 463480255
5379689478539182213,463480539 495404008 463480697 463480256 463480464 463480255
5380588669874995557,463480466 463480474 463480240 463480493 463480226 463480472
5380605286101287211,463480695 463480497 463480322 463480242 463480553 463480493
5380653649359536286,463480493 495519114 495400155 463480429 463480379 495403354
5380914257034739737,463480539 463480467 463480487 463480464 463480697 489753829
5381415755961073762,489753829 495400431 495400155 463480227 463480226 463480255
5381648976101245188,463480471 489753829 463480227 463480226 463480255 489734604
5381746033574281478,463480487 463480677 463480255 463480256 489734604 463480465
5381864518733266968,495519137 495519119 495519114 463480213 463480259 463480683
5381938554791264526,495400155 495400618 1228501633 495399997 495399975 463480472
5382183171746693153,463480429 463480379 495400618 495403354 463480698 463480697
5382252527775121605,463480697 463480489 463480359 495400618 495400939 495401664
5382765517524435003,463480379 495400939 463480465 495400635 495399820 1526098025
5383721309451845832,463480481 463480493 494343225 463480429 463480225 463480224
5385094284475367597,463480539 463480255 495400631 463480227 489753829 463480226
5385401067391942917,495400155 495400385 495400618 495400431 495400631 1228501633
5385864403530285057,463480473 463480477 463480475 463480226 463480658 463480476
5385865734721110337,463480665 463480255 463480655 463480213 463480457 463480691
5386053251723428201,463480481 463480346 463480429 463480225 495277614 463480213
5386150338092597583,463480472 463480227 489753829 463480226 463480255 489734604
5386205350833422512,495404012 495404008 463480346 463480483 495403982 495403990
5386566700531187864,463480697 463480227 489753829 463480226 463480255 489734604
5387006249854828838,495399719 463480493 463480543 463480699 495401664 495260496
5387199311462006996,463480473 463480487 463480240 463480227 463480465 463480226
5393882751054381072,463480255 489753829 463480539 463480256 463480227 463480464
5395204718128005379,463480472 463480464 463480256 463480471 463480697 463480468
5395462726516474213,495401665 495401146 463480358 463480356 463480359 463480355
5395728183822647335,463480240 463480227 489753829 463480226 463480255 489734604
5395809188110139515,495277303 495277293 495277184 495277192 495369801 463480322
5396670792160248122,1228501633 463480227 489753829 463480226 463480255 489734604
5397585496595497303,463480497 463480322 463480242 463480553 463480493 463480221
5397724758356787415,489753829 463480464 463480346 463480468 463480227 463480226
5397769246371741800,463480471 463480227 489753829 463480226 463480255 489734604
5397785463532028062,463480697 463480698 495400618 495399934 495259045 463480693
5398231920611688722,463480694 495252594 495251659 495251097 495263416 463480242
5398902635131044071,463480472 463480240 463480465 463480476 463480227 463480464
5398932131758473294,495400618 495399934 495259045 463480693 463480342 463480468
5399161391151579164,463480342 463480693 495251312 495255645 463480322 495263729
5399447938182152324,495399700 489734604 463480466 463480697 495399912 495399934
5399648335109030221,495399912 495399700 463480698 495401138 463480483 495266983
5399720563437469757,463480342 463480497 463480221 463480679 463480322 463480689
5399868923381022816,463480468 463480483 495403982 495403990 495404000 463480350
5400007003920924839,463480336 495403210 495400155 463480221 463480273 495263416
5400209301018247317,463480374 463480683 463480699 463480589 463480356 463480379
5400393037967786178,495277202 495277184 463480381 463480452 495250885 495252594
5400723175879999543,463480698 463480429 463480359 463480355 463480227 463480224
5400829031611891866,463480497 463480679 463480322 463480242 463480553 463480493
5401344582974701880,495266983 495277192 495277293 495277303 495265868 495266185
5401450014130569408,463480213 463480227 489753829 463480226 463480255 489734604
5401553631160041479,463480655 463480691 463480240 463480472 463480465 463480476
5401644815519318300,463480468 463480227 489753829 463480226 463480255 489734604
5401782653632119076,463480474 1228501633 463480487 463480473 463480552 463480545
5402391976137982261,495400576 495399912 495400385 495399934 495400618 463480466
5402744078909571266,463480452 495250885 495277202 495277303 495252594 495400612
5403236282504052830,463480473 463480677 1228501633 463480493 463480227 463480471
5403919887798108477,463480210 463480457 463480213 463480653 463480655 463480235
5405534253802324077,463480356 495255157 463480336 495400939 495401664 495264479
5406163743361990759,463480497 463480452 463480213 463480235 463480214 463480655
5406530646247211087,463480493 463480497 463480322 463480242 463480553 463480221
5407317182670700871,463480475 463480486 463480227 489753829 463480226 463480255
5408034372916347161,463480486 463480677 1228501633 463480493 463480227 463480471
5408040998004326464,463480471 463480477 463480226 495404008 463480240 463480237
5408311522593865907,463480346 463480639 463480486 463480240 463480473 463480658
5408738300168503532,495404008 463480240 463480477 463480237 463480472 463480465
5409489273691046236,463480539 489753829 463480465 463480227 463480226 463480255
5410435492459577360,463480665 463480213 463480691 463480214 463480457 495493336
5418923742135320811,495400618 463480497 495399912 489734604 495400576 463480487
5419513669056201016,495266983 495277303 463480381 463480228 495369801 495277184
5419713410021982406,489753829 495266649 463480355 463480356 495401665 463480358
5420112496818127203,463480467 463480487 463480429.0 463480493.0 463480693.0 495400618.0
5420430850413035598,489734604 495400576 495400618 463480487 463480242 463480696
5420454896888709461,495399934 495400618 495400576 463480464 489753829 463480539
5420703366361383188,463480493 463480486 495493336 463480476 463480473 463480475
5420970314098278667,489734604 495399912 495400618 495400385 495400576 495399975
5421315323369095229,463480221 463480497 463480342 463480322 463480242 463480553
5421857242019004595,495403210 495400155 463480221 463480273 495263416 463480342
5422231345190928589,489734604 489753829 463480466 463480464 463480697 463480539
5422888866152972438,495400385 495264803 495252594 495400612 463480497 463480693
5422972731626094637,463480477 463480240 463480497 463480322 463480242 463480553
5423354370952003809,495400618 495399934 463480487 463480227 489753829 489734604
5423700762463830048,463480273 495263416 463480342 495400612 495403143 463480381
5424552594698141757,463480483 463480489 495403990 495403982 495404000 495404012
5425150985020637274,463480691 463480259 463480665 495400939 463480213 463480214
5425777887728631937,463480677 463480227 463480236 463480464 463480488 495400618
5425794490491207931,463480273 463480342 495263416 495400612 495403143 463480381
5425933112232378644,495366540 463480497 463480679 463480322 463480221 463480553
5426891537221157001,495401146 495401664 463480358 463480355 495401665 495400939
5427976473146556543,463480359 463480210 463480457 463480665 463480212 463480429
5428196266524541078,495400612 463480497 463480693 495251659 495259045 495400618
5428222947188277457,495259981 463480242 463480553 463480693 495264005 463480362
5428700397258670273,463480255 463480256 489734604 463480465 463480464 463480468
5429275463381942419,489734604 463480429.0 463480493.0 463480693.0 495400618.0 463480497.0
5429442888378351793,489734604 463480227 489753829 463480226 463480255 463480464
5429844597297643611,463480356 495401664 463480359 463480665 495401138 463480355
5429974752539443525,495259045 495400618 463480487 495399934 495400631 463480473
5430413567240962160,489734604 489753829 463480464 463480467 463480697 463480539
5430841276126986496,495254783 495257134 463480493 495255157 463480696 463480543
5430938969302630734,463480429 463480359 463480665 463480223 463480553 494343225
5431662743408345187,463480391 463480389 495277303 495506916 495506738 463480436
5431719750542295379,463480475 463480226 463480472 463480486 463480476 463480468
5431744265006088402,463480429 463480223 463480225 463480210 463480224 463480481
5432325274180518203,495401138 463480359 463480355 463480356 463480358 495400939
5432624176237117704,495400939 463480359 495401664 495401138 463480224 495401893
5432762960140304465,463480474 463480227 489753829 463480226 463480255 489734604
5432851710376673454,463480227 463480429.0 463480493.0 463480693.0 495400618.0 463480497.0
5441681206757294405,495400631 463480473 463480474 463480691 463480322 495256989
5442614945679409276,463480242 495253660 463480322 463480342 463480497 463480553
5443006504711225494,463480468 489734604 463480493 463480236 1526098025 463480699
5443045291621089566,463480226 463480543 495260496 463480221 495255157 463480240
5443061308232827131,489734604 463480227 495400618 463480468 489753829 463480226
5443526355969900721,495400612 463480493 495265868 495400618 495399934 463480589
5443553816956108853,495254783 463480497 463480322 463480242 463480553 463480493
5445872402516148549,463480699 495403143 1526098025 463480470 463480497 495251659
5445947062589849609,463480468 463480493 463480543 463480221 495260496 463480226
5446640557466321004,463480487 463480683 463480699 463480589 463480374 463480356
5446752778308288662,463480677 463480227 489753829 463480226 463480255 489734604
5446855656315551938,463480497 463480683 463480699 495403143 463480322 463480693
5447070649712115784,495529087 495493336 495528509 495528684 495522468 495512445
5447369331304562703,495403990 463480493 495264235 495264589 495402010 463480226
5447753864934326524,463480543 463480497 463480322 463480242 463480553 463480493
5448890806071984142,463480227 489753829 463480226 463480255 489734604 463480464
5449202900954775823,495400939 463480697 463480350 495403699 463480589 463480358
5449763330378694806,463480553 463480468 495400618 463480699 463480694 463480429
5452380331219615841,463480468 495400618 463480699 463480429 463480694 463480553
5453314066025546153,463480342 495253660 463480242 463480497 463480693 495250885
5453668484100653344,463480543 463480227 489753829 463480226 463480255 489734604
5453834332189229357,495250885 495251312 463480242 463480693 495277184 463480342
5454333205055012904,495276891 495276951 495276570 463480400 495529087 463480514
5463388342194012605,463480694 463480679 495251312 495253324 463480553 463480497
5464517900925141296,463480466 463480227 489753829 463480226 463480255 489734604
5464536414393467009,463480227 489753829 463480226 463480255 489734604 463480464
5465225630740119913,463480493 463480210 463480212 463480452 463480211 463480214
5465439206447513698,495400618 463480468 463480466 463480697 495399934 495399912
5465444656322183355,463480694 463480497 463480322 463480242 463480553 463480493
5466034069825388673,463480465 495400635 495399820 1526098025 463480497 463480467
5466237881094767017,495366540 463480493 463480226 463480359 463480472 495260496
5466490904291049774,495260496 463480356 495400939 495401664 463480227 463480358
5466691987395838139,495400618 495399934 463480589 463480358 495521342 495400624
5466731164335341696,463480539 463480227 489753829 463480226 463480255 489734604
5466881298272354559,495251312 463480322 463480694 495253660 463480497 463480242
5466987825384390685,463480497 463480322 463480242 463480553 463480493 463480221
5467231242282860597,495400618 463480227 489753829 463480226 463480255 489734604
5467834706261966920,463480553 463480694 463480322 495253660 463480497 495251312
5468205126481871239,495252594 489753829 463480226 463480227 463480255 489734604
5468405140987052324,463480374 463480683 495403165 495403163 463480699 495403168
5468443781837357062,463480683 495403165 495403163 463480379 463480699 495401665
5468452779648876712,495277184 463480429.0 463480493.0 463480693.0 495400618.0 463480497.0
5468603372254789720,463480381 495266185 495256989 495403326 463480683 495254783
5468789002813046881,463480213 463480693 495400618 495399934 489734604 463480473
5468917935987491057,463480465 463480486 463480226 463480471 1228501633 463480472
5469172478102995030,463480457 463480213 463480655 495493530 463480452 463480235
5469650420566327324,463480539 463480693 463480553 495251312 495251659 463480497
5469784160367804603,463480589 463480358 495521342 495400624 495400635 495399820
5469930165791359289,463480256 495399934 495400618 463480539 463480255 463480465
5470378759812546834,495491082 463480683 495403296 463480381 495266964 495277184
5470386401537687674,463480487 463480227 463480256 463480464 463480539 463480237
5470940462301315346,495266185 495256989 495403326 463480683 495254783 495370340
5471135569514070065,463480543 463480493 495260496 495276891 495404000 463480446
5473144590552006935,463480273 463480221 463480543 463480497 495257134 463480322
5473571366552207497,495399934 463480473 463480698 463480693 463480231 495400939
5474403820363055149,463480213 463480235 463480453 463480214 463480691 463480259
5474479307054383130,495400939 495401664 463480698 463480225 463480429 463480224
5476655852433965232,495399820 463480543 463480226 495260496 463480221 1228501633
5477258421148057764,463480322 463480497 463480242 463480553 463480493 463480221
5477464666856227081,495400043 463480493 463480226 463480346 463480213 463480210
5477779429079384162,463480697 463480227 489753829 463480226 463480255 489734604
5486208130017132573,463480477 463480677 463480227 489753829 463480226 463480255
5487092452111155595,463480693 495259981 463480497 463480322 463480242 463480553
5487273866816913666,463480693 463480231 495400939 495251097 463480497 463480471
5488072980824064105,495400635 495400602 463480227 489753829 463480226 463480255
5488609138569118077,463480497 463480322 463480242 463480553 463480493 463480221
5489607742716379435,463480665 463480213 463480214 463480691 463480235 463480457
5489769479092830633,463480468 463480227 489753829 463480226 463480255 489734604
5490052858162446476,463480489 463480346 463480483 463480359 495404000 495403990
5490137838033568187,495399820 1526098025 463480497 463480467 495256039 495250885
5490241500149973254,463480210 463480359 463480457 463480665 463480212 463480429
5490291469329367063,495400341 495399966 463480227 489753829 463480226 463480255
5490414182105088298,463480465 489734604 463480697 463480464 463480255 463480466
5491642404704878832,463480677 463480227 489753829 463480226 463480255 489734604
5491671186215534689,463480497 495251097 463480471 463480236 495259045 463480374
5492464506288734567,495400602 495400635 495400341 495399820 495399719 495255157
5492469690252656827,495400635 495399820 495277614 463480482 463480514 463480504
5492729959494975828,495401664 495400939 463480231 463480684 495363656 463480677
5492806305478082697,463480236 495259045 463480374 463480379 463480683 463480358
5492824714665263461,463480452 463480405 463480235 463480213 463480665 463480214
5492900043246272577,463480543 463480497 463480322 463480242 463480553 463480493
5493259482711982172,463480476 463480487 463480474 463480473 463480552 463480545
5493531259820572809,463480683 463480374 463480358 495277614 463480553 495251659
5494706831602745448,463480543 463480457 463480429 463480225 463480224 463480223
5495677836723749042,463480240 463480472 463480226 463480476 463480493 463480473
5496187105516978379,463480493 463480227 489753829 463480226 463480255 489734604
5497171935516164144,463480221 463480497 463480322 463480242 463480553 463480493
5498453818466107672,463480683 495400635 463480475 495399912 463480473 495399719
5499616474850918659,495370340 495369801 495369277 463480506 463480504 495403326
5501121064127955348,463480589 463480683 463480699 463480374 463480356 463480379
5502220242101207142,463480429 463480225 463480224 463480223 495277614 463480481
5512137882174750817,495250885 463480553 463480693 463480237 463480482 495277614
5512982446917288204,463480466 463480227 489753829 463480226 463480255 489734604
5513179406956495106,463480482 463480236 495277614 463480687 495506738 463480379
5513699576779637069,463480482 495277614 463480514 463480504 463480593 1432513025
5514726909060317243,489753829 489734604 463480227 463480226 463480255 463480464
5514747073955627257,495400043 495400618 489753829 495399700 495399934 495400385
5514981943857381657,495277614 463480213 463480356 495401664 463480224 463480491
5515396011949555807,495401665 495401146 463480374 463480699 463480355 463480358
5518882841557205144,463480337 463480228 489753829 463480468 463480336 463480429.0
5519303296798687465,463480493 463480212 463480452 463480211 463480214 463480225
5521473484003475561,463480691 463480213 463480235 463480214 463480665 463480259
5523202664376041753,495506916 463480358 495370032 463480439 463480589 495370340
5523330311742292286,495506916 463480589 495370032 495506738 495507034 495507248
5524195672639930490,463480477 463480227 489753829 463480226 463480255 489734604
5524410269628367111,463480221 463480497 463480322 463480242 463480553 463480493
5524454558553342177,463480470 463480227 463480465 463480446 463480468 463480677
5524767763394723946,463480683 495403143 495506738 463480379 495403168 495403163
5524798850210463746,463480683 495403143 463480379 495403168 495403326 495403163
5533326327417405457,463480350 495403699 463480589 463480358 463480359 495400939
5533992155913650355,463480477 463480429.0 463480493.0 463480693.0 495400618.0 463480497.0
5534150182205653129,495401665 495403326 495370032 495369932 495369958 495370340
5535196595073318970,495370340 495369932 495370032 463480379 495403326 463480374
5535366662876823883,463480484 463480355 463480504 463480358 495403143 463480506
5535431174021709961,463480504 495400618 463480466 463480227 1228501633 463480468
5535495783835762914,463480227 463480240 463480465 463480226 463480467 463480487
5535543356452765698,495403326 463480504 463480514 495370340 495368385 495522303
5536281260483674299,1432513025 495401665 495400618 463480504 463480374 463480379
5536693469761503530,463480358 463480484 495401665 495401146 463480361 463480355
5537192125107798390,463480256 495400618 463480466 495399696 463480255 489753829
5537248276259799424,463480213 463480691 463480235 463480214 463480457 463480665
5537284449962557442,463480514 463480504 463480600 495519576 495519599 495528684
5537303384330076228,463480227 463480429.0 463480493.0 463480693.0 495400618.0 463480497.0
5537475891929547195,463480497 463480467 495256039 495250885 463480226 463480379
5537534711794499656,495400618 463480504 463480374 463480379 463480699 463480696
5538054608915530174,463480358 495401665 463480355 463480356 495401146 463480683
5538063615607963903,489753829 463480227 463480226 463480255 489734604 463480464
5538130274364948505,463480256 489753829 463480227 463480464 463480677 463480697
5539341433199919165,463480240 463480472 463480476 463480465 463480227 463480464
5539603754390913409,495400618 463480227 489753829 463480226 463480255 489734604
5539632939291640066,463480468 495400618 463480379 495403163 495403168 495403326
5539695826474107137,495400618 463480677 1228501633 463480493 463480227 463480471
5540442128521101409,463480677 463480482 495264235 495264479 495254783 463480696
5540502762244276291,463480665 495400939 463480359 463480355 463480356 463480358
5541098064956621159,463480242 463480497 463480322 463480553 463480493 463480221
5541176191153340771,463480481 463480225 463480429 463480224 463480223 495277614
5541210994812911937,495400602 495400635 1228501633 495400155 495399934 495399912
5541423773330702654,495259981 463480362 495264005 463480242 463480694 463480695
5541578740413235278,463480213 463480356 495401664 463480491 463480224 463480481
5542020065460486369,463480214 463480213 463480691 463480235 463480665 463480457
5542075061898051742,463480468 463480677 463480482 463480465 463480446 463480227
5542987672798101521,463480482 463480677 463480468 1228501633 463480471 463480464
5543899193500237828,463480695 463480497 463480322 463480242 463480553 463480493
5545153742308638919,463480221 463480359 495400939 463480696 495264589 495254783
5545549404122382645,463480665 463480457 463480691 463480486 494343225 463480653
5545658510919598419,495491082 495493530 463480423 463480213 463480425 463480235
5546201457717149739,463480346 463480350 463480483 489734604 463480467 463480471
5547311541928591738,463480677 463480468 463480471 463480464 463480467 1228501633
5552509420397396074,463480212 463480493 463480226 463480346 463480213 463480210
5554893290671702274,495264479 495254783 463480696 495404012 463480693 463480694
5555699252837220774,495264479 495254783 495264803 495255157 463480696 495257134
5556071867294417155,495370340 495522303 463480392 463480389 463480684 463480429
5556267863267606849,495363656 463480429 463480359 463480355 463480227 463480224
5556500894763712782,489753829 463480697 489734604 463480227 463480464 463480677
5557085855018647728,495370340 495508494 463480504 463480513 463480514 463480356
5557211882815488072,463480374 463480379 463480699 463480696 495264235 495277614
5557245608078344633,495250885 495256989 463480221 463480322 463480497 463480679
5557595556593795259,463480240 463480472 463480465 463480476 463480227 463480464
5557694348032475266,463480539 489753829 463480227 463480464 489734604 463480466
5558255637102854255,463480359 495401664 495400939 463480665 463480224 463480493
5558470936705630214,495253324 463480497 463480322 463480242 463480553 463480493
5558844257845117279,463480226 463480473 463480486 463480658 463480472 463480477
5559038692503584792,463480237 495399700 463480227 489753829 463480226 463480255
5559242904874516689,463480488 495400043 463480487 463480236 463480464 495399719
5560028695789043970,463480696 495264235 495400618 463480665 463480493 463480210
5560173190300041549,495264235 495277614 463480337 495263416 495400612 495250885
5561445982819319921,495370340 463480513 463480514 463480356 495260496 495256989
5562179177933439220,463480457 463480346 463480653 463480213 463480691 463480665
5562486908548284460,463480514 463480356 495260496 495256989 463480553 495257134
5562510941849125197,489734604 463480697 463480464 463480255 463480466 463480256
5563171811255910447,495492744 463480213 463480214 463480691 463480235 463480457
5563435536510091336,495263416 495400612 495250885 489734604 495399934 495400576
5567091010162655311,463480221 463480273 463480696 495254783 495257134 495260496
5567969956802330943,463480677 463480464 463480256 463480471 463480697 463480465
5568615685238817101,463480493 463480677 495399719 495260496 463480221 463480226
5569250954662117752,495493945 495400939 495401138 463480665 463480358 495401664
5569318865301667898,463480665 463480359 463480355 463480356 463480358 495400939
5569642732305252685,463480497 463480322 463480242 463480553 463480493 463480221
5570613867728863588,495399719 1228501633 495493336 495492744 495493530 495491082
5578358577107566925,495400612 495250885 489734604 495399934 495400576 495400618
5579624404716879969,463480697 495277614 1231113729 463480356 463480698 463480466
5579637814601974126,463480224 463480429 463480225 463480223 495277614 463480481
5579729394874450148,495401665 463480497 495401146 463480468 463480356 463480355
5579856947002474504,495255340 463480497 463480553 463480322 463480679 495251312
5579936671050498069,463480227 463480429.0 463480493.0 463480693.0 495400618.0 463480497.0
5580807760934338839,1228501633 495399700 495399934 495399912 495400043 495399696
5581083306117824699,495400612 495250885 489734604 495399934 495400576 495400618
5581445765199298716,463480543 495260496 495276891 495404000 463480493 463480446
5581465289623077150,463480493 495276891 495404000 495260496 463480446 495265949
5581745551550447754,495276976 463480497 463480322 463480242 463480553 463480493
5582457479197098192,463480355 495369801 495277303 495404035 463480439 495370340
5583036018169741761,495400635 495400631 495399966 495401138 495399820 463480359
5583634892443091040,463480226 463480227 489753829 463480255 489734604 463480464
5583714230099771578,463480439 495369932 495369801 495370340 495402312 495369277
5584369346301133059,463480213 463480453 463480214 463480235 463480691 463480665
5584848380483862616,463480691 463480213 463480214 463480235 463480457 463480359
5585608270603616478,463480677 463480467 489753829 463480466 463480471 489734604
5585972455771209912,463480486 494343225 463480665 463480457 463480653 463480227
5586308976513384703,463480359 463480543 495260496 463480240 463480221 463480493
5586933574264684667,463480256 463480227 489753829 463480226 463480255 489734604
5588438258573639791,463480483 495403990 495404000 463480346 495404008 463480489
5588974022188597400,463480213 463480214 463480235 463480691 463480665 463480453
5589743434438279524,495256039 463480493 463480226 463480346 463480213 463480210
5589895002160103809,495403143 463480683 463480699 463480589 463480374 463480356
5589931239680246151,463480359 463480493 463480226 463480346 463480213 463480210
5590588704243318856,463480322 495251312 495255645 495263729 495250885 463480497
5592659552748699675,463480493 463480683 463480699 463480589 463480374 463480356
5592838613607121179,495251312 463480679 495259045 495261776 495252594 495255645
5597068952452465073,463480497 463480322 463480242 463480553 463480493 463480221
5598165954416607319,463480223 463480429 463480225 463480224 495277614 463480481
5600071390471127353,463480466 495400618 489753829 463480464 463480697 489734604
5601387214645756126,495277303 495277184 495277192 495277293 495369801 463480322
5601573182773133686,495400939 495401664 463480493 463480358 463480226 463480355
5601681376809582930,495277303 495277184 495277192 495277293 495369801 463480322
5602595498224779300,463480652 463480670 463480429 463480210 463480224 463480482
5603417693132685570,495400618 463480487 489734604 463480497 495251659 495253324
5604044978336039242,1526105009 463480497 1526098025 463480322 463480694 495256593
5604440035114614881,495251659 463480497 495253324 495256989 495263729 495250885
5604599103623004509,495251312 463480429.0 463480493.0 463480693.0 495400618.0 463480497.0
5604762689562476983,489734604 463480227 463480236 463480488 463480464 463480487
5605295048746860647,463480214 463480493 463480226 463480346 463480213 463480210
5605295581598318850,495255645 495250885 495256989 463480491 463480691 495277614
5605349727975768428,463480589 463480683 463480699 463480374 463480356 463480379
5607495051590762618,463480464 463480470 463480466 463480471 463480465 489734604
5607618928300785761,463480491 463480691 495277614 495254783 495264589 463480696
5607928675644735861,463480467 489734604 463480256 463480255 463480465 463480464
5608959499427905711,463480242 463480497 463480322 463480553 463480493 463480221
5609338001677877569,495264589 495255157 495264803 495264479 463480221 463480493
5609369007884337495,463480652 463480670 463480429 463480210 463480224 463480482
5610014259038912919,495277614 463480429 463480359 463480665 463480223 463480553
5610212637444669588,495400314 463480227 463480255 463480464 463480465 463480256
5610831977529475317,495365549 463480429 463480359 463480355 463480227 463480224
5611079659617517823,495369801 489753829 463480227 463480539 463480464 489734604
5611443050039214090,463480694 463480497 463480322 463480242 463480553 463480493
5612248578583953790,463480697 463480255 463480227 489753829 463480226 489734604
5612665088787087696,463480470 463480464 463480227 463480488 463480471 489753829
5612725230442643474,463480273 463480497 463480322 463480242 463480553 463480493
5613516980035256603,463480429 463480359 463480665 463480223 463480553 494343225
5613906354829525354,463480491 463480224 463480481 463480355 495400939 463480359
5614699644534652991,463480497 463480694 495252594 495251659 495251097 495263416
5618813324188975120,463480255 463480227 489753829 463480226 489734604 463480464
5621122767529443683,495488569 463480421 463480212 495369932 495370340 463480514
5622694142527930709,463480227 463480228 463480212 463480392 463480389 463480684
5623360782585823490,495400618 463480227 463480359 463480355 489734604 495401665
5623362769278730597,463480493 495260496 463480446 495265949 463480543 463480497
5623883124030308376,463480242 463480497 463480322 463480553 463480493 463480221
5623935079036748034,495400618 463480227 463480359 463480355 495401665 489734604
5625004658000134506,463480226 463480493 463480346 463480213 463480210 463480227
5625569080084267149,495400314 463480227 489753829 463480226 463480255 489734604
5625854909455532245,463480273 463480497 463480322 463480242 463480553 463480493
5626012756004307001,495400939 463480356 463480358 463480355 495401665 495401146
5627628900964630944,463480223 463480224 463480225 495277614 463480481 463480665
5628272548705468562,463480471 489734604 463480553 463480693 495403354 463480683
5628370213089050761,463480355 495401665 463480225 495277614 495250885 495400618
5628590715642577083,495399934 495400576 495400618 463480225 495277614 463480493
5631006293102690349,463480696 463480497 463480322 463480242 463480553 463480493
5631182229595488635,463480211 463480493 463480226 463480346 463480213 463480210
5631201366961029307,495277614 463480493 463480225 463480693 495521342 494343225
5631228796320350567,463480466 463480677 489753829 463480488 463480227 463480226
5631489734423347251,489753829 463480488 463480227 463480539 463480464 489734604
5631559589629264014,463480374 463480379 495403163 463480683 495403296 463480589
5633574342293192798,495253660 463480322 463480342 463480679 463480497 463480641
5633627814389612603,463480381 463480493 463480226 463480346 463480213 463480210
5634582208799834421,463480472 463480226 463480658 463480237 463480493 495399820
5636871962759004366,463480224 463480223 463480429 463480225 463480210 463480481
5638289220586176791,463480493 463480553 495257134 495264479 463480696 463480543
5639286691247685699,495257134 495260496 495264235 463480696 495255157 495264479
5645747867055817046,495250885 463480242 463480273 463480322 463480342 463480679
5645914923718410312,463480322 495255645 463480497 463480242 463480553 463480493
5645978103729095029,495250885 463480226 463480379 463480342 463480543 463480346
5646156074560258236,463480224 463480225 463480429 463480223 495277614 463480481
5646403656339685610,463480225 495277614 463480693 495521342 494343225 463480484
5646518832783163694,463480225 495277614 463480429 495276951 495400939 495400618
5646574320842440794,463480225 495277614 463480429 495276951 495400939 495400618
5646948224055902517,463480213 463480235 495492744 495250885 463480214 463480691
5647827348916797642,495403354 463480423 495254783 495400635 495400624 495512115
5648072942450376760,463480693 495521342 494343225 463480484 463480694 489734604
5648461818184335380,489753829 463480227 463480226 463480255 489734604 463480464
5648618462463131679,495277614 463480221 463480273 463480652 463480429 463480493
5649628149417509149,495400618 463480487 463480699 495521342 463480441 463480693
5649986675319243100,463480240 463480487 463480474 463480473 463480552 463480545
5650459534218232113,463480226 463480227 489753829 463480255 489734604 463480464
5650614806053912789,495254138 463480497 463480322 463480242 463480553 463480493
5650616559551119519,463480273 463480553 463480497 463480242 463480342 463480322
5651150745179783203,495521342 463480441 463480693 495264589 495519114 495369958
5651209688882872681,463480221 463480497 463480322 463480242 463480553 463480493
5651489606576635914,495403163 495403296 463480683 463480589 463480379 495403432
5652106280314077329,463480379 495403432 495403296 463480699 495403354 463480683
5652592299510333578,495519114 495369958 463480225 463480468 495400576 495400618
5653443983983771889,463480466 463480468 463480227 489753829 463480226 463480255
5654022233941868853,463480255 463480256 489734604 463480465 463480464 463480468
5654364910441988175,495251312 463480679 495259045 495261776 463480497 463480342
5654650862986068011,463480652 463480670 463480429 463480210 463480224 463480482
5655141501486759950,463480210 463480694 495252594 495251659 495251097 495263416
5655686875826356422,463480256 463480227 489753829 463480226 463480255 489734604
5655781501940793492,495402268 495277303 495277184 495402176 495402254 495402258
5657870439019446583,463480486 495266185 495265868 495266964 463480381 495277184
5658778590170579117,1228501633 463480227 489753829 463480226 463480255 489734604
5659326057800794243,495403699 463480677 463480226 463480493 463480543 463480221
5659969873487855619,495251659 463480679 1526098025 463480497 463480322 463480689
5668098735381151840,495403296 463480683 495521342 495403432 495403168 495401665
5669012247222157333,463480464 463480227 489753829 463480226 463480255 489734604
5671066793159164098,463480543 463480497 495253324 495251097 463480553 463480693
5671243661367574588,463480359 463480356 463480227 489753829 463480226 463480255
5671337715135414289,463480242 495400618 495399934 495400635 495400385 463480677
5671985442543108414,495400576 463480466 463480693 463480553 463480653 495521342
5672330683211317473,489734604 495400576 495400618 463480255 463480466 489753829
5675767392370688054,463480355 463480359 463480356 463480358 495400939 495401665
5676679706378240142,495251097 463480497 463480322 463480242 463480553 463480493
5679106066158453043,463480652 463480670 463480429 463480210 463480224 463480482
5679349117442588931,495277614 463480493 463480221 463480652 463480429 495264479
5680118848571834727,463480468 463480493 463480226 463480346 463480213 463480210
5681339460097671360,495255340 463480693 463480242 463480322 463480641 463480679
5689786978341748968,463480226 463480242 463480493 463480227 463480236 463480464
5690503379304317096,463480226 463480227 489753829 463480255 489734604 463480464
5690598605041959207,495400618 463480225 495277614 463480457 495370340 463480482
5690895135498830023,495505381 463480683 495403296 495491082 463480381 495266964
5691980972850151463,495277614 463480235 463480224 463480223 463480429 463480210
5692015647931498834,463480471 489734604 463480227 489753829 463480226 463480255
5692138333387882773,495277614 463480429.0 463480493.0 463480693.0 495400618.0 463480497.0
5692838034113822802,463480553 463480653 463480693 495521342 463480581 463480404
5692919772367814747,463480467 463480466 463480464 463480227 463480487 1228501633
5693746392829526229,495370340 495369801 495369277 495369932 495402312 495367870
5693809427797770366,495369801 495369932 495370340 495402312 495369277 495367870
5695188681158820176,463480468 463480677 463480482 463480464 463480471 463480467
5695315237377933347,463480482 463480225 495277614 495276925 495276951 495369932
5696094272254640210,463480653 463480693 495521342 463480581 463480404 463480408
5698707347608174615,463480665 463480491 463480227 489753829 463480226 463480255
5699358506205577501,495401138 463480658 495399820 463480655 495493530 463480213
5700462479345713426,463480225 495277614 463480223 463480224 463480429 463480481
5700670490066550819,495277614 463480225 495276925 495276951 495369932 463480359
5701247074786345025,463480225 463480429 495277614 463480224 463480223 463480210
5702368303266922583,495400341 463480359 495400385 495400155 495400043 495400448
5702487404377014307,495400602 495400635 1228501633 463480472 463480477 463480226
5703615796733542414,495400939 463480359 495401664 495401146 463480356 463480665
5704133725232300389,495366540 463480210 494343225 463480665 463480359 495493530
5704213246363303954,495493336 495492744 495493530 495491082 463480489 463480367
5706823756772802671,463480695 463480497 463480322 463480242 463480553 463480493
5711107376795615532,495401895 495370340 495522303 495369932 495529982 495521342
5711717830289784948,495369932 463480581 495403432 495521342 495524057 495366540
5713035954326864101,495400618 1228501633 489753829 495400314 463480464 463480697
5713569830787088622,495399934 495399700 463480493 463480543 463480699 495401664
5714288510358519817,463480346 463480447 495265949 463480698 463480446 463480420
5714602161701650467,463480359 463480553 495251659 463480497 495400618 495490760
5714670833615241534,463480404 463480408 463480553 495403163 495403326 495403168
5715457416786084029,463480464 495400618 463480467 463480471 463480466 463480465
5715725490848792894,489734604 495403326 495403163 495401895 495401974 495401893
5715849090283602118,495266185 495277184 463480381 495265942 495267299 495265949
5717509188045242434,1228501633 463480477 495399820 495400635 463480227 489753829
5717642747281145929,463480466 463480464 463480227 463480487 1228501633 463480467
5717763357797515404,463480372 463480227 489753829 463480226 463480255 489734604
5718023056795369657,495400618 463480227 489753829 463480226 463480255 489734604
5718186385973444711,495400618 495490760 495491082 463480358 495401146 495401665
5719332855450960167,463480358 495401146 495401665 495369958 463480665 495400618
5719566679901995060,463480473 463480227 489753829 463480226 463480255 489734604
5719607086100512865,495277303 495277184 495277192 495277293 495369801 463480322
5719638079162024155,463480487 463480255 463480482 495400385 463480240 495399719
5720040545613250855,463480665 495400618 463480468 495401893 495401895 463480475
5720192072712978466,463480226 463480227 489753829 463480255 489734604 463480464
5721647352703615019,463480355 463480359 495401664 495400939 463480665 463480224
5721652491055530215,463480379 463480213 463480214 463480691 463480235 463480457
5721869632349929674,495277614 463480429 495264479 463480652 463480225 495276951
5724884907822415879,463480658 495399820 463480227 489753829 463480226 463480255
5727158977021084003,463480446 463480227 489753829 463480226 463480255 489734604
5727736186668318876,463480465 463480227 489753829 463480226 463480255 489734604
5735797782915580057,495369801 463480227 489753829 463480226 463480255 489734604
5736190039569727591,463480468 495401893 495401895 463480475 489734604 463480470
5736759516512387367,495401895 463480475 463480470 489734604 463480358 463480226
5736825818158203012,463480699 463480210 463480691 463480405 463480235 463480212
5736928264187019346,463480408 463480404 495401146 495401895 463480693 463480694
5737775729614782684,463480581 463480404 495264803 495253324 495251097 489734604
5738390009084903527,489734604 463480358 463480226 463480477 495399820 495400635
5738712492584730770,495401665 463480356 495401146 463480484 463480359 463480355
5739640632832163955,463480355 495401146 463480359 463480356 463480358 495400939
5740420712658108621,495399820 463480452 463480346 495402322 495402312 463480227
5740948807620755774,463480689 463480477 495369958 463480484 463480608 463480593
5741193602310602893,489734604 463480697 489753829 463480539 463480227 463480256
5741542846547099661,463480473 463480227 489753829 463480226 463480255 489734604
5741650437501878600,489753829 463480227 463480226 463480255 489734604 463480464
5741811161828950051,463480226 463480477 495399820 495401665 495400635 463480227
5741866632834974000,463480423 495254783 495400635 495400624 495512115 463480421
5741932351141183861,463480210 463480214 463480691 463480235 463480665 463480453
5744226685777084778,495401138 463480497 463480322 463480242 463480553 463480493
5745255094682124391,495399820 495400635 495401665 463480227 463480471 463480359
5747575037257318449,463480213 463480214 463480691 463480235 463480457 463480359
5749092925390979300,463480404 463480493 463480226 463480346 463480213 463480210
5749188607006474561,463480482 463480227 489753829 463480226 463480255 489734604
5754733921966752070,463480255 463480227 489753829 463480226 489734604 463480464
5756155192541184039,463480472 463480214 463480227 489753829 463480226 463480255
5758106822765445411,463480242 463480493 463480322 463480342 463480679 463480497
5758903445707817108,495522303 463480429 463480359 463480355 463480227 463480224
5758912553480618235,463480210 495493945 463480665 463480225 495277614 463480429
5759367417017925828,463480471 489753829 463480227 463480539 463480464 489734604
5759711386075136082,495506138 495401895 463480235 463480468 495403163 495403326
5760149585408295047,463480379 489753829 495403432 463480374 463480683 495403163
5761121605403279600,463480493 463480429.0 463480693.0 495400618.0 463480497.0 463480227.0
5761423894917939354,1526105009 463480497 463480322 463480242 463480553 463480493
5762269193544925219,463480359 495366540 463480379 495259981 463480225 495277614
5762309050243481882,495254783 463480359 495400939 495366540 463480336 495255157
5762342323693551808,463480370 495504580 463480468 463480693 1526098025 489734604
5762373348207886418,463480235 463480468 495403163 495403326 495401664 463480358
5762930549860860245,495403432 463480683 495403168 495403326 463480407 495403163
5763678477787070730,463480476 463480227 489753829 463480226 463480255 489734604
5764864502176678012,463480468 495403163 495403326 495401664 463480358 463480242
5765045733482824000,495403143 463480429.0 463480493.0 463480693.0 495400618.0 463480497.0
5765795572573274217,463480468 463480392 463480389 463480684 495370340 463480429
5766221692704391305,463480693 463480472 463480474 463480226 463480691 495400576
5767331993784156455,463480476 463480474 463480226 463480475 463480429 463480486
5767498095513305235,463480472 463480486 463480474 463480226 463480476 463480429
5767610249098297388,495277303 495369801 495404035 463480439 495370340 463480359
5767740528746823977,463480226 463480691 495400576 495400618 463480553 463480225
5768273136398369102,463480223 463480429 463480225 463480224 495277614 463480481
5770094603834753250,495251312 463480497 463480322 463480242 463480553 463480493
5770560987329462430,463480429 463480226 463480475 463480476 463480486 463480240
5770942864127426775,463480652 463480670 463480429 463480210 463480224 463480482
5772327901644193837,495256039 463480497 463480322 463480242 463480553 463480493
5772775527749779804,463480497 463480322 463480242 463480553 463480493 463480221
5773530815647187242,463480457 495519080 463480429 463480655 495493530 463480213
5780057306198966392,463480242 463480497 463480322 463480553 463480493 463480221
5781325539406250160,495400618 463480553 463480225 495400576 495400385 495400624
5782298898053988677,463480399 1231113729 463480464 1228501633 463480471 489734604
5785056443240808726,463480697 463480227 489753829 463480226 463480255 489734604
5785219312189702250,463480322 463480693 463480694 463480497 463480553 495263416
5785494997713289251,495400618 495400385 495400624 463480487 463480457 463480653
5785911968397263168,489753829 463480539 463480256 463480227 463480464 463480466
5786020750334623873,495521342 463480653 463480457 463480213 463480227 463480464
5786326349231161382,463480477 495400635 463480475 495399912 463480473 495399719
5787095420538192171,463480487 463480227 489753829 463480226 463480255 489734604
5787497360882401454,463480466 489753829 489734604 495399912 1228501633 495400618
5788130784568934644,463480553 463480497 463480322 463480242 463480493 463480221
5788653216686670153,463480497 463480322 463480242 463480553 463480493 463480221
5788837938980716837,463480652 463480670 463480429 463480210 463480224 463480482
5789394663646429475,463480226 463480227 489753829 463480255 489734604 463480464
5790169373625286980,463480453 463480213 463480235 489734604 463480697 463480464
5790238863708651653,489753829 463480539 463480256 463480227 463480464 463480466
5793289450522935610,463480372 463480371 463480693 463480553 495251312 495251659
5793423709543858335,463480221 463480497 463480322 463480242 463480553 463480493
5795584642906849410,489753829 463480227 463480226 463480255 489734604 463480464
5796932489980412196,463480698 463480214 463480691 463480429 463480515 463480392
5797069571524919574,463480225 463480429 463480224 495277614 463480223 463480210
5803819619673702537,463480457 495252594 463480242 1526105009 495263416 463480468
5804029254011453734,463480655 495492744 463480457 463480653 463480481 463480213
5805128707378511949,495491392 1580085801 495263416 495277192 495277184 495277202
5806567259738996875,463480242 463480553 463480497 463480322 463480493 463480221
5806821625233145956,463480429 463480225 463480224 463480223 495277614 463480481
5807143927106502956,495399934 495400618 495400602 495400605 489753829 463480466
5807408505442009365,463480468 463480227 489753829 463480226 463480255 489734604
5807532606440603780,463480466 489734604 463480468 495277303 463480225 495277293
5807842557064380550,495399934 463480466 489734604 463480464 463480697 463480539
5808075534901707118,495400635 495400624 495512115 463480421 495277192 495277293
5808571790089781527,495260496 463480543 463480221 463480226 495255157 463480240
5808669450292429017,463480689 463480679 463480322 463480553 463480693 495251312
5809701428871299178,463480468 463480464 463480256 463480471 463480697 463480465
5809802691692462212,463480468 495277303 463480225 495277293 495277192 463480242
5810504597997617473,489734604 463480471 495400314 463480464 463480468 463480467
5810558485158952991,463480225 495366540 463480224 463480670 463480223 463480429
5811453579067916481,495277202 495400618 495490760 495401146 495277184 495490838
5811714880144671054,495400624 495400431 1228501633 463480693 463480221 463480694
5811734698771874140,463480470 463480227 463480488 463480471 489753829 463480226
5812305869011419180,463480691 463480429.0 463480493.0 463480693.0 495400618.0 463480497.0
5813498448653844482,463480493 463480497 463480322 463480242 463480553 463480221
5813522712785322133,463480468 495399700 495399997 495399946 463480466 489734604
5813550513040916617,495252594 495261776 463480693 495251659 463480497 495490760
5815572691970949377,495400385 495400618 463480697 463480464 463480255 489753829
5815817310886690983,495277184 463480493 463480226 463480346 463480213 463480210
5817805835396972579,463480240 463480486 463480226 463480320 495399820 1228501633
5818074994495979621,463480213 463480259 463480691 463480214 463480457 495493336
5818890765516931385,463480683 463480699 495491082 463480367 495399934 495400155
5823677794857255161,495402322 463480392 463480389 463480684 495370340 463480429
5824079101420896569,463480539 463480227 489753829 463480226 463480255 489734604
5824790958818722019,495401138 463480210 463480212 463480213 463480214 463480691
5825121004814860588,495277184 463480493 463480226 463480346 463480213 463480210
5827217576610496831,463480693 495250885 495251312 495255645 463480694 495254138
5827515412189282383,463480477 463480240 463480226 463480472 463480658 463480493
5827675153908367553,495400618 495490760 495401146 495277184 495490838 495491082
5829041005888274569,495251659 495490760 463480694 463480497 463480336 495403982
5829311454266523819,463480679 463480497 495251659 463480322 463480242 463480553
5829834726631014477,495490760 495401146 495277184 495490838 495491082 463480693
5829915329390969095,463480273 463480242 463480497 463480322 463480553 463480493
5830375630968455179,463480356 463480429.0 463480493.0 463480693.0 495400618.0 463480497.0
5830639032432853072,463480336 495403982 463480693 463480487 495520108 463480484
5830775938251489479,463480694 463480497 495277303 463480679 463480693 463480553
5830860546122186945,495401146 495277184 495490760 495490838 495491082 463480693
5831964987890335877,463480467 463480256 463480227 489753829 463480226 463480255
5832002601379692715,495251659 463480497 463480322 463480242 463480553 463480493
5833809339239366788,463480487 463480693 495520108 463480484 495401665 495254783
5833905198656127055,463480493 463480472 463480543 495260496 463480346 463480483
5834045208822808608,494343225 463480457 463480665 463480653 463480691 463480213
5835503835084750914,463480359 463480493 495264235 495264589 495402010 463480226
5835776288087867680,463480256 463480227 489753829 463480226 463480255 489734604
5835846048397918536,495519080 463480429 463480214 463480691 463480515 463480392
5837014806189048139,463480493 463480227 489753829 463480226 463480255 489734604
5838091995533279562,463480697 463480227 489753829 463480226 463480255 489734604
5838337656308367615,463480235 463480691 463480213 463480214 463480665 463480653
5838571612383215778,495370340 495404035 495488569 495528684 463480684 495369801
5839770480154247484,463480487 489734604 463480697 463480464 463480255 463480466
5839834708573945986,463480346 463480227 489753829 463480226 463480255 489734604
5842316168473084126,463480694 463480221 463480497 495252594 495251659 495251097
5849971528432353484,463480493 495264589 495264235 495402010 463480226 463480691
5851701381777588515,463480484 463480355 463480358 495401665 463480356 495400939
5851902823934197813,463480210 463480228 495493945 463480359 495506916 495400939
5852237847257677967,489734604 463480471 463480227 489753829 463480226 463480255
5854428023798890503,495254783 463480221 463480273 463480497 463480242 463480342
5854438922182459624,463480256 463480227 489753829 463480226 463480255 489734604
5854582425323569316,1228501633 463480227 489753829 463480226 463480255 489734604
5855590422644523332,463480697 463480227 489753829 463480226 463480255 489734604
5856185060303044909,495490760 463480693 463480225 495254783 495400631 463480358
5856271929718866252,463480221 463480497 463480322 463480242 463480553 463480493
5857117685267562797,495254783 495400631 463480358 495491082 495403210 495264803
5858236869063475488,463480543 463480221 495260496 463480226 495255157 463480240
5858726271103795489,489734604 463480697 463480464 463480214 463480691 463480655
5859287957728133202,463480697 489753829 463480227 463480464 463480677 495400618
5859700745015656628,463480465 463480227 489753829 463480226 463480255 489734604
5860028418364539012,463480691 489753829 495400385 463480358 495401665 463480689
5860378708234993823,463480553 463480273 463480497 463480242 463480342 463480322
5860694139039646035,463480226 463480227 489753829 463480255 489734604 463480464
5861254676371734891,463480493 495260496 463480226 463480221 463480543 495264803
5862128926494294211,495491082 463480489 463480367 495490760 495490838 463480227
5862159753022013486,463480468 463480475 463480447 463480486 463480472 463480476
5862557722912489637,463480255 463480465 463480539 463480320 463480464 463480697
5863083236614209626,495490760 495490838 463480489 463480367 495490943 495403168
5863787896998986084,463480694 495250885 495251312 463480693 463480553 463480322
5871035681246544129,463480231 495363988 463480213 463480210 463480359 463480457
5872111294821957769,495400385 463480358 495401665 463480689 495401146 463480691
5872409037444481148,463480670 463480392 463480389 463480684 495370340 463480429
5872936265211445392,463480464 489734604 463480255 463480227 463480256 463480466
5873368151276388592,495399975 495399997 463480429.0 463480493.0 463480693.0 495400618.0
5873450068755349718,495490760 495490838 495490943 495403168 463480683 495403296
5873521991865073934,463480694 463480693 495250885 495251312 495254138 495255340
5873522731020976205,463480358 495491082 495403210 495264803 495264589 495490760
5873859839592235063,463480358 495401665 463480359 463480355 463480356 495400939
5874071263132254302,463480213 463480235 463480493 463480226 463480346 463480210
5874521693778083963,463480355 463480359 463480356 463480358 495400939 495401665
5874971731034636467,463480213 463480453 463480691 463480214 463480235 463480665
5875584669827727572,463480475 463480446 495369801 495404035 495363656 463480447
5875585483966251010,463480487 1228501633 463480466 463480467 463480465 463480256
5875704738597044289,463480689 495259981 463480694 495252594 495251659 495251097
5875878767691039032,463480210 495400939 495401664 463480665 495401138 463480358
5875906017839808649,463480358 463480691 463480457 495492744 495490760 463480379
5876020044095029611,463480493 495260496 463480429.0 463480693.0 495400618.0 463480497.0
5876804316939944150,463480466 463480227 489753829 463480226 463480255 489734604
5877103395005530320,495266185 463480497 495265868 463480693 463480322 463480242
5878228302104363140,495490760 463480379 463480493 463480691 463480457 463480653
5878290321223975105,495403210 463480358 495264803 495264589 495491082 495490760
5878897339150106638,463480553 463480346 463480483 463480359 495404000 495403990
5880510453963554857,463480453 463480259 463480691 463480655 463480213 463480214
5880702548455456961,495264589 495491082 495490760 495264803 1580085801 463480506
5880905907052216556,495369801 463480227 489753829 463480226 463480255 489734604
5882776138021863556,463480457 463480653 463480225 495277614 495399966 495399820
5882786772525776942,463480691 463480355 463480214 495370340 463480509 463480423
5886047237427691875,495400602 1228501633 463480467 489753829 463480464 463480697
5887706223693267027,463480359 463480213 463480355 463480356 463480358 495400939
5892249789316202781,495250885 463480322 463480497 463480694 495251312 463480242
5893374004974321824,463480273 463480497 463480322 463480242 463480553 463480493
5893725182839488834,463480429 463480481 463480225 463480223 495277614 463480224
5894504927552340048,495399820 495400635 463480691 495401146 495461626 463480693
5894594249150431392,495277614 463480429 463480223 463480224 463480210 489753829
5895532795823128653,495490760 495264803 1580085801 463480506 463480493 463480346
5895552481994211334,463480213 463480214 463480691 463480235 463480457 463480359
5895735919891972176,463480468 495400618 463480225 495277614 463480457 463480653
5896185652691861865,495461626 495401665 463480355 463480358 463480356 495401146
5896535521416970555,463480695 463480242 463480322 463480342 463480679 463480497
5896860378264502349,463480493 463480506 463480346 463480483 495403982 495403990
5896902669474726220,463480693 463480497 463480322 463480242 463480553 463480493
5897609309234921833,463480467 489753829 463480466 463480471 489734604 463480465
5897952189516349803,463480493 463480346 463480483 495403982 495403990 495404000
5898300670605525129,463480691 495400618 495492744 463480457 463480346 463480473
5898929906768413035,495403982 495404000 463480553 495512115 495263729 495253324
5899247805426041164,463480221 495255157 495254783 495264589 495257134 495264479
5899613797354045504,463480470 463480466 463480465 463480255 463480464 489734604
5899748103739670671,495399719 463480227 489753829 463480226 463480255 489734604
5899969879134437710,463480227 463480470 463480471 463480487 463480236 463480464
5900227168784613453,463480553 495512115 495263729 495253324 495261776 495251097
5901227746065645705,495264589 495264803 463480210 463480493 463480691 463480225
5901477650520866824,495399696 463480227 489753829 463480226 463480255 489734604
5901585714418024473,463480221 463480497 463480322 463480242 463480553 463480493
5901764679479329100,495254783 495255157 495264479 463480696 495264589 495257134
5902833413596643533,463480210 495400939 495401664 463480665 495401138 495493945
5903929384022311246,463480213 463480235 463480429.0 463480493.0 463480693.0 495400618.0
5904201588196245636,463480493 463480691 463480225 463480453 463480477 495263416
5904221518699430224,463480227 489753829 463480226 463480255 489734604 463480464
5907456890490847406,463480213 463480235 495493336 463480453 463480457 495492744
5907459852406096223,463480473 463480240 463480486 463480658 463480476 463480472
5908862594126970909,463480223 463480429 463480225 463480224 495277614 463480481
5909012752116220066,463480336 495255157 495264479 495254783 495264589 495257134
5911547895403511834,463480359 463480429.0 463480493.0 463480693.0 495400618.0 463480497.0
5916368818382831635,495404012 463480346 463480483 463480359 495404000 495403990
5916894300764897488,1526105009 463480322 495251312 495255645 463480553 463480242
5916953474217017527,494343225 463480346 463480483 463480359 495404000 495403990
5918362759894663305,463480693 463480553 463480225 463480242 495251097 1526098025
5919331787691786317,495253324 463480553 495261776 495263729 495251097 463480689
5919613348385652919,463480213 463480359 495400939 495401664 463480665 495401138
5919664392708817094,463480464 463480227 489753829 463480226 463480255 489734604
5920213085046440129,1526098025 1580085801 463480225 495277614 495252594 489734604
5920228371730006045,495263729 495251097 495253324 495251312 495251659 463480694
5920351817440428169,495251097 1526098025 495260496 495251659 495277303 463480693
5921596856770232457,489734604 495400624 495400631 495400618 495400576 495400605
5921693762675802146,463480472 463480227 489753829 463480226 463480255 489734604
5922702173336764488,463480468 463480255 463480466 463480464 463480467 463480697
5923389510059295083,1580085801 463480225 495277614 495252594 489734604 495400631
5924287019773067341,495277614 495252594 489734604 495400631 463480225 463480389
5924541060946591760,495369932 463480407 463480516 495368385 495276891 463480421
5925964177714184385,495266185 463480693 463480497 463480322 463480242 463480553
5926059183850913859,463480483 463480457 463480389 495403982 495403990 495404008
5926133803235147908,495369932 463480696 495264235 495264589 495400624 495400631
5927824645719851357,463480481 463480429 463480225 463480224 463480223 495277614
5929726290675105862,463480497 463480273 463480242 463480342 463480322 463480493
5930286725328535748,463480670 463480652 463480429 463480210 463480224 463480482
5931485158883721553,463480697 463480227 489753829 463480226 463480255 489734604
5932304668315877521,463480465 489753829 463480464 463480320 463480539 463480471
5932712846819852575,463480677 1228501633 463480493 463480227 463480471 463480543
5937727430207209481,463480677 489734604 463480255 463480256 489753829 463480465
5937799851519246676,463480658 463480227 489753829 463480226 463480255 489734604
5939496358124453900,463480342 463480497 463480322 463480242 463480553 463480493
5939969447745552588,495264235 495264589 495400624 495400631 495400618 495277303
5940341673608871962,463480227 463480214 489753829 463480226 463480255 489734604
5940611809595883724,495400618 495277303 489734604 463480693 495264589 495264803
5940845474677784872,463480322 463480497 463480242 463480553 463480493 463480221
5940877362397970625,495252594 489734604 495400631 463480225 463480389 463480391
5941024576024346735,463480483 463480346 463480359 495404000 495403990 463480350
5941493423015198913,495400631 463480225 463480389 463480391 463480396 463480337
5941852810970923369,463480493 463480471 463480439 463480543 463480699 463480658
5941926847753748536,463480227 489753829 463480226 463480255 489734604 463480464
5943262105196036309,495277303 495266185 495251312 463480221 463480429.0 463480493.0
5943399474698649830,463480457 463480212 463480452 463480211 463480214 463480210
5944248050136645825,463480225 463480389 463480391 463480396 463480337 495528509
5944495022399816042,495264589 495254783 495255157 495264479 495257134 463480493
5945988844194365441,463480226 463480227 489753829 463480255 489734604 463480464
5946138143287935173,463480242 463480497 463480322 463480553 463480493 463480221
5947732750029816058,463480255 463480227 489753829 463480226 489734604 463480464
5947856433675763807,495255157 463480497 463480322 463480242 463480553 463480493
5949698001596055918,463480539 463480227 489753829 463480226 463480255 489734604
5949743924275314830,463480224 463480429 463480225 463480223 495277614 463480481
5949823446386475085,463480452 463480429 463480225 463480224 463480223 495277614
5950336892667691257,463480213 463480452 463480457 463480665 463480210 495493336
5952710186119987467,463480356 463480359 463480355 463480358 495400939 495401665
5952997679721087163,463480699 463480213 463480214 463480691 463480235 463480457
5953162411325784177,463480379 463480683 463480699 463480589 463480374 463480356
5954522152336621855,495402322 495402312 463480483 495403990 463480213 495403982
5959714999336173645,463480213 463480214 463480691 463480235 463480457 463480359
5961660476204515662,463480214 463480213 463480691 463480457 495493336 463480359
5961769909917843693,463480429 463480225 463480224 463480223 495277614 463480481
5962742351266578690,463480465 463480539 463480255 463480320 463480464 463480697
5963222640841195694,463480457 463480346 463480389 463480372 495403699 463480359
5963854704959815757,495506138 495266185 495267299 495400635 463480362 463480466
5964011132682764473,495522303 495529982 495276925 463480392 495506138 463480391
5964437190559662321,463480322 495251312 495255645 463480553 463480242 495252594
5966847781663145993,495461626 495400612 489753829 495399946 463480539 463480482
5967995570450333900,495400618 463480457 463480491 495492744 463480210 495400385
5969105646313013479,463480336 463480429.0 463480493.0 463480693.0 495400618.0 463480497.0
5969853100686835804,463480336 495400939 495401664 463480665 495401138 463480358
5971037799006339411,463480359 463480224 463480223 463480225 463480210 495277589
5971102483250938179,1228501633 463480227 463480467 489753829 463480226 463480255
5971158905124553018,495399696 463480227 489753829 463480226 463480255 489734604
5975919146398646367,495403163 463480683 463480699 463480589 463480374 463480356
5976506668845105492,463480466 463480227 489753829 463480226 463480255 489734604
5976704646512902487,463480665 463480227 489753829 463480226 463480255 489734604
5976889429354086574,463480212 463480322 463480497 463480694 495251312 463480242
5977665752773951511,463480493 463480213 463480691 463480655 463480405 463480214
5984968953641042283,463480467 489734604 463480255 463480256 463480464 463480465
5985011662924546365,494343225 463480481 463480543 495260496 463480221 463480226
5985065611003953356,463480210 463480212 495260496 463480226 463480481 463480214
5985406026472489241,463480493 463480359 463480355 463480356 463480358 495400939
5985666746284245025,463480242 463480342 463480497 463480679 463480322 463480689
5985698679421403340,495400431 463480242 489734604 463480457 463480491 495492744
5986009962542268689,463480210 463480652 463480670 495366540 463480213 463480214
5986974487198040206,463480679 463480497 463480322 463480242 463480553 463480493
5987073677623558203,463480389 463480210 463480235 463480242 495255645 495266185
5987160256399540485,463480336 463480696 495264479 495255157 495400939 495264589
5988177218108391574,463480539 489753829 463480256 463480227 463480464 463480466
5988793699657580600,489753829 489734604 463480472 463480697 463480464 463480255
5988886464376340488,463480476 463480227 489753829 463480226 463480255 489734604
5989790968457199658,495506138 495400635 463480362 463480466 463480497 463480242
5989840366543831070,463480225 463480210 463480223 463480429 463480224 495277614
5990956662564061388,495266185 463480389 463480457 463480491 495492744 463480346
5991523792700571996,463480653 463480389 463480213 463480691 463480655 463480457
5991625554725962010,463480346 463480223 463480481 463480224 463480665 463480670
5991800572892938444,1580085801 463480225 1228501633 463480677 495264803 463480497
5992786070721265956,463480256 489753829 463480227 463480464 463480677 463480697
5993558065216225571,463480225 463480212 463480452 463480211 463480214 463480210
5993694975015780556,463480677 495264803 463480497 495251097 495259045 495254783
5994113288937668907,463480468 495400618 463480471 463480464 1228501633 463480467
5994599408109093027,495264803 463480497 463480322 463480242 463480553 463480493
5996020717150535884,463480497 495251097 495259045 495254783 463480210 463480225
5996460282213302406,463480227 463480240 463480465 463480226 463480467 463480487
5997331266757722420,463480653 463480457 463480665 463480213 463480691 463480346
5997449865311027303,1526098025 463480553 463480322 463480242 463480221 495253660
5998154720455688564,463480493 463480497 463480322 463480242 463480553 463480221
6007260121167822995,495260496 495399997 463480231 463480255 463480256 489734604
6007731585964572876,495251097 495259045 495254783 463480210 463480225 495255645
6010153199820603434,495400635 463480362 463480466 463480497 463480242 495255645
6010770903397564486,463480224 463480429 463480225 463480223 495277614 463480481
6010947109244633292,463480210 463480225 495255645 463480693 495277614 495277303
6011631523108225406,463480231 463480429.0 463480493.0 463480693.0 495400618.0 463480497.0
6011804767461310762,1526098025 463480497 463480322 463480242 463480553 463480493
6012434883249701157,463480221 463480497 463480322 463480242 463480553 463480493
6012599471064744172,463480543 495264803 495264589 495255157 463480696 495263416
6013568020911751505,463480464 463480227 489753829 463480226 463480255 489734604
6014525758948769829,463480497 463480342 463480242 463480322 463480641 463480679
6015104232657256510,463480255 463480227 489753829 463480226 489734604 463480464
6015219948443140246,463480359 463480213 463480214 463480691 463480235 463480457
6015895543855186156,495264589 495254783 495255157 495264479 495257134 463480493
6015984438930833447,495399975 495400155 463480227 463480464 463480539 463480256
6016262732212076713,463480226 463480471 463480466 463480465 463480464 463480467
6017614833730191526,463480487 463480465 463480255 463480464 463480539 489734604
6018698341313151053,463480237 463480487 463480482 463480227 463480236 463480539
6021094442546233683,495404029 463480429.0 463480493.0 463480693.0 495400618.0 463480497.0
6022349485401440276,463480227 463480543 463480677 463480658 463480226 463480466
6028511105767964740,463480473 463480471 463480466 463480227 489753829 463480226
6029028298282762553,463480696 463480497 463480322 463480242 463480553 463480493
6029502504149450788,463480483 495403990 495404008 463480346 495403982 495404000
6032291593888202896,463480466 463480227 489753829 463480226 463480255 489734604
6032657123932897387,1526105009 463480227 463480466 463480677 1526098025 495256039
6033368839164002393,463480225 463480358 463480429 463480224 463480223 495277614
6033992079123677490,463480446 463480223 463480481 463480224 463480665 463480670
6035674032686760163,463480429 463480359 463480665 463480223 463480553 494343225
6036015683494478034,463480221 495401997 495506138 463480242 495255645 495402254
6036051404611125295,495401995 495401997 495402176 495402268 495402179 495402254
6036121333650423901,463480237 463480487 463480482 463480467 463480255 495400385
6036689944205590732,463480322 463480237 463480497 463480417 463480574 463480418
6037588503363059875,463480336 495264479 495254783 495264589 495257134 495264803
6038493844568015041,463480226 463480493 463480346 463480213 463480210 463480227
6038782930476597541,495370340 495528684 463480593 495502675 495503396 495519448
6039748638676091116,463480226 463480227 489753829 463480255 489734604 463480464
6041922556487532752,463480210 463480359 463480457 463480665 463480212 463480429
6042517965299777638,463480322 463480497 463480242 463480553 463480493 463480221
6042609218255585598,495369932 463480489 463480346 463480210 463480553 463480481
6043164614436061401,463480574 463480446 463480447 1228501633 463480493 463480359
6043470639504818202,463480465 463480255 463480256 489734604 463480464 463480468
6043823587828695128,463480358 463480355 463480359 495401664 463480356 495401665
6044104647356186814,463480240 463480227 489753829 463480226 463480255 489734604
6044791892610908384,463480374 463480505 463480404 463480596 495522303 463480684
6044816089697747070,495400939 463480359 463480639 495366540 463480506 463480211
6053276110863990843,463480417 463480497 463480574 463480418 463480467 463480213
6054118453772288210,495255645 463480242 495402254 495402022 495401995 495251312
6054875562177986815,463480483 463480389 463480653 463480213 463480691 463480346
6055258294121398473,463480227 489753829 463480226 463480255 489734604 463480464
6055626751440584908,495265942 463480693 463480497 463480213 463480691 495492744
6055860216615666025,495402022 495401995 495251312 495402258 495402010 495401997
6055937055125143635,495251312 463480221 495265942 495267299 495265949 495265868
6056585026161868916,463480464 463480255 463480256 489734604 463480465 463480468
6057054299833237860,463480429 463480213 463480404 463480228 495532793 1231113729
6057563609366003717,463480358 463480355 495401665 495400939 495401146 463480356
6057665968078585961,463480389 463480346 463480483 463480359 495404000 495403990
6058207070073913405,463480473 463480227 489753829 463480226 463480255 489734604
6058871741584244860,463480237 463480482 463480487 463480227 489753829 463480226
6059121847743283511,463480553 463480481 463480212 463480452 463480211 463480214
6059146432772571340,463480457 463480497 463480693 463480514 495525871 463480513
6059183457606041756,463480242 463480497 463480322 463480553 463480493 463480221
6059226464191250742,463480497 463480699 495403210 463480379 495403354 463480694
6059226069637005662,495261776 463480693 463480699 463480379 495403354 495797024
6059261886059774313,495251312 463480497 463480322 463480242 463480553 463480493
6059714545945411696,463480691 463480457 463480214 463480235 463480665 463480213
6059833955551019384,463480497 495250885 463480322 463480242 463480553 463480493
6060599188925186358,495250885 463480497 463480322 463480242 463480553 463480493
6061007249275355404,463480513 463480514 463480224 463480225 463480429 463480504
6062108311285399720,463480477 463480227 489753829 463480226 463480255 489734604
6063088599237132579,495528509 463480506 495400939 495401664 463480367 463480358
6064108257020215681,463480699 463480429 463480359 463480665 463480223 463480553
6065894885307449611,463480483 463480489 463480346 463480359 495404000 495403990
6067022553508741481,463480227 463480226 489753829 463480255 489734604 463480464
