visit_id,product_ids
3705073560174199024,463480227 489753829 463480226 463480255 489734604 463480464
3705189088312688779,495399696 495399934 495400618 489753829 463480255 495400043
3705549051029618879,463480497 463480322 463480242 463480553 463480493 463480221
3705579516103753793,463480466 463480697 463480256 463480227 495400618 463480471
3705717843210797336,463480497 463480322 463480242 463480553 463480493 463480221
3706041499269726516,463480227 489753829 463480226 463480255 489734604 463480464
3706260855703732415,463480693 495252594 495259981 495255645 463480504 463480399
3706380385759789156,495250885 463480694 495251312 463480322 463480693 495255645
3706985600653983919,463480693 463480497 463480553 463480679 463480213 495252594
3707029649495949469,463480392 463480389 463480684 495370340 463480429 463480224
3707060925339795466,463480487 463480236 463480677 463480464 463480543 495399719
3708076812743737360,463480359 463480355 463480356 463480358 495400939 495401665
3708267656825012292,463480355 463480514 495797660 463480515 495401665 495276925
3708424884763230247,463480240 463480227 463480465 463480226 463480467 463480487
3708703155715834073,463480693 463480362 463480322 495250885 463480497 463480553
3709195097960349750,463480589 495403354 495403326 495366610 463480466 489734604
3709363306337140865,463480457 495493336 463480665 463480359 463480489 495492744
3709407793047404681,463480227 489753829 463480226 463480255 489734604 463480464
3709515012169269401,463480227 489753829 463480226 463480255 489734604 463480464
3710538737391239261,463480497 463480322 463480242 463480553 463480493 463480221
3711778140304441359,463480697 463480466 463480255 463480256 463480464 463480227
3711954729942909236,495401665 463480358 463480484 495401146 463480359 495400939
3712258386522800270,463480227 489753829 463480226 463480255 489734604 463480464
3714174656325353788,463480256 463480464 463480487 463480539 463480466 489734604
3719175338149281873,463480213 463480214 463480691 463480235 463480457 463480359
3720314531795959937,495402176 495402268 495402179 495402254 495277303 495402022
3720326088774910090,463480483 495403982 495403990 495404000 463480350 495404012
3720361570001748265,463480466 495399912 495399934 489734604 463480697 495400576
3720379898737459447,495402268 495402254 495252594 495402010 495402014 495402258
3720565115918745791,463480693 463480553 495250885 495264005 463480362 463480689
3721162354487984189,463480227 489753829 463480226 463480255 489734604 463480464
3721169675013325133,463480213 463480214 463480691 463480235 463480457 463480359
3721230196723155083,463480227 489753829 463480226 463480255 489734604 463480464
3721460522081058857,463480227 489753829 463480226 463480255 489734604 463480464
3721504230164136043,463480487 495401997 495402254 495402258 495403354 495402179
3721883809630126420,463480213 463480214 463480691 463480235 463480457 463480359
3722096681560834296,463480466 495400576 463480693 489734604 463480697 495399934
3722120944459710732,495402268 495402254 495401997 495402176 495400618 489734604
3722619790819328253,463480226 463480486 495399966 463480240 463480471 463480320
3722634811009138923,463480493 463480226 463480346 463480213 463480210 463480227
3722673228718538922,463480493 463480226 463480346 463480213 463480210 463480227
3722836413996859567,463480693 495253324 495251659 495251312 463480679 495251097
3723357882082132018,495253660 495252594 495256039 495256989 463480342 495259981
3723365401948848475,463480497 463480683 463480694 463480693 463480242 495253660
3723861164225462491,463480227 489753829 463480226 463480255 489734604 463480464
3723895179220615380,463480497 463480322 463480242 463480553 463480493 463480221
3724115511574266040,463480555 495263416 463480641 495251312 495277303 463480693
3724307379496157432,463480497 463480322 463480242 463480553 463480493 463480221
3724566715767455907,463480227 489753829 463480226 463480255 489734604 463480464
3724611958242541753,463480213 463480214 463480691 463480235 463480457 463480359
3724678270576492659,463480429.0 463480493.0 463480693.0 495400618.0 463480497.0 463480227.0
3725442077350166749,463480497 463480322 463480242 463480553 463480493 463480221
3725527693373473024,463480359 463480355 463480356 463480358 495400939 495401665
3725638397642670412,463480429 463480359 463480355 463480227 463480224 463480214
3725665815122673812,463480227 463480539 489753829 463480464 463480256 463480697
3726314183772602604,463480227 463480238 463480464 463480465 463480466 463480467
3726496306115641591,495277192 495277184 489734604 463480693 495369801 495402176
3726627089806786816,463480227 489753829 463480226 463480255 489734604 463480464
3726639191015817528,463480693 495252594 495259981 495255645 463480504 463480399
3726787579855241512,463480227 489753829 463480226 463480255 489734604 463480464
3726819316846559551,463480693 495252594 495259981 495255645 463480504 463480399
3727137352289615930,463480497 463480322 463480242 463480553 463480493 463480221
3727209846629466441,463480497 463480322 463480242 463480553 463480493 463480221
3727426286505427122,463480227 489753829 463480226 463480255 489734604 463480464
3727643416705106128,463480429.0 463480493.0 463480693.0 495400618.0 463480497.0 463480227.0
3727824452853170241,463480497 463480322 463480242 463480553 463480493 463480221
3727917845114781944,463480589 463480653 463480691 495403354 495403326 495370340
3728083333358551145,463480359 463480355 463480356 463480358 495400939 495401665
3728643304536932450,463480497 463480322 463480242 463480553 463480493 463480221
3728745786159661304,463480697 495400618 463480539 489753829 463480464 463480467
3728753264132096341,463480429.0 463480493.0 463480693.0 495400618.0 463480497.0 463480227.0
3728776597389181063,463480466 495399912 495399934 489734604 463480697 495400576
3729381125287837911,463480497 463480322 463480242 463480553 463480493 463480221
3730399936349995238,463480497 463480322 463480242 463480553 463480493 463480221
3730481566108877026,463480466 489753829 463480471 489734604 463480227 463480256
3730552932350034148,495265942 495267299 495265868 495265949 495277184 463480381
3731632972334367050,463480227 489753829 463480226 463480255 489734604 463480464
3731724410389004464,463480227 489753829 463480226 463480255 489734604 463480464
3731926405380833479,495401665 463480484 463480358 463480356 495401146 463480359
3732201646623818004,463480227 489753829 463480226 463480255 489734604 463480464
3733143508616478791,463480679 463480553 463480322 495251312 463480497 495253324
3733143882767270014,463480693 463480553 463480242 463480221 463480342 463480689
3733285273453723794,463480497 463480322 463480242 463480553 463480493 463480221
3733444364139495621,463480679 463480322 463480221 463480693 463480694 463480689
3733599259238334741,463480227 489753829 463480226 463480255 489734604 463480464
3733968034946613364,463480543 463480273 495260496 463480226 495255157 495254783
3734862133246558495,463480697 463480464 463480466 463480539 463480256 495400618
3734869173678899380,463480240 463480227 463480465 463480226 463480467 463480487
3734948587591696385,463480497 463480322 463480242 463480553 463480493 463480221
3739506510061895881,463480227 489753829 463480226 463480255 489734604 463480464
3739513404131115091,463480322 463480694 495252594 463480497 463480242 495250885
3742942784109412645,463480497 463480322 463480242 463480553 463480493 463480221
3743056462508982340,495252594 463480694 495400618 495402268 463480242 495399820
3743794872220647435,495399912 463480543 463480466 495399934 495400576 1228501633
3744070109694001253,463480683 463480699 463480589 463480374 463480356 463480379
3744363522412511298,463480355 463480589 463480358 495401146 495403408 463480356
3744450350583906369,463480322 463480694 463480497 463480693 463480242 495251312
3744487348713029799,495400618 489753829 495400314 495399912 489734604 1228501633
3744541331422445808,463480429 463480225 463480224 463480223 495277614 463480481
3744844045583646973,463480322 463480693 463480553 463480497 463480342 495250885
3744869529299189828,463480693 495400618 495399820 495251312 495399966 463480553
3744914499542974622,463480322 463480553 463480342 463480497 463480641 463480693
3745121599661277259,463480683 463480699 463480589 463480374 463480356 463480379
3745504015921971211,463480694 495252594 495251659 495251097 495253324 463480497
3745590903832051938,463480497 463480322 463480242 463480553 463480493 463480221
3745643540346306660,463480543 463480221 495260496 463480226 495255157 495254783
3745880331012538532,463480683 495403354 495401665 495403326 463480484 463480356
3746610939533459490,463480493 463480226 463480346 463480213 463480210 463480227
3747026796363907177,495400618 463480694 489753829 463480255 495399912 495252594
3747094926140899616,463480322 463480242 463480497 463480641 463480679 463480362
3747322526039539998,489753829 495399912 489734604 495400576 495399934 463480466
3747409945402540105,463480466 495399912 489734604 495400576 463480697 495399934
3747468463312732171,495402254 495402010 495402258 495253660 495402268 495252594
3748073556561887441,463480255 463480482 495400385 495399719 495399934 463480240
3748931788470747229,463480658 463480226 463480477 463480429 463480475 463480227
3748932652424495154,463480553 495251312 495252594 495251659 463480322 463480497
3748946511213363257,463480240 463480472 463480465 463480476 463480493 463480227
3749286301554704580,463480322 463480679 463480693 463480221 463480553 463480694
3749556011253104773,495370340 463480417 495369801 495507390 463480425 495402871
3750506941369811270,463480359 463480355 463480356 463480358 495400939 495401665
3750516292963795192,463480677 463480466 495400618 463480658 489753829 463480226
3751094127653552267,463480322 463480342 463480242 463480695 463480693 495255645
3751946969896976395,495400618 463480695 463480697 463480322 495399934 495400576
3752085425544233260,463480691 463480213 463480235 463480214 463480457 463480665
3752726379908563087,463480346 463480483 463480359 495404000 495403990 463480350
3753040979759988798,463480677 1228501633 463480493 463480227 463480471 463480543
3755300921938804762,463480322 463480342 463480497 463480693 463480679 463480362
3755395886152679644,463480359 463480355 463480356 463480358 495400939 495401665
3755744592000712910,463480224 463480227 463480225 463480670 495277605 494343225
3763128515461644635,463480429 463480481 463480224 463480225 463480227 463480231
3764710381751107737,495400618 1228501633 495399997 495399975 495400155 463480472
3766563328028311748,463480497 463480322 463480242 463480553 463480493 463480221
3766641967662891163,463480227 489753829 463480226 463480255 489734604 463480464
3766645657231163468,463480358 495401146 463480589 463480356 463480484 463480466
3766783086073217061,495400939 495401664 463480665 495401138 463480355 463480358
3767103082932469973,489753829 463480227 463480539 463480464 489734604 463480466
3767155785343172893,463480497 463480322 463480242 463480553 463480493 463480221
3767335571292684407,463480227 489753829 463480226 463480255 489734604 463480464
3767498470828015940,463480487 463480255 463480465 489734604 463480464 463480466
3767693983042240725,495277303 495277184 495277192 495277293 495369801 463480322
3767713477572427834,463480697 463480227 463480466 463480256 463480464 463480237
3767860074734682383,463480359 463480355 463480356 463480358 495400939 495401665
3768299774009147680,495401146 463480484 463480358 463480356 463480589 495266964
3768302563275833392,463480497 463480679 463480221 463480273 463480553 495253324
3768412740409360408,463480429.0 463480493.0 463480693.0 495400618.0 463480497.0 463480227.0
3768578726874579118,463480466 489734604 463480697 463480677 489753829 495400385
3768748803157917967,463480677 463480466 495400618 489753829 463480226 463480658
3768838460967223448,495400618 489753829 495400314 495399912 489734604 1228501633
3768937106783862799,463480240 463480227 463480465 463480226 463480467 463480487
3769190157186236470,463480235 463480213 463480457 463480665 463480214 463480359
3769289670818005309,463480497 463480322 463480242 463480553 463480493 463480221
3769482844296708360,463480683 463480699 463480589 463480374 463480356 463480379
3770084950812918068,463480221 463480543 495260496 463480226 495255157 463480359
3770567111889387556,463480497 463480322 463480242 463480553 463480493 463480221
3771480091006337154,495370340 495402322 495402312 463480506 495404035 463480493
3771819190731407537,463480240 463480472 463480465 463480476 463480493 463480227
3771937429145256222,495401665 495251312 463480355 463480358 463480693 495253324
3772201166022115349,463480227 489753829 463480226 463480255 489734604 463480464
3772450308447273156,495277614 463480683 463480210 463480699 463480429 463480224
3772656806051446948,463480242 463480497 463480342 463480553 463480362 463480694
3773072033087750195,463480691 463480213 463480235 463480214 463480457 463480665
3773147652546363539,463480497 463480322 463480242 463480553 463480493 463480221
3773228769855668495,463480693 463480553 495251312 463480497 495251659 463480322
3773418913838137632,495401665 463480355 463480358 463480356 463480374 495403163
3773450410035773508,489753829 463480464 463480539 489734604 463480677 463480255
3773875158076358737,463480255 489734604 463480468 463480487 463480256 463480465
3773942523050328316,463480227 489753829 463480226 463480255 489734604 463480464
3774423203528310897,463480429 463480213 495493945 463480235 463480359 463480452
3774456780861473027,463480227 489753829 463480226 463480255 489734604 463480464
3774766798438924340,463480683 463480699 463480379 495403163 495401665 495403168
3774796957153755412,495277303 495277293 495403982 495404008 495404000 495404012
3774879217078763672,463480242 463480497 463480342 463480553 463480362 463480694
3774959670657024083,463480322 463480693 463480694 463480242 463480497 495252594
3775167642045251801,495370340 495368385 495369131 463480392 495368107 463480396
3775529871563554983,463480497 463480322 463480242 463480553 463480493 463480221
3776468496768565271,495401665 463480699 463480683 495403163 463480379 495403168
3777303629920206987,489734604 463480697 463480466 463480255 463480487 463480464
3777696104375386239,463480493 463480226 463480346 463480213 463480210 463480227
3777934136207736890,495402322 495402847 495402859 495402788 495402594 495402874
3778623268403282228,495370340 495402322 495402312 463480506 495404035 463480493
3779298420202668078,463480322 463480694 463480497 463480693 463480242 495251312
3779632433868570850,463480242 463480342 463480553 463480679 463480694 463480362
3779899963559641410,463480346 463480483 463480359 495404000 495403990 463480350
3782250382233960492,463480231 463480677 495363656 463480684 1231113729 463480420
3784398148436754619,463480497 463480322 463480242 463480553 463480493 463480221
3785062343312670834,463480235 463480214 463480665 463480457 463480493 463480359
3786267586587263297,463480227 489753829 463480226 463480255 489734604 463480464
3787500572527296537,463480497 463480322 463480242 463480553 463480493 463480221
3788438333200007429,463480227 489753829 463480226 463480255 489734604 463480464
3788488963016360284,463480227 489753829 463480226 463480255 489734604 463480464
3788601437099917598,463480322 463480693 463480694 463480679 495251312 463480242
3788834648046174419,463480497 463480322 463480242 463480553 463480493 463480221
3789021057444479001,463480497 463480322 463480693 463480342 463480221 495251312
3789498328760451316,463480497 463480322 463480242 463480553 463480493 463480221
3789688305631625534,463480497 463480322 463480242 463480553 463480493 463480221
3790394678469197961,463480693 463480342 463480553 463480497 463480322 495251312
3790507601839259901,463480497 463480322 463480242 463480553 463480493 463480221
3790672348074999846,495277303 495277184 495277192 495277293 495369801 463480322
3792268551149584521,495254783 495264803 495257134 463480696 495264235 463480693
3792437289129607227,463480227 489753829 463480226 463480255 489734604 463480464
3792522947066069107,463480468 463480472 463480486 463480476 463480362 463480465
3792661702010994981,463480677 1228501633 463480493 463480227 463480471 463480543
3792785805328253001,463480697 463480466 463480255 463480256 463480464 463480227
3793080992794411344,463480497 463480322 463480242 463480553 463480493 463480221
3793086715419689246,463480227 489753829 463480226 463480255 489734604 463480464
3793699379031834790,463480693 463480553 495251312 495252594 463480497 463480322
3793825141179809795,463480227 489753829 463480226 463480255 489734604 463480464
3793828108923830386,463480240 463480472 463480465 463480476 463480493 463480227
3794464426004316230,463480693 495277303 495402254 495265868 463480322 495267299
3795529742580187154,463480466 495399912 495399934 489734604 463480697 495400576
3795650866140676233,463480694 495252594 495251097 463480242 495251659 463480497
3795761283875995818,495277303 495402254 463480693 495402258 495400618 489734604
3795944127760433351,463480655 495493530 463480213 463480457 495400618 463480235
3796145503295766799,463480322 463480242 495250885 463480693 463480497 463480679
3796183714055323969,463480242 463480497 495250885 463480693 495251312 463480679
3796228258691023108,463480322 463480242 463480497 463480641 463480362 463480679
3796953477312938158,463480693 495251659 495253324 495251312 463480679 495251097
3797134976321847366,489734604 463480487 463480255 463480465 463480464 463480256
3797213870071218488,463480497 463480273 463480342 463480553 463480679 463480493
3797350229830533316,463480237 463480482 463480336 463480338 463480340 463480540
3797354643765592111,463480227 463480236 495400618 463480464 463480468 463480488
3797890365986701369,463480322 463480342 463480497 463480693 463480679 463480362
3798220722638160029,463480227 489753829 463480226 463480255 489734604 463480464
3798472919795892398,463480322 463480342 463480695 463480242 495255645 495264005
3798816925696655567,463480497 463480322 463480242 463480553 463480493 463480221
3798876831093883151,463480227 489753829 463480226 463480255 489734604 463480464
3798991656172912848,463480497 463480322 463480242 463480553 463480493 463480221
3799078410781720727,463480472 463480486 463480476 463480468 463480240 463480465
3799660533820424502,463480242 463480497 463480342 463480553 463480362 463480694
3799670590725423390,489734604 463480256 463480255 489753829 463480539 463480468
3801414891247501423,463480497 463480322 463480242 463480553 463480493 463480221
3802854950043385908,463480255 489734604 463480468 463480487 463480256 463480465
3808639627655118931,463480322 463480497 495251312 463480242 495252594 495255645
3810108285356343548,463480242 463480497 463480342 463480553 463480362 463480694
3810952171407540547,495399700 495400314 495400385 495400155 495400341 495400431
3811014402041446476,463480497 463480322 463480242 463480553 463480493 463480221
3811120707679027366,463480691 463480213 463480655 463480405 463480214 463480452
3811415931759099938,463480322 463480679 463480221 463480693 463480553 463480694
3811990607414165721,463480227 489753829 463480226 463480255 489734604 463480464
3812019741962272942,463480695 463480693 495400618 495254783 495255157 495264803
3812073967820210370,463480497 463480322 463480242 463480553 463480493 463480221
3812084462912798775,463480429 463480225 495400618 463480693 495276951 495250885
3812114576326787096,495254783 495255157 495257134 495264803 463480696 463480699
3812170241418461337,463480227 489753829 463480226 463480255 489734604 463480464
3812383173973377310,463480429 495277614 463480224 463480223 495277293 463480213
3812788153324405009,463480322 495251312 495255645 463480553 463480242 495252594
3812847071518523394,463480694 463480242 495252594 463480497 463480553 495251097
3812891579975204963,495277303 495277184 495277192 495277293 495369801 463480322
3813420367897428244,463480227 463480539 489753829 463480464 463480256 463480697
3813544344594940144,463480497 463480273 463480242 463480322 463480342 463480493
3813548689661362432,463480429.0 463480493.0 463480693.0 495400618.0 463480497.0 463480227.0
3813845721028493446,463480213 463480691 463480214 463480457 495493336 463480359
3814125892366499901,463480227 489753829 463480226 463480255 489734604 463480464
3814658374919258140,463480322 463480693 463480694 495253660 495251312 463480242
3815154860213666063,495277303 495277192 463480693 495266185 495401146 463480259
3815225813771223193,495369801 463480446 495404035 463480475 495363656 495488569
3815250391958814958,463480658 463480477 463480256 463480255 463480226 463480487
3815892711017807973,463480699 495403168 495403326 495403165 463480693 495401665
3815930693306548510,463480658 463480477 463480226 463480429 463480475 463480472
3815930913395834946,463480429.0 463480493.0 463480693.0 495400618.0 463480497.0 463480227.0
3815981309884629122,463480694 495252594 495251097 495251659 463480242 495263416
3815987795589333286,463480227 489753829 463480226 463480255 489734604 463480464
3816035596676104518,463480240 463480227 463480465 463480226 463480467 463480487
3816073589558608030,463480227 489753829 463480226 463480255 489734604 463480464
3816216951081402481,463480694 495403168 495403326 495401665 495403165 495403264
3816224247425532054,463480697 463480466 463480255 463480487 463480464 463480227
3816553756474212650,463480693 495251312 495251097 495399700 495252594 495401664
3816619655569604629,463480322 463480679 463480221 463480693 463480553 463480694
3816884231028867358,489734604 463480697 463480466 463480255 463480487 463480464
3817065035398906052,463480227 495400618 463480466 463480677 463480464 463480236
3817202106365116499,463480497 463480322 463480242 463480553 463480493 463480221
3817382476821823713,463480227 463480539 489753829 463480464 463480256 463480697
3817635293821403146,463480553 463480322 463480242 463480221 495253660 463480694
3818004289625784367,463480493 495260496 463480227 463480226 463480322 463480214
3818021589846851630,463480497 463480322 463480242 463480553 463480493 463480221
3818060145473356062,463480693 463480689 495253324 495261546 495251312 463480695
3818420610906456324,463480466 495399912 495399934 489734604 463480697 495400576
3818478478978973746,463480447 495265949 463480698 463480420 495488569 495404035
3818652703383093414,463480694 463480322 463480679 463480553 495252594 463480242
3818778788364288068,463480429.0 463480493.0 463480693.0 495400618.0 463480497.0 463480227.0
3818969739531386972,495403264 495508494 463480514 495528684 495529087 463480515
3819100654594687303,495400939 495401664 463480665 463480466 463480677 463480226
3820306860947800238,463480227 489753829 463480226 463480255 489734604 463480464
3820409398510485720,463480446 463480447 1228501633 463480493 463480359 463480665
3821555114881319097,463480694 495252594 495251097 495251659 463480242 495263416
3821759285067776227,463480322 463480694 463480497 463480693 463480242 495251312
3821988384799719750,463480497 463480322 463480242 463480553 463480493 463480221
3822435046324437085,463480240 463480472 463480465 463480476 463480493 463480227
3823455993533300855,463480497 463480322 463480242 463480553 463480493 463480221
3825635159759126851,463480497 463480322 463480242 463480553 463480493 463480221
3825757657704431684,495277303 495402176 495402268 495402254 463480693 495488569
3827102795983224878,463480213 463480214 463480691 463480235 463480457 463480359
3827427326679843047,463480497 463480322 463480242 463480553 463480493 463480221
3831273226504765542,463480221 463480543 495260496 463480226 495255157 495254783
3832757836971507921,463480429 463480225 463480224 463480223 495277614 463480481
3833626207961219259,463480497 463480273 463480242 463480322 463480342 463480493
3833967021982482589,463480322 463480342 463480679 463480693 463480221 463480553
3834390988783878199,463480359 495401664 495400939 463480665 463480493 463480224
3834660129690878028,463480227 489753829 463480226 463480255 489734604 463480464
3834936106681631028,495400939 495401664 463480665 495401138 463480355 463480358
3835592584818065559,463480227 489753829 463480226 463480255 489734604 463480464
3835672091311472907,463480242 463480497 463480342 463480553 463480362 463480694
3835731262690558223,463480693 463480336 463480338 463480340 463480540 463480544
3835827903500386548,495277192 495277293 495277184 489734604 463480693 463480227
3835961284333404350,463480697 463480466 463480255 463480256 463480464 463480227
3836045038022295821,463480429 463480225 463480224 463480223 495277614 463480481
3836151789825556590,463480497 463480273 463480242 463480322 463480342 463480493
3836194467864641742,463480493 463480543 495400939 495400618 463480358 463480359
3836863026813731074,463480497 463480273 463480242 463480322 463480342 463480493
3836497904343711773,463480227 489753829 463480226 463480255 489734604 463480464
3836919442449891379,463480227 489753829 463480226 463480255 489734604 463480464
3837141121569390930,489734604 463480255 463480487 463480256 463480464 463480468
3837494047307989021,463480227 463480464 463480256 463480539 489753829 463480237
3837648941737312328,463480429 463480225 463480224 463480223 495277614 463480481
3837690473351217254,463480677 463480464 463480539 463480467 489753829 489734604
3837973873374789941,495277303 495277184 495277192 495277293 495369801 463480322
3838069069803421960,463480693 495252594 463480497 495251312 463480322 495255645
3838381230213300390,463480429 495277614 463480224 489753829 463480223 463480210
3838549216418857036,495402268 489734604 463480697 463480356 495400618 489753829
3838932082523898116,495399696 495399934 495400618 495400043 489753829 463480487
3838940580507287783,495399696 495399934 495400618 495400043 489753829 463480487
3839784977260609755,463480242 463480679 463480553 463480342 463480694 463480693
3839849337331122366,463480211 463480439 463480457 495491592 495491405 495491392
3839937389657063453,463480497 463480693 463480553 463480242 495252594 495250885
3840058262502768848,463480429.0 463480493.0 463480693.0 495400618.0 463480497.0 463480227.0
3840226634378248329,495254783 495264479 495264589 495264803 463480221 495257134
3840830725775425812,463480227 489753829 463480464 463480539 463480697 463480237
3841009841151934506,463480429 463480225 463480224 463480223 495277614 463480481
3841081142384787630,495401665 463480355 463480358 463480356 463480589 463480683
3841200148765999410,489753829 463480227 463480677 495400618 463480697 463480464
3841356179849347150,463480322 463480342 463480497 463480693 463480679 463480362
3841527341881491758,463480493 463480226 463480346 463480213 463480210 463480227
3841746463964790810,463480699 495401665 495403168 495403326 463480693 495403163
3842117953876394281,463480227 489753829 463480226 463480255 489734604 463480464
3842405230220935482,463480694 1526098025 495519413 463480404 495524064 463480593
3842434255226929289,463480693 463480694 495251097 495253324 495259045 463480553
3842567744861503638,495401665 463480484 463480356 495401146 463480497 463480683
3843120516142989419,463480683 463480699 463480589 463480374 463480356 463480379
3843303483393966334,463480227 489753829 463480226 463480255 489734604 463480464
3843401433259704482,463480227 489753829 463480226 463480255 489734604 463480464
3844376408688165064,463480255 463480697 463480466 489734604 463480227 463480487
3844803111220674566,463480429.0 463480493.0 463480693.0 495400618.0 463480497.0 463480227.0
3845390633674211428,463480694 495252594 495251097 495251659 463480242 495263416
3845498772035469478,495400618 489753829 463480464 495400385 463480227 463480487
3845692170022158491,495399696 495399934 495400618 489753829 463480255 495400043
3846036590444937480,463480471 489734604 463480464 463480467 463480227 495400618
3846106863229730847,463480429 463480225 463480223 463480210 495366540 463480481
3846755064764432394,463480497 463480322 463480242 463480553 463480493 463480221
3847784446706319478,495400939 495401664 463480665 495401138 463480355 463480358
3848584186833666184,463480322 463480679 463480221 463480693 463480553 463480694
3849781641783279852,463480227 489753829 463480226 463480255 489734604 463480464
3853114916022255627,463480255 463480482 495400385 495399719 495399934 463480240
3853380804555833399,463480497 463480322 463480242 463480553 463480493 463480221
3854614981195595783,463480227 489753829 463480226 463480255 489734604 463480464
3854872829522608472,463480227 489753829 463480226 463480255 489734604 463480464
3856299796370555140,463480464 463480677 463480539 489753829 463480467 489734604
3856457137746083900,463480497 463480322 463480242 463480553 463480493 463480221
3856614665958719818,463480497 463480693 495251312 495251659 463480553 495261776
3857798839057514705,495400618 463480474 463480476 463480677 495399820 463480487
3858099837673406540,463480694 495252594 495251097 463480242 495251659 463480497
3858630278257049805,495506138 463480370 495504580 463480368 463480389 463480213
3858893705531359263,463480429 463480225 463480224 463480223 495277614 463480481
3858989869820805321,463480227 489753829 463480226 463480255 489734604 463480464
3859238272561053822,463480227 489753829 463480226 463480255 489734604 463480464
3859239669532197135,495250885 495255645 495252594 463480322 463480497 495263416
3859590248314961958,463480497 463480322 463480242 463480553 463480493 463480221
3859771826465407079,463480392 463480389 463480684 495370340 463480429 463480224
3859888013738246429,463480493 495260496 463480226 463480227 463480214 463480322
3860228625724866887,463480493 463480226 463480346 463480213 463480210 463480227
3860825071353856029,463480497 463480322 463480242 463480553 463480493 463480221
3861091247442886942,463480497 463480322 463480242 463480553 463480493 463480221
3861384327294353586,495400618 463480697 489734604 495399700 495400631 495400155
3861805988957389086,463480497 463480273 463480242 463480322 463480342 463480493
3861833596987506862,463480466 495399912 489734604 463480697 495400576 489753829
3862376489789686079,463480429 463480225 463480223 463480210 495366540 463480481
3862777119685738611,463480227 495400618 463480236 463480464 463480468 463480677
3862824353265615134,463480227 489753829 463480226 463480255 489734604 463480464
3862848223467536605,463480221 463480543 495260496 463480226 495255157 495254783
3862867271312998701,463480493 463480226 463480346 463480213 463480210 463480227
3862934149010817317,463480497 463480322 463480242 463480553 463480493 463480221
3862976945559175400,463480497 463480322 463480242 463480553 463480493 463480221
3863184166245105694,463480359 463480355 463480356 463480358 495400939 495401665
3863236518535757944,463480429.0 463480493.0 463480693.0 495400618.0 463480497.0 463480227.0
3863559705506873559,495400635 463480475 463480468 495399912 463480227 463480473
3863934103308468566,489753829 463480227 463480539 463480464 489734604 463480466
3864004575300157711,463480322 463480553 463480342 463480497 463480641 463480693
3865054591119786229,463480683 463480699 463480589 463480374 463480356 463480379
3865779008363823376,463480497 463480322 463480242 463480553 463480493 463480221
3865911454652170423,495265868 495267299 463480322 495266964 495277184 495402176
3866132029077979369,463480693 463480553 495251312 463480497 463480322 463480221
3866187347822903362,463480497 463480322 463480242 463480553 463480493 463480221
3866557785568969008,463480497 463480679 463480242 463480322 463480342 463480693
3866995617069531314,463480228 495276951 463480356 495529087 463480514 463480355
3867093531065319566,463480213 463480214 463480691 463480235 463480457 463480359
3867152620122014013,463480497 463480322 463480242 463480553 463480493 463480221
3867846384208838697,463480497 463480322 463480242 463480553 463480493 463480221
3869164655395471645,463480227 489753829 463480226 463480255 489734604 463480464
3869541425462903013,463480235 463480214 463480691 463480665 463480359 463480655
3870004871945781588,495401895 463480493 495401138 495400939 463480346 463480466
3870277786569277676,463480497 463480322 463480242 463480553 463480493 463480221
3871004899170844993,489734604 463480697 463480466 463480487 463480255 463480464
3874461396222083258,463480429 495493945 463480452 463480359 463480691 463480493
3878885776997220585,463480493 463480497 495254783 495264479 463480553 495277614
3879306345252651134,463480322 463480342 463480242 463480695 463480693 495255645
3879354635514282282,463480346 463480483 463480359 495404000 495403990 463480350
3879767917983694864,495399696 495399934 495400618 495400043 489753829 463480487
3880257855150096560,495400618 1228501633 489753829 463480658 495400314 495399912
3880610489748947254,495400618 463480697 495399696 489734604 495400155 463480255
3881353893175885832,463480227 489753829 463480226 463480255 489734604 463480464
3881393288591180025,495400618 489753829 495400576 1228501633 495399912 495400155
3881516793247039517,463480497 463480322 463480242 463480553 463480493 463480221
3881560843425677593,489753829 463480227 463480539 463480464 489734604 463480466
3881801373591273788,463480346 463480483 463480359 495404000 495403990 463480350
3882061731160391696,463480693 463480497 463480553 463480322 495251312 495402258
3882213557729493248,463480227 489753829 463480226 463480255 489734604 463480464
3882375284353925250,463480381 463480228 495277303 495369801 495277184 495266185
3882450369944223828,463480497 463480273 463480242 463480322 463480342 463480493
3882980876836143400,463480221 463480693 463480497 463480553 495251312 495255157
3883084096462913883,463480497 463480322 463480242 463480553 463480493 463480221
3883168059326726453,463480429 495493945 463480452 463480359 463480493 495400939
3883332672184648006,463480493 495264479 463480696 495253324 463480543 495255157
3883346778583466142,463480497 463480322 463480242 463480553 463480493 463480221
3883458483933937982,495400635 463480472 463480473 463480475 463480226 463480493
3883984118302900387,463480694 495252594 495251097 495251659 463480242 495263416
3884177553804230844,463480227 489753829 463480226 463480255 489734604 463480464
3884235125028290793,463480694 495252594 495251097 463480242 495251659 463480497
3884699886233059502,463480497 495255157 495254783 463480694 495264479 463480493
3884743610427507005,463480497 463480322 463480242 463480553 463480493 463480221
3884909737078423785,463480429 463480497 495277614 463480242 463480322 463480224
3884946493831905456,463480359 495400618 495401664 463480539 489753829 489734604
3885719179427053608,463480227 489753829 463480226 463480255 489734604 463480464
3885909353301803220,463480497 463480322 463480242 463480553 463480493 463480221
3886240874834428079,463480429.0 463480493.0 463480693.0 495400618.0 463480497.0 463480227.0
3886296385442807974,463480677 1228501633 463480493 463480227 463480471 463480543
3886503607173382243,463480227 489753829 463480226 463480255 489734604 463480464
3886794923373494288,495250885 495403982 463480483 495403990 463480694 495251312
3887022465297416244,463480677 489753829 463480487 463480466 495400618 495400385
3887215160532402409,463480322 463480497 463480242 463480679 463480362 463480641
3888497442711142476,463480227 489753829 463480226 463480255 489734604 463480464
3888588368184606826,463480553 463480322 463480242 463480221 495253660 463480694
3888612075934056726,495254783 495264803 463480696 463480346 495255157 495257134
3888625480485306632,495255157 495264803 495254783 463480696 463480493 463480693
3888849780413038645,463480493 463480226 463480346 463480213 463480210 463480227
3889556864608501765,463480497 463480322 463480242 463480553 463480493 463480221
3891965806518206614,489734604 463480697 463480466 463480255 463480487 463480464
3892894386467373227,463480429 463480225 463480224 463480223 495277614 463480481
3894291203191472189,463480255 489734604 463480468 463480487 463480256 463480465
3895026132771143962,495266185 463480381 495277184 495402254 495265868 495266964
3898422155351163220,463480322 463480679 463480221 463480693 463480553 463480694
3900377199852126486,463480211 463480439 463480457 495491592 495491405 495491392
3900949095185907732,463480497 463480242 463480342 463480553 463480693 463480679
3901559814007816289,463480255 489734604 463480468 463480487 463480256 463480465
3901619377336221822,463480392 463480389 463480684 495370340 463480429 463480224
3902025063404142837,463480429.0 463480493.0 463480693.0 495400618.0 463480497.0 463480227.0
3902025483641946430,463480322 463480694 463480693 463480497 495251312 495253660
3902122329469616444,463480242 463480497 463480342 463480553 463480362 463480694
3902261114066174116,463480227 489753829 463480226 463480255 489734604 463480464
3902290361512886455,495401665 463480374 463480699 463480379 495525836 495403354
3902504282123927785,495251659 463480553 463480693 495251097 495253324 495263416
3902524509044342892,463480322 463480553 463480342 463480497 463480641 463480693
3903097968253993238,495400618 495400314 489753829 495400576 463480589 489734604
3903287141561008450,463480213 463480214 463480691 463480235 463480457 463480359
3903852252100296880,463480693 463480362 495264005 495250885 463480555 495264774
3904222349428260963,495250885 463480694 495251312 495255645 463480693 463480322
3904599325499982012,463480213 463480214 463480691 463480235 463480457 463480359
3904683581528080470,463480497 463480322 463480242 463480553 463480493 463480221
3905143038821269654,463480697 495400618 463480539 489753829 463480464 463480467
3905149713021141018,463480497 463480322 463480242 463480553 463480493 463480221
3905415071421169856,463480322 463480694 463480497 463480693 463480242 495251312
3905454468050190416,463480355 495400939 463480358 495401664 463480484 463480665
3905545067843551407,463480392 463480389 463480684 495370340 463480429 463480224
3906692949416345616,495255157 463480696 495257134 463480493 495260496 463480212
3906812011106795664,463480429 463480359 463480355 463480227 463480224 463480214
3906951046778323215,495254783 495255157 495264479 463480221 495264589 463480694
3906975474581504350,463480359 463480355 463480356 463480358 495400939 495401665
3907086608457007268,495255157 463480696 495257134 463480493 495260496 463480212
3907799878083018875,463480227 463480697 463480464 463480466 463480256 489753829
3907832445624385561,463480210 463480359 463480457 463480665 463480212 463480429
3907866715978727520,463480429.0 463480493.0 463480693.0 495400618.0 463480497.0 463480227.0
3908606079750373475,463480226 463480227 463480236 463480237 463480238 463480240
3908647552869990747,463480466 489753829 463480471 489734604 463480227 463480256
3908743253865791750,463480429.0 463480493.0 463480693.0 495400618.0 463480497.0 463480227.0
3908947205504630876,463480497 463480322 463480242 463480553 463480493 463480221
3909426027073110199,463480693 463480553 495251312 463480497 495251659 463480322
3909728275231670534,463480322 495251312 495255645 463480553 463480242 495252594
3909738426553073957,463480429.0 463480493.0 463480693.0 495400618.0 463480497.0 463480227.0
3910089525810692297,463480235 463480214 463480691 463480665 463480259 463480453
3910887867394031930,463480497 463480322 463480242 463480553 463480493 463480221
3910959320069046488,463480493 463480226 463480346 463480213 463480210 463480227
3911630365121052834,463480471 463480468 489734604 463480464 1228501633 463480255
3911971161905299474,463480497 463480322 463480242 463480553 463480493 463480221
3912118085296849079,463480553 495252594 495251312 495251659 463480497 463480322
3912538384758210594,463480227 489753829 463480226 463480255 489734604 463480464
3913634677560705212,463480227 489753829 463480226 463480255 489734604 463480464
3914194162653593765,463480359 463480355 463480356 463480358 495400939 495401665
3914627139885859141,463480497 463480322 463480242 463480553 463480493 463480221
3915215133746397226,463480493 463480226 463480346 463480213 463480210 463480227
3916129504358826227,463480227 489753829 463480226 463480255 489734604 463480464
3916478618026115274,463480429 495403982 463480483 495404000 495403990 463480350
3920808296592179549,463480227 489753829 463480226 463480255 489734604 463480464
3921051309280329858,463480213 463480214 463480691 463480235 463480457 463480359
3922290625994817663,463480471 463480256 463480464 463480468 463480697 463480487
3922472287657787592,463480210 463480359 463480457 463480665 463480212 463480429
3922571942723846286,495399696 495399934 495400618 495400043 489753829 463480487
3923093320740896943,463480227 489753829 463480226 463480255 489734604 463480464
3924506894655553673,463480471 463480256 463480464 463480468 463480697 463480487
3924592279457628393,463480355 463480358 463480361 463480484 463480545 463480560
3925253716600160323,463480694 495252594 495251097 495251659 463480242 495263416
3925349162293657725,463480227 463480539 489753829 463480464 463480256 463480697
3925494271580307650,463480227 489753829 463480226 463480255 489734604 463480464
3925649266902827255,463480497 463480322 463480242 463480553 463480493 463480221
3925655952555770032,495254783 495255157 495264479 463480221 495264589 463480694
3925763190259712216,489753829 463480227 463480539 463480464 489734604 463480466
3926156741568102678,463480466 495399934 495399912 495400631 463480697 489734604
3926184695543103656,463480227 489753829 463480226 463480255 489734604 463480464
3926554557754114236,463480227 489753829 463480226 463480255 489734604 463480464
3926709198731870261,463480359 463480355 463480356 463480358 495400939 495401665
3927377046778937424,463480497 463480322 463480242 463480553 463480493 463480221
3927863039979946306,463480322 463480497 495252594 463480242 495251312 463480693
3928444583091372160,463480359 463480355 463480356 463480358 495400939 495401665
3928738360228315201,463480228 495493945 463480359 495506916 495400939 495369801
3929082538414571723,463480497 463480322 463480242 463480553 463480493 463480221
3929112627063816324,463480322 463480342 463480242 463480695 463480693 495255645
3929321607727677489,495370340 463480417 495369801 495507390 463480425 495402871
3929868524603572416,463480242 463480497 463480342 463480553 463480362 463480694
3929872583226032386,463480497 463480322 463480242 463480553 463480493 463480221
3929949779467436055,463480429.0 463480493.0 463480693.0 495400618.0 463480497.0 463480227.0
3930639083750817968,463480497 463480322 463480242 463480553 463480493 463480221
3945914083404152896,463480429.0 463480493.0 463480693.0 495400618.0 463480497.0 463480227.0
3931550642896109648,463480497 463480322 463480242 463480553 463480493 463480221
3933320641431732408,463480497 463480322 463480242 463480553 463480493 463480221
3934193636506075359,463480679 463480322 463480221 463480693 463480694 463480689
3934438977818591579,463480543 463480221 495260496 463480226 495255157 495254783
3935487866035241133,463480497 463480322 463480242 463480553 463480493 463480221
3935669074123554828,463480213 463480214 463480691 463480235 463480457 463480359
3936158293131526482,489753829 463480227 463480677 495400618 463480697 463480464
3938162216815820909,463480497 463480322 463480242 463480553 463480493 463480221
3943898150966919348,463480539 463480465 463480697 463480464 463480227 489753829
3946070424025301069,463480227 463480468 463480236 495400618 463480677 463480471
3946078591118737601,495493336 495529087 495520612 495525871 495370340 463480514
3946446009152569397,463480429 463480481 463480224 463480225 463480227 463480231
3946533647292301358,463480227 489753829 463480226 463480255 489734604 463480464
3946893272999264314,463480227 489753829 463480226 463480255 489734604 463480464
3947245714874564626,463480359 495401664 495401146 463480355 463480356 495401665
3947548873037709590,463480322 463480679 463480221 463480693 463480553 463480694
3948306721290584212,489734604 463480697 463480466 463480255 463480487 463480464
3948588743865925668,495401665 463480484 463480356 495401146 463480359 495400939
3949080453706416201,463480240 463480472 463480465 463480476 463480493 463480227
3949171884351553755,495254783 495255157 463480493 495264479 463480696 495257134
3949564018842140879,463480256 463480468 463480487 463480464 463480471 463480255
3949651388932554935,495251312 495255645 495256989 463480694 463480322 463480693
3950216822548857048,495401665 463480355 463480358 495401146 463480589 495403168
3950352088721785181,495252594 495251312 495255645 495256989 463480322 463480695
3950726502021333062,463480497 463480221 463480242 463480553 463480679 463480694
3950727437022134566,463480255 463480256 463480465 463480226 463480429 463480468
3950789548292702541,463480359 463480355 463480356 463480358 495400939 495401665
3950789723260190933,463480553 463480322 463480242 463480221 495253660 463480694
3950817166850523235,463480693 463480553 495251312 463480497 463480322 463480221
3951442194316918797,463480693 463480497 495251312 495251097 463480242 495252594
3951688665352896695,463480693 463480553 463480497 463480322 495251097 495251312
3952197367430381840,495277303 495277293 495277202 495369801 463480227 463480689
3952296096022659186,463480497 463480322 463480242 463480553 463480493 463480221
3952406882299412663,463480374 495403163 495403354 463480379 495403326 495401146
3952754997931802872,463480255 463480482 495400385 495399719 495399934 463480240
3952831105958674662,463480228 495493945 463480359 495506916 495400939 495369801
3953625528688705626,463480214 463480235 463480691 463480665 463480453 463480452
3953716808464466189,463480359 463480355 463480356 463480358 495400939 495401665
3954093840177299681,495250885 463480694 495251312 495255645 463480693 463480322
3954365399266492599,463480497 463480322 463480242 463480553 463480493 463480221
3954633390373994804,463480227 489753829 463480226 463480255 489734604 463480464
3954781043747455159,463480497 463480322 463480242 463480553 463480493 463480221
3956462227056230419,463480227 489753829 463480226 463480255 489734604 463480464
3956761288399126661,463480221 463480543 495260496 463480226 495255157 495254783
3956867477224554746,489734604 463480697 463480466 463480255 463480487 463480464
3958169713657250094,463480322 463480342 463480242 463480695 463480693 495255645
3958284268021481558,489753829 463480227 463480677 495400618 463480697 463480464
3958364489844523121,463480227 489753829 463480226 463480255 489734604 463480464
3959322999085072478,463480227 489753829 463480226 463480255 489734604 463480464
3959478634567172229,463480636 463480640 495277184 495277192 495277202 495277293
3960821465199411397,463480466 463480697 489734604 463480255 495399934 463480227
3960958227655950568,463480497 463480553 463480693 463480342 495251312 463480679
3960958256708059314,463480497 463480322 463480242 463480553 463480493 463480221
3966295230613553160,463480497 463480322 463480242 463480553 463480493 463480221
3966537412738547740,489734604 463480255 463480487 489753829 463480256 463480468
3967950070410379463,463480497 463480322 463480242 463480553 463480493 463480221
3968428795400552649,463480227 489753829 463480226 463480255 489734604 463480464
3969111399451328659,463480213 463480214 463480691 463480235 463480457 463480359
3969767466146463873,495400618 489753829 495400314 489734604 463480697 495400576
3970044803046965418,463480242 463480497 463480342 463480553 463480362 463480694
3970197600934297941,463480227 489753829 463480226 463480255 489734604 463480464
3970572256765280432,495253660 495252594 495256039 495256989 463480342 495259981
3970911972296753182,463480553 463480322 463480242 463480221 495253660 463480694
3971659725131219221,463480468 489734604 463480255 463480487 463480256 463480465
3971921610641768636,463480242 463480497 463480342 463480553 463480362 463480694
3971990318283227416,495400385 495400618 495400155 489753829 495401665 495400043
3972480959108087898,463480227 489753829 463480226 463480255 489734604 463480464
3972546950245908693,463480227 489753829 463480226 463480255 489734604 463480464
3972612609109917878,489753829 463480464 463480227 495400618 463480697 463480466
3973027396265967722,463480372 463480359 463480242 495403699 495250885 463480541
3973747976950513973,495277303 495277192 463480693 495265868 463480381 495266185
3973829653536964858,463480240 463480227 463480465 463480226 463480467 463480487
3973875796318093588,463480322 463480497 463480242 463480694 463480693 495253660
3974270656533758185,463480359 463480355 463480356 463480358 495400939 495401665
3974954065624563819,463480497 463480322 463480242 463480553 463480493 463480221
3975229149775659285,495400618 489753829 495400314 495399912 489734604 1228501633
3975333785249513623,463480227 489753829 489734604 463480471 463480466 463480465
3975642323226198042,495400939 495401664 463480665 463480658 463480429 463480475
3975774286976123040,463480497 463480322 463480242 463480553 463480493 463480221
3975801479753891965,463480429.0 463480493.0 463480693.0 495400618.0 463480497.0 463480227.0
3975832858980253881,495277303 495277184 495277192 495277293 495369801 463480322
3976472131101524245,463480350 463480359 463480367 463480370 463480374 463480387
3977307501552730426,463480696 463480694 495255157 463480497 495264479 495264589
3977346722074460198,463480497 463480322 463480242 463480553 463480493 463480221
3977538878517805061,463480240 463480227 463480465 463480226 463480467 463480487
3977678151774109861,463480429 463480225 463480224 463480223 495277614 463480481
3977746899337740630,489734604 463480697 463480466 463480255 463480487 463480464
3978464575420629127,463480210 463480359 495366540 495400939 463480457 495491650
3978796685966704731,463480227 489753829 463480226 463480255 489734604 463480464
3978801929972351028,463480322 463480342 463480242 463480695 463480693 495255645
3979505997516374246,463480497 463480322 463480242 463480553 463480493 463480221
3979563268927652176,463480693 463480553 463480497 495251659 463480694 495251312
3979570253858603286,463480693 463480553 495251312 463480497 463480322 463480221
3979667849318236469,463480227 489753829 463480226 463480255 489734604 463480464
3980095209867313243,463480497 463480322 463480242 463480553 463480493 463480221
3980723829012430894,463480359 463480355 463480356 463480358 495400939 495401665
3980727646831509587,463480214 463480235 463480691 463480665 463480453 463480452
3981405874611552260,463480497 463480322 463480242 463480553 463480493 463480221
3981484925596991649,463480322 463480497 495252594 463480694 495255645 495250885
3981843465637462263,463480487 463480464 463480236 463480467 489734604 1228501633
3982044216908579090,463480240 463480472 463480476 463480465 463480493 463480227
3990022409868279936,495264589 495254783 495255157 463480493 495264479 495257134
3992376934404980966,463480497 463480273 463480242 463480322 463480342 463480493
3992418229437333665,463480683 463480699 463480589 463480374 463480356 463480379
3992599616892961075,463480381 463480228 495277303 495369801 495277184 495266185
3992672003487432740,463480497 463480322 463480242 463480553 463480493 463480221
3992940079422111920,495277303 495277202 495369801 463480693 495266185 463480227
3992972019364004149,463480497 463480322 463480242 463480553 463480493 463480221
3993092181613347117,463480483 495403982 495403990 495404000 463480350 495404012
3993203057058119726,463480221 463480226 495260496 495255157 495254783 463480359
3993226239171887329,495400618 495399934 495400576 463480697 495400605 463480677
3993588853978169395,489753829 463480227 463480677 495400618 463480697 463480464
3993740763598684249,489753829 463480466 463480693 463480697 495400631 463480553
3993966638305902685,495400618 463480697 489734604 495399700 495400631 495400155
3994114308890951958,463480693 463480497 463480553 463480322 463480493 463480221
3994133300620296310,463480497 463480273 463480242 463480322 463480342 463480493
3994622390276194645,489734604 463480466 463480693 463480539 463480497 463480697
3994660399015264482,463480466 495399912 489734604 463480697 495399934 495400576
3994880534767730996,463480429 463480225 463480224 463480223 495277614 463480481
3994886757645025536,463480699 495403326 495403168 495403165 463480693 495401665
3994956355304685659,463480683 495401665 495403354 463480356 463480484 495277303
3995075468994805796,463480235 463480691 463480665 463480453 463480259 463480452
3995408188646097007,463480683 463480699 463480589 463480374 463480356 463480379
3995439271633486007,463480466 463480697 463480223 463480224 463480227 463480481
3995622538168762696,463480227 489753829 463480226 463480255 489734604 463480464
3995882670440054907,463480227 489753829 463480226 463480255 489734604 463480464
3996085898655039720,489753829 463480466 463480539 463480227 463480256 463480464
3996132351211471167,463480359 463480355 463480356 463480358 495400939 495401665
3996947997305602234,463480227 489753829 463480226 463480255 489734604 463480464
3997038538054434917,463480497 463480322 463480242 463480553 463480493 463480221
3997142195193774139,463480213 463480214 463480691 463480235 463480457 463480359
3997430316054347924,463480242 463480497 463480342 463480553 463480362 463480694
3997710867438502155,463480497 463480322 463480242 463480553 463480493 463480221
3997807965283025150,463480471 463480466 489753829 463480256 463480465 489734604
3997889901877526551,463480466 463480235 489734604 495399934 463480697 495399912
3997933283146727604,463480429.0 463480493.0 463480693.0 495400618.0 463480497.0 463480227.0
3998018088095187135,495400618 495400155 463480697 495399700 489753829 495400043
3999597538006007931,463480497 463480322 463480242 463480553 463480493 463480221
3999815944299086147,463480497 463480553 463480693 463480242 463480342 495251312
4000521466331267369,489753829 463480697 495400618 463480464 463480539 463480255
4001375384311431342,463480683 463480699 463480589 463480374 463480356 463480379
4001416443129495573,463480227 489753829 463480226 463480255 489734604 463480464
4001472462614167632,463480683 495403354 463480694 463480589 495403165 463480374
4001699214856290327,463480429.0 463480493.0 463480693.0 495400618.0 463480497.0 463480227.0
4001802252150898952,463480227 489753829 463480226 463480255 489734604 463480464
4002684758793125907,463480677 463480466 495400618 489753829 463480226 463480658
4002918953535930539,463480497 463480553 463480693 463480342 495251312 463480679
4003554364851486881,463480497 463480322 463480242 463480553 463480493 463480221
4003773233175724153,463480683 495403168 463480699 495403326 495403163 463480407
4003797007160049981,463480468 463480256 463480465 463480255 463480487 463480464
4004001855987253472,463480359 463480355 463480356 463480358 495400939 495401665
4004033739052286233,463480210 463480359 463480457 463480665 463480212 463480429
4004188794164347004,463480497 463480322 463480242 463480553 463480493 463480221
4004503685682692324,463480429.0 463480493.0 463480693.0 495400618.0 463480497.0 463480227.0
4004745346722562272,463480227 489753829 463480226 463480255 489734604 463480464
4005333150806835398,463480497 463480322 463480242 463480553 463480493 463480221
4005351012636295498,463480497 463480322 463480242 463480553 463480493 463480221
4006142038139207932,463480214 463480691 463480235 463480429 463480489 463480359
4006330835516784720,463480543 463480221 495260496 463480226 495255157 463480240
4012186650510884876,489753829 463480227 463480677 495400618 463480697 463480464
4012687307322163468,463480683 463480699 463480589 463480374 463480356 463480379
4014106712510038103,463480242 463480497 463480342 463480553 463480362 463480694
4015444342648602644,463480429.0 463480493.0 463480693.0 495400618.0 463480497.0 463480227.0
4015637224999354481,463480466 489753829 463480471 489734604 463480227 463480256
4015792015808397405,463480497 463480322 463480242 463480553 463480493 463480221
4015915437913014549,463480497 463480322 463480242 463480553 463480493 463480221
4015936751447572632,463480429.0 463480493.0 463480693.0 495400618.0 463480497.0 463480227.0
4016090612133789974,495252594 495251312 463480553 495251097 463480497 495263416
4016393376308396141,463480683 463480699 463480589 463480374 463480356 463480379
4016710482850742317,463480429 463480225 463480481 463480210 463480227 495366540
4016738525387685954,463480429 463480481 463480224 463480227 463480225 463480231
4017041962634051833,463480223 463480481 463480224 463480665 463480225 463480670
4017134149733712159,495400618 463480697 495399700 489734604 495400631 495400155
4017669645598720157,463480227 463480236 495400618 463480468 463480464 463480488
4017695302951108944,463480213 463480214 463480691 463480235 463480457 463480359
4017754520330174663,463480693 495250885 495251312 463480695 463480322 463480497
4017761484343869757,463480699 495401665 463480683 495403163 463480379 463480589
4018237788082929923,463480227 489753829 463480226 463480255 489734604 463480464
4018738370997911651,463480497 463480694 463480242 463480693 495251312 495253660
4019133031290765573,463480694 495252594 495251097 495251659 463480242 495263416
4020163124755955945,495399700 495400314 495400385 495400155 495400341 495400431
4020851959833821427,463480429.0 463480493.0 463480693.0 495400618.0 463480497.0 463480227.0
4020870634845765745,463480497 495255157 463480696 463480322 463480543 463480242
4020902961152262488,463480493 463480429.0 463480693.0 495400618.0 463480497.0 463480227.0
4020903170181955779,495401664 463480665 495401138 463480355 463480358 463480484
4021160843763253381,463480227 489753829 463480226 463480255 489734604 463480464
4021185966953463994,463480227 489753829 463480226 463480255 489734604 463480464
4021241441455964173,463480693 463480553 495251659 495256039 463480322 463480694
4021813053521133648,463480493 463480226 463480346 463480213 463480210 463480227
4022108117838594065,495264589 495254783 495255157 463480493 495264479 495257134
4023261998324645986,495402268 489734604 463480697 463480356 495402254 495400618
4023286057731621046,463480696 495264479 495264589 495255157 495257134 495264803
4023466049744404620,463480484 463480355 495401146 463480356 495403408 463480589
4023710804825342189,463480497 463480322 463480242 463480553 463480493 463480221
4023850439884931191,463480227 489753829 463480226 463480255 489734604 463480464
4024841758594039813,463480497 463480322 463480242 463480553 463480493 463480221
4024865060153196841,463480677 1228501633 463480493 463480227 463480471 463480543
4025345414307774646,463480694 495252594 495251097 495251659 463480242 495263416
4025370577960173654,463480683 495403168 495403326 495403163 463480699 463480407
4025843750184943749,463480497 463480322 463480242 463480553 463480493 463480221
4026154562380365884,463480227 489753829 463480226 463480255 489734604 463480464
4026618785472184491,463480471 489734604 463480467 1228501633 463480464 463480255
4027101564590096525,463480683 463480699 463480589 463480374 463480356 463480379
4027606299430879383,463480683 463480699 463480589 463480374 463480356 463480379
4029501581861847200,463480346 495404008 463480475 463480489 495403990 495404000
4034183168728236244,463480487 463480466 463480227 489753829 463480236 489734604
4035063322875527304,495399946 463480429 463480539 463480482 463480486 463480487
4036080322518712385,463480697 463480466 463480255 463480227 489753829 495400618
4036345469073096930,463480227 489753829 463480226 463480255 489734604 463480464
4036390064183836743,495400618 463480255 463480697 463480256 495399934 495399997
4037084221259907282,463480497 463480322 463480242 463480553 463480493 463480221
4037144877487620222,463480691 463480214 463480452 463480429 463480453 495493945
4037894461224648717,463480693 463480553 463480497 495251659 463480322 495251312
4037905501376741432,495400618 489734604 463480697 463480255 463480466 495400314
4039006231065526454,463480227 489753829 463480226 463480255 489734604 463480464
4039590997221966139,495250885 463480694 495251312 463480322 463480693 495255645
4039984369834918017,495267299 495265868 495266964 463480322 495266983 495277184
4040052776071856141,463480466 489734604 463480693 495402254 463480697 495402010
4040295313508139181,463480242 463480497 463480342 463480553 463480362 463480694
4040429847130669196,463480396 495370340 463480391 463480506 463480389 495490760
4040520085979267191,463480429 495277614 463480212 463480224 463480223 463480589
4040561954576400731,463480242 463480497 463480342 463480553 463480362 463480694
4040710365023830084,463480472 463480346 463480486 463480483 463480468 495399820
4040741843600408848,463480699 463480683 495403168 495403163 495401665 495403354
4040966942096097491,463480227 489753829 463480226 463480255 489734604 463480464
4041024270803402921,463480483 495403982 495403990 495404000 495404012 463480350
4041199621340660022,495251659 495251312 463480693 463480497 495261776 495251097
4041904483517071528,495399696 495400618 495399934 463480225 489753829 463480429
4042507192453824642,463480493 463480226 463480227 463480214 495260496 463480658
4042847921634017448,463480429 463480225 463480224 463480223 495277614 463480481
4043304085594308793,463480543 463480221 495260496 463480226 495255157 463480359
4043551949008142377,463480240 463480472 463480465 463480476 463480493 463480227
4043998908162244790,463480497 463480322 463480242 463480553 463480493 463480221
4044208397640532136,463480497 463480322 463480242 463480553 463480493 463480221
4044454206842077355,463480497 463480322 463480242 463480553 463480493 463480221
4044468977929814176,463480553 495251659 463480693 495251097 495253324 495263416
4045398840940691627,463480683 463480699 463480589 463480374 463480356 463480379
4045658288010821958,463480497 463480322 463480242 463480553 463480493 463480221
4046580224850657575,463480497 463480322 463480242 463480553 463480493 463480221
4046739622749798602,463480497 463480322 463480242 463480553 463480493 463480221
4047409962785964244,463480466 489734604 463480697 463480487 495399912 463480227
4048423107988816060,463480213 463480214 463480691 463480235 463480457 463480359
4048553308059598958,463480227 489753829 463480226 463480255 489734604 463480464
4048985906450006036,463480359 495401664 495401146 463480355 463480356 495401665
4049436102878560570,463480227 489753829 463480226 463480255 489734604 463480464
4050866081172029469,463480255 489734604 463480468 463480487 463480256 463480465
4058881134246756462,463480227 489753829 463480226 463480255 489734604 463480464
4059761176259330319,463480227 489753829 463480226 463480255 489734604 463480464
4060017288136622093,463480359 463480213 463480665 463480235 495401664 463480653
4060062812380594363,463480213 463480653 463480665 463480235 463480359 463480214
4060723123288014883,463480493 495255157 463480497 495264479 463480694 495264589
4062191390713970961,463480255 489734604 463480468 463480487 463480256 463480465
4062301345672855575,463480694 495251097 495252594 463480358 495251659 463480553
4062317258275029088,463480227 489753829 463480226 463480255 489734604 463480464
4062363061408760063,463480497 463480322 463480242 463480553 463480493 463480221
4062649900657803312,463480497 463480322 463480242 463480553 463480493 463480221
4062768580891771195,463480497 463480322 463480242 463480553 463480493 463480221
4063431270530023648,463480221 463480543 495260496 463480226 495255157 495254783
4064762135070900226,463480653 463480213 463480665 463480691 463480346 463480210
4064982286171635760,463480322 463480342 463480497 463480693 463480679 463480362
4065131669405040755,463480497 463480322 463480242 463480553 463480493 463480221
4065303992812437619,495251659 495251312 463480693 463480497 495261776 495251097
4065317445568561353,463480471 463480256 463480464 463480468 463480697 463480487
4065421952301662308,463480240 463480472 463480476 463480465 463480493 463480227
4065443071967100969,463480213 463480214 463480691 463480235 463480457 463480359
4065531536157704313,463480227 489753829 463480226 463480255 489734604 463480464
4065585968195567756,463480497 463480322 463480242 463480553 463480493 463480221
4065634924235850021,463480346 495403990 495403982 463480483 495404008 495404012
4065649100865667298,489734604 463480697 463480466 463480255 463480487 463480464
4065949978703429639,463480493 463480226 463480346 463480213 463480210 463480227
4066253855810912290,1228501633 463480487 489734604 463480471 463480464 495400618
4066433755161821396,463480693 495401997 495252594 495251097 495402254 495402268
4066682193681842463,463480677 1228501633 463480493 463480227 463480471 463480543
4066784527956312358,463480227 489753829 463480226 463480255 489734604 463480464
4067169184811319324,463480346 495404008 495403982 463480483 495404012 463480457
4067178909805314223,495402268 495402254 495401997 495402176 495400618 495252594
4067956991865913684,463480429.0 463480493.0 463480693.0 495400618.0 463480497.0 463480227.0
4068450057045934292,463480683 463480699 463480589 463480374 463480356 463480379
4068543629666549873,463480381 463480228 495277303 495369801 495277184 495266185
4069192445593124873,463480322 463480242 463480497 463480641 463480679 463480362
4069439717091311834,463480227 489753829 463480226 463480255 489734604 463480464
4069603168711344426,463480497 463480322 463480242 463480553 463480493 463480221
4069646057794437278,463480255 489734604 463480468 463480487 463480256 463480465
4070403962946978063,463480466 495399912 489734604 463480697 495399934 495400576
4070957376242712765,463480227 489753829 463480226 463480255 489734604 463480464
4071446367348719931,495277303 495277184 495277192 495277293 495369801 463480322
4073727924930609349,463480693 463480242 463480381 495277303 463480342 495402176
4073766779892531282,463480497 463480322 463480242 463480553 463480493 463480221
4074142258021269770,463480696 495264479 495264589 495257134 463480693 495264803
4074220088989057147,495401665 463480484 463480694 495401146 463480358 495400939
4074789658950631566,463480359 463480355 463480356 463480358 495400939 495401665
4075370240450232347,463480694 463480322 495252594 463480553 463480342 463480679
4079498338287747141,463480346 495403990 495404008 463480483 495403982 463480350
4081712223021695042,463480429 495493945 463480452 463480359 495400939 463480493
4082303795092258872,463480322 463480679 463480221 463480693 463480553 463480694
4082578869328806217,463480392 463480389 463480684 495370340 463480429 463480224
4082788063532023990,463480679 463480336 463480338 463480340 463480540 463480544
4083731249123033213,495506138 463480370 495504580 463480368 463480389 463480213
4085062739437551752,463480497 463480322 463480242 463480553 463480493 463480221
4085186680672485389,495266983 495265949 463480381 495267299 495277192 495266185
4085286879641731168,463480221 463480497 463480322 463480242 463480493 463480679
4085320688840474853,463480497 463480322 463480242 463480553 463480493 463480221
4085368814699806782,463480227 489753829 463480226 463480255 489734604 463480464
4085550483181404400,463480497 463480322 463480242 463480553 463480493 463480221
4085900167129858064,463480497 463480322 463480242 463480553 463480493 463480221
4086082786648391892,495250885 463480694 495251312 495255645 463480693 463480322
4086190144149258436,463480677 463480466 495400618 489753829 463480226 463480658
4086228442717880568,463480227 489753829 463480226 463480255 489734604 463480464
4086788936625029447,463480359 463480355 463480356 463480358 495400939 495401665
4088831908104110253,495265868 495401665 463480381 463480589 495507390 463480358
4089320964738515036,463480227 489753829 463480226 463480255 489734604 463480464
4089784344645730519,489734604 463480466 463480697 463480227 463480539 463480256
4091252056831033512,463480497 463480322 463480242 463480553 463480493 463480221
4091894928501112876,463480227 489753829 463480226 463480255 489734604 463480464
4092028568246157497,463480210 463480359 463480457 463480665 463480212 463480429
4093101297081254035,463480227 489753829 463480226 463480255 489734604 463480464
4093125184596213804,463480683 495403354 463480694 463480589 495403165 463480374
4093361035111563570,463480227 489753829 463480226 463480255 489734604 463480464
4093455158145712394,463480227 489753829 463480226 463480255 489734604 463480464
4093943385435668620,463480240 463480472 463480476 463480465 463480493 463480227
4094043249756078084,463480213 463480214 463480691 463480235 463480457 463480359
4094077088086884394,495265868 463480381 495266185 495267299 495401895 495277192
4094303603825836381,463480227 489753829 463480226 463480255 489734604 463480464
4095686748209676360,463480444 495488603 495404035 495404026 463480439 495404029
4095846082504818722,495522303 463480444 495520612 495512115 495404035 495488603
4096701363032162418,463480227 495400618 463480236 463480464 463480468 463480677
4097404370231230654,463480543 463480221 495260496 463480226 495255157 463480359
4100471302000738401,463480355 463480214 495370340 463480509 463480423 463480425
4104325686279012664,463480497 463480322 463480242 463480553 463480493 463480221
4104376396723519683,463480227 489753829 463480226 463480255 489734604 463480464
4105563479079649557,463480255 489734604 463480468 463480487 463480256 463480465
4106805710979858440,463480346 463480483 463480359 495404000 495403990 463480350
4107365497890668726,463480466 495399912 495399934 489734604 463480697 495400576
4107401684630110242,463480256 463480255 463480487 495403143 463480482 495399975
4107648476227830031,463480429.0 463480493.0 463480693.0 495400618.0 463480497.0 463480227.0
4107729284922343771,489753829 463480464 463480256 463480539 463480697 495400618
4107854717206921526,463480497 463480322 463480242 463480553 463480493 463480221
4107947081965764872,489753829 463480466 463480539 463480227 463480256 463480464
4108049841069752378,463480227 489753829 463480226 463480255 489734604 463480464
4108095233093271806,495399946 463480695 463480242 495259981 463480497 463480696
4108668991785140443,495401665 463480355 463480358 495401664 495401146 463480356
4108713562414514398,463480235 463480213 463480665 463480457 463480359 463480214
4108855978384949330,463480227 489753829 463480226 463480255 489734604 463480464
4109400127103041860,463480240 463480472 463480465 463480476 463480493 463480227
4109662701337444514,489734604 463480697 463480466 463480255 463480487 463480464
4110255510567780525,463480471 1228501633 489734604 463480467 463480464 463480255
4110585988705419516,463480683 463480699 463480589 463480374 463480356 463480379
4110674204669771845,463480472 463480226 463480493 463480658 463480237 463480471
4110926038944710670,463480227 489753829 463480226 463480255 489734604 463480464
4111709637325881427,495401665 463480484 463480358 463480356 495401146 463480359
4111911581833756715,463480497 463480322 463480242 463480553 463480493 463480221
4112295495530709157,463480497 463480322 463480242 463480553 463480493 463480221
4112584796757033275,463480693 463480553 495401997 495251312 463480497 495402258
4112592960475889671,463480359 463480355 463480356 463480358 495400939 495401665
4113786487629152415,463480652 463480670 463480429 463480210 463480224 463480482
4114833413010358438,463480497 463480322 463480242 463480553 463480493 463480221
4117066290077368418,463480429 463480359 463480355 463480227 463480224 463480214
4117109350510362675,463480227 463480465 463480464 463480240 463480472 463480493
4117669424683810960,463480227 489753829 463480226 463480255 489734604 463480464
4117772119047405714,489753829 463480227 463480539 463480464 489734604 463480466
4117784960471662739,463480679 463480553 463480322 495251312 463480497 495253324
4119008732140273816,495277184 495265942 495265949 495265868 463480381 495401997
4119043359198150972,463480658 463480477 463480226 463480429 463480475 463480472
4119182476203524261,463480359 463480355 463480356 463480358 495400939 495401665
4119292988596158609,463480543 463480226 463480221 495260496 463480235 1228501633
4120176130470969501,463480214 463480235 463480665 463480452 463480691 463480453
4121385355206721727,463480665 463480359 463480429 495367870 495401895 463480481
4123369547373478160,463480497 463480322 463480242 463480553 463480493 463480221
4124230596019093833,463480471 1228501633 489734604 463480467 463480464 463480255
4126485326875853097,463480497 463480322 463480242 463480553 463480493 463480221
4127168466487345318,463480497 463480322 463480242 463480553 463480493 463480221
4129339010023424263,463480322 463480342 463480497 463480693 463480679 463480362
4129542379719884892,463480355 463480589 463480358 495401146 495403408 463480356
4129769890238955559,463480429.0 463480493.0 463480693.0 495400618.0 463480497.0 463480227.0
4129961971213140176,463480429.0 463480493.0 463480693.0 495400618.0 463480497.0 463480227.0
4129974542404419700,463480497 463480273 463480242 463480322 463480342 463480493
4130212706791981108,463480497 463480322 463480242 463480553 463480493 463480221
4130253965171097745,463480497 463480322 463480242 463480553 463480493 463480221
4131115132572139542,489734604 463480468 463480487 463480255 463480465 463480256
4131213605553569960,463480697 463480466 489753829 489734604 463480539 463480227
4131368013745619133,463480227 489753829 463480226 463480255 489734604 463480464
4131411135453200449,463480471 463480226 463480256 463480486 463480466 489753829
4131525453794771061,463480227 489753829 463480226 463480255 489734604 463480464
4132053824665288731,495404000 463480483 463480346 495403990 463480489 495404012
4132264418844606758,463480227 489753829 463480226 463480255 489734604 463480464
4132443041241235564,463480677 463480466 495400618 489753829 463480226 463480658
4132692608325779800,463480255 463480468 463480677 463480471 495400385 495400612
4132996340674461937,463480429 463480225 463480224 463480223 495277614 463480481
4133014992570024104,463480466 463480697 495400631 489734604 463480693 495399912
4133344585303720118,463480497 463480322 463480242 463480553 463480493 463480221
4133460079320236319,463480466 463480697 489734604 495400576 495400385 495399912
4133888224861618250,463480683 495401665 495403163 495403354 495403165 495403326
4133946072422678754,489734604 463480487 463480255 463480464 463480697 463480468
4134507179642716372,463480429 463480224 463480223 495400618 463480210 489753829
4134534131889996091,463480553 463480497 495251312 463480242 495252594 463480679
4135528799723323561,463480227 463480466 495400618 489753829 463480468 489734604
4136009401816580194,463480342 463480336 463480338 463480340 463480540 463480544
4136210311856783432,463480429.0 463480493.0 463480693.0 495400618.0 463480497.0 463480227.0
4136596509548347652,495401665 463480683 463480699 495403326 463480379 495403168
4136846482464833819,463480381 495265868 495277192 495267299 495264589 495277303
4136891682194194492,463480322 463480497 495252594 463480694 495255645 495250885
4136936031943917644,463480699 463480374 495403163 495403354 463480683 463480379
4136937274254295110,463480227 489753829 463480226 463480255 489734604 463480464
4138450940307439700,463480227 489753829 463480226 463480255 489734604 463480464
4138892527541157977,463480497 463480322 463480242 463480553 463480493 463480221
4139106729083011331,463480497 463480322 463480242 463480553 463480493 463480221
4140159250054512906,489753829 463480227 463480539 463480464 489734604 463480466
4140183272947187888,463480235 463480213 463480359 463480457 463480214 463480665
4140576220014182477,463480497 463480322 463480342 463480693 463480273 463480242
4140652901396906072,463480683 495401665 495403354 463480484 463480356 495277303
4141250493545185307,495401895 463480493 495401138 495400939 463480346 463480466
4141496164030873905,463480429 463480225 463480224 463480223 495277614 463480481
4141621213027631310,489753829 463480539 463480227 463480464 463480256 495400618
4142128530841927796,463480497 463480322 463480242 463480553 463480493 463480221
4143920600999526613,463480235 463480213 463480665 463480457 463480359 463480214
4146520996953456907,463480227 489753829 463480226 463480255 489734604 463480464
4148879072809451747,495401664 463480355 463480665 495401146 463480356 463480358
4150845573661458547,463480212 463480452 463480589 463480429 463480225 463480214
4150938678537748638,463480497 463480322 463480242 463480553 463480493 463480221
4151646248397176946,463480497 463480322 463480242 463480553 463480493 463480221
4151732412967813339,463480497 463480322 463480242 463480553 463480493 463480221
4151740105731080374,463480429 495277614 463480693 463480224 463480322 463480553
4151887437764231498,463480497 463480322 463480242 463480553 463480493 463480221
4152544313622134815,463480227 489753829 463480226 463480255 489734604 463480464
4152561562610040926,463480392 463480389 463480684 495370340 463480429 463480224
4153001002790027314,463480358 495401665 463480355 463480484 495401146 495400939
4153237939254984823,463480466 489734604 495399912 495399934 463480697 495400576
4153261659093205152,463480466 489753829 463480697 495399912 495399934 495400385
4153291778926313756,495399946 463480497 463480322 463480694 495251659 495252594
4154164243133104142,489753829 463480227 463480539 463480464 489734604 463480466
4154670295871652110,463480322 463480342 463480497 463480693 463480679 463480362
4154874464386940977,495277303 495277293 495277202 495369801 463480227 463480689
4155764639899320333,463480693 495251312 463480553 463480322 495250885 463480497
4156057710394081399,463480322 463480242 463480497 463480641 463480679 463480362
4156254738917359715,463480497 463480322 463480242 463480553 463480493 463480221
4156290538253320258,463480468 463480677 463480471 495461626 463480665 495400612
4156363035688042546,463480497 463480273 463480242 463480322 463480342 463480493
4156516228948558078,463480227 489753829 463480226 463480255 489734604 463480464
4156581337637847327,463480227 489753829 463480226 463480255 489734604 463480464
4156983363622666400,495401665 463480358 463480484 495401146 495400939 463480359
4157216818099126543,495254783 495264479 495264589 495257134 495264803 463480693
4158440141346570271,463480497 463480466 463480242 463480322 463480493 489734604
4158871484611166306,463480227 489753829 463480226 463480255 489734604 463480464
4158890760804499638,495252594 463480694 495253324 495251659 463480695 495251097
4158986097080664130,463480468 463480677 463480471 495461626 463480665 495400612
4159619475506987183,463480677 1228501633 463480493 463480227 463480471 463480543
4160533180490711135,463480227 489753829 463480226 463480255 489734604 463480464
4161239289610895366,463480346 463480483 463480359 495404000 495403990 463480350
4162021149058007245,463480227 463480464 463480465 463480240 489753829 463480493
4162807856297410691,463480213 463480453 463480235 463480259 463480359 463480457
4163280982136586404,463480227 489753829 463480226 463480255 489734604 463480464
4163980281808159032,463480429 463480223 495277605 494343225 463480224 463480210
4164315336520237325,463480213 463480214 463480691 463480235 463480457 463480359
4166938954068394308,463480493 463480226 463480346 463480213 463480210 463480227
4170883366090965072,463480497 463480322 463480242 463480553 463480493 463480221
4172605567144296498,463480221 463480497 463480322 463480242 463480493 463480679
4173069865368944987,495250885 463480694 463480693 495251312 495255645 463480553
4173781682730565647,463480255 489734604 463480468 463480487 463480256 463480465
4174347128022237454,463480497 463480322 463480242 463480553 463480493 463480221
4174407688697676106,463480697 463480466 463480255 463480256 463480464 463480227
4174487097690554550,463480497 463480322 463480242 463480553 463480493 463480221
4174851799620256066,463480497 463480322 463480242 463480553 463480493 463480221
4175086593993605378,463480497 463480322 463480242 463480553 463480493 463480221
4175876600283005250,463480322 463480553 463480342 463480497 463480641 463480693
4175944681908863120,463480227 489753829 463480226 463480255 489734604 463480464
4176026668900024592,463480693 463480362 495264005 495250885 463480555 495264774
4176051816929165317,463480694 495252594 495251097 463480242 495251659 463480497
4176264506726678560,463480322 463480342 463480497 463480693 463480679 463480362
4176296050236063863,463480693 495253324 463480694 495251659 495252594 463480695
4176786644663271669,463480227 489753829 463480226 463480255 489734604 463480464
4176856744811560999,463480429.0 463480493.0 463480693.0 495400618.0 463480497.0 463480227.0
4176949381762121823,463480497 463480322 463480242 463480553 463480493 463480221
4177285567040979222,463480359 463480355 463480356 463480358 495400939 495401665
4177370551185309769,463480227 489753829 463480226 463480255 489734604 463480464
4177699421634953428,463480255 489734604 463480468 463480487 463480256 463480465
4177705879041736975,463480693 463480553 495251312 463480497 495251659 463480322
4177781928598962358,495264803 495254783 495255157 463480696 463480493 463480693
4177816104930377733,495264803 495254783 495255157 463480696 463480493 463480693
4178145932435259685,495400939 495401664 463480665 495401138 463480355 463480358
4178148308370325517,463480693 495259981 463480695 463480696 495252594 495261546
4178224335303737374,463480553 463480693 495251097 463480322 1526105009 495264774
4178538211686219810,463480699 463480336 463480338 463480340 463480540 463480544
4178713818792460295,495254783 495264479 495264589 495257134 495264803 463480693
4178876613630099697,495267299 495265868 495266964 463480322 495266983 495277184
4179411400493105467,463480322 463480497 463480694 495251312 463480242 463480693
4179757660626223178,463480697 463480466 463480255 463480256 463480464 463480227
4180239423513034927,495254783 463480543 495264479 495264589 463480221 495257134
4180339353735659583,463480497 463480322 463480242 463480553 463480493 463480221
4180653481950183622,463480392 463480389 463480684 495370340 463480429 463480224
4180726298371948687,463480694 463480683 463480653 1526098025 463480497 463480322
4180821254112280838,463480497 463480694 463480322 463480553 495251312 463480679
4181231005611065540,463480322 495252594 495255645 463480497 463480694 495250885
4181767199217418477,463480497 463480322 463480242 463480553 463480493 463480221
4181879174590365815,463480689 463480694 463480693 463480553 463480362 463480355
4181973071838052556,463480493 495264235 495264589 495402010 463480226 463480691
4182374421542469664,463480210 463480359 463480457 463480665 463480212 463480429
4182491354137362499,463480497 463480322 463480242 463480553 463480493 463480221
4182765509408718961,463480497 463480322 463480242 463480553 463480493 463480221
4182890222493892727,463480227 489753829 463480226 463480255 489734604 463480464
4183193429915468088,463480699 495401665 463480589 463480356 463480358 463480484
4184024691221725285,463480493 463480226 463480346 463480213 463480210 463480227
4185297585537024144,463480514 495276951 495528684 463480515 495528509 495516269
4185565010267996404,463480235 463480213 463480359 463480214 463480665 463480457
4186158914532540492,463480497 463480273 463480242 463480322 463480342 463480493
4188287013463261349,489753829 463480227 463480677 495400618 463480697 463480464
4188532484884398183,463480677 1228501633 463480493 463480227 463480471 463480543
4193859899541422324,463480497 463480322 463480242 463480553 463480493 463480221
4194927467598446822,463480497 463480322 463480242 463480553 463480493 463480221
4195471229458579565,463480486 463480226 495399966 463480471 463480320 495399820
4195739571591577807,489753829 463480227 463480677 495400618 463480697 463480464
4195748026504970281,463480497 463480322 463480242 463480553 463480493 463480221
4196706473900769439,463480223 463480481 463480224 463480665 463480670 463480227
4197093031557202132,463480693 495252594 495259981 495255645 463480504 463480399
4197370908007727259,463480497 463480322 463480242 463480553 463480493 463480221
4198064659320537214,495401370 495401665 463480484 463480421 495490838 495490943
4198183862980050974,463480227 489753829 463480226 463480255 489734604 463480464
4198251868088172709,463480392 463480389 463480684 495370340 463480429 463480224
4198816298167173380,463480227 489753829 463480226 463480255 489734604 463480464
4199019734440608031,463480693 463480322 463480553 463480694 463480679 495251659
4199247042592375105,463480497 495256039 1526098025 463480322 463480553 495251312
4199692950766354747,463480497 463480322 463480242 463480553 463480493 463480221
4199751482645152033,463480497 463480322 463480242 463480553 463480493 463480221
4199874243680272612,463480227 489753829 463480226 463480255 489734604 463480464
4200148298931109961,463480497 463480322 463480242 463480553 463480493 463480221
4200693017571491996,463480227 463480464 463480539 489753829 463480256 463480697
4200760672732840260,463480227 489753829 463480226 463480255 489734604 463480464
4201122129276043304,495254783 495255157 495264479 463480221 495264589 463480694
4201928259966337267,463480240 463480472 463480465 463480476 463480493 463480227
4202352668239724748,495250885 463480694 495251312 463480322 463480693 495255645
4202469543656816765,463480497 463480322 463480242 463480553 463480493 463480221
4202658560843186413,463480429.0 463480493.0 463480693.0 495400618.0 463480497.0 463480227.0
4202989605113299076,495400618 495400314 495400385 495400576 495400431 463480466
4203275761986044079,463480213 463480453 463480235 463480259 463480359 463480457
4203704213603614962,463480322 463480694 463480497 463480693 463480242 495251312
4203704164266803249,463480227 489753829 463480226 463480255 489734604 463480464
4203749678641053749,463480497 463480322 463480242 463480553 463480493 463480221
4204048749606207706,463480497 463480322 463480242 463480553 463480493 463480221
4205674585198690415,463480227 489753829 463480226 463480255 489734604 463480464
4205770990826291460,463480227 489753829 463480226 463480255 489734604 463480464
4206077953674051703,463480367 463480374 463480694 495401665 495277192 463480484
4206358084348018694,463480693 463480553 463480497 495251097 495251312 495253324
4207175562411638807,463480227 489753829 463480226 463480255 489734604 463480464
4207546781325328523,463480227 489753829 463480226 463480255 489734604 463480464
4207648026657030451,463480497 463480322 463480242 463480553 463480493 463480221
4207764192165888062,463480322 463480693 463480221 463480342 463480553 463480242
4208268066834087988,489753829 463480227 495400618 463480464 463480697 463480677
4208391440350314584,463480497 463480322 463480242 463480553 463480493 463480221
4209004215333552358,463480227 489753829 463480226 463480255 489734604 463480464
4210808097412743497,463480227 489753829 463480226 463480255 489734604 463480464
4216660094210277639,463480589 495403210 463480374 495401665 463480693 463480484
4216688596096123206,463480227 489753829 463480226 463480255 489734604 463480464
4218493755682717898,463480227 463480539 463480464 489753829 463480256 463480237
4219703709891035268,463480497 463480322 463480242 463480553 463480493 463480221
4220039207046611011,463480359 463480355 463480356 463480358 495400939 495401665
4220082532752818433,463480497 495256039 1526098025 463480322 463480553 495251312
4220438527427477662,463480543 463480221 495260496 463480226 495255157 495254783
4220802447339159714,463480227 489753829 463480226 463480255 489734604 463480464
4220926830186332166,463480210 463480359 463480457 463480665 463480212 463480429
4221059271266402561,463480493 495264235 495264589 495402010 463480226 463480691
4221227596354158633,463480497 463480322 463480242 463480553 463480493 463480221
4221378608637149220,463480227 489753829 463480226 463480255 489734604 463480464
4221523357912793104,463480652 463480670 463480429 463480210 463480224 463480482
4221809101564805377,463480466 489734604 463480255 463480227 463480539 463480464
4221950333145055279,463480493 463480226 463480346 463480213 463480210 463480227
4221998762120446102,463480497 463480322 463480242 463480553 463480493 463480221
4222219323907244107,463480497 463480322 463480242 463480553 463480493 463480221
4222236882814894277,463480392 463480389 463480684 495370340 463480429 463480224
4222799292743549144,463480694 495252594 495251659 463480553 495251097 463480497
4223628551179206916,463480359 463480355 463480356 463480358 495400939 495401665
4223633800333361189,463480693 463480362 495264005 495250885 463480555 495264774
4224234784417906705,489734604 463480466 463480468 463480471 463480487 463480256
4224422924914786472,463480227 489753829 463480226 463480255 489734604 463480464
4224537945519161566,463480322 463480694 463480497 463480693 463480242 495251312
4225767153551802432,463480213 463480214 463480691 495404000 463480693 463480457
4226267306946461883,463480691 463480213 463480235 463480214 463480457 463480665
4226438335605768343,463480497 463480322 463480242 463480553 463480493 463480221
4226465395140722785,463480359 463480355 463480356 463480358 495400939 495401665
4226465360164683944,463480322 463480497 463480342 495253660 463480693 463480679
4226636306689032397,463480322 495251312 495255645 463480553 463480242 495252594
4226906324317241467,463480497 463480322 463480242 463480553 463480493 463480221
4227278308574494779,495402268 495402254 495252594 495402010 495402014 495402258
4227397489330225199,463480359 463480483 495403982 495403990 495401664 495404000
4227482662880149687,463480691 463480213 463480235 463480214 463480457 463480665
4227582502567411998,463480539 489734604 463480471 495399820 463480240 463480466
4228775941878055206,463480227 489753829 463480226 463480255 489734604 463480464
4228792056238047259,463480466 463480697 463480255 463480227 463480487 463480539
4229430934668837207,463480497 463480322 463480242 463480553 463480493 463480221
4230541147130298554,463480227 489753829 463480226 463480255 489734604 463480464
4230578035978142005,495250885 463480693 463480497 495251312 463480322 463480242
4230677376055902360,463480652 463480670 463480429 463480210 463480224 463480482
4232372714787045566,463480359 463480355 463480356 463480358 495400939 495401665
4232436622971371596,463480497 463480322 463480242 463480553 463480493 463480221
4239482847884214318,463480429.0 463480493.0 463480693.0 495400618.0 463480497.0 463480227.0
4239962598603751766,463480464 463480466 463480255 489753829 463480471 495400618
4242896738534293648,463480452 463480457 463480665 463480210 495493336 463480429
4243066459457847303,495252594 495251312 463480322 495255645 463480497 495256989
4243260467362398354,463480497 463480322 463480242 463480553 463480493 463480221
4243618236084256932,463480497 463480322 463480242 463480553 463480493 463480221
4244326779501150215,495265949 495267299 463480322 495253660 495402254 463480679
4244532152286314734,463480693 495400618 495277303 463480447 489734604 495402258
4244532891602649156,463480497 463480322 463480242 463480553 463480493 463480221
4244537175585063046,463480679 463480322 463480221 463480693 463480694 463480689
4244594776950440199,463480359 463480355 463480356 463480358 495400939 495401665
4244672001867776067,463480381 463480228 495277303 495369801 495277184 495266185
4244723702259253283,463480227 489753829 463480226 463480255 489734604 463480464
4244843199042158603,463480698 463480227 495400618 463480466 463480677 463480482
4245875752641495102,463480221 495264479 463480694 495254783 463480696 495255157
4246777487854403729,463480227 463480697 463480466 463480464 495400618 463480255
4247980008836694232,463480497 463480322 463480242 463480553 463480493 463480221
4248003795951026284,463480322 463480679 463480693 463480553 463480694 463480221
4248455569298948230,463480652 463480670 463480429 463480210 463480224 463480482
4248713149489610787,463480429 463480225 463480224 463480223 495277614 463480481
4248764763239612427,463480553 463480693 463480322 495251097 1526105009 495264774
4248853470321049637,463480698 1231113729 463480231 463480228 495365549 495404000
4249846375452246042,463480553 463480693 463480322 495251097 1526105009 495264774
4249902981724766461,463480694 495252594 495251097 495251659 463480242 495263416
4251189687514562781,463480227 489753829 463480226 463480255 489734604 463480464
4252455942208356535,463480429 463480225 463480224 463480223 495277614 463480481
4253118948626399547,463480497 463480322 463480242 463480553 463480493 463480221
4253244164140695555,463480346 463480483 463480359 495404000 495403990 463480350
4253952661308571899,463480358 463480355 495401665 463480484 495401146 495400939
4254768869935939659,463480227 489753829 463480226 463480255 489734604 463480464
4256165963770363979,463480464 489753829 463480677 463480255 463480465 463480256
4259099282879807795,463480497 463480322 463480242 463480553 463480493 463480221
4263604789184561226,463480227 489753829 463480226 463480255 489734604 463480464
4264212043147772108,463480497 463480322 463480242 463480553 463480493 463480221
4264433632707346734,463480693 495252594 463480362 495255645 495264005 463480322
4264841537925153100,463480497 463480322 463480242 463480553 463480493 463480221
4265382134857335043,463480227 489753829 463480226 463480255 489734604 463480464
4265652403720683826,463480497 463480322 463480242 463480553 463480493 463480221
4265923915694473557,463480255 489734604 463480468 463480487 463480256 463480465
4266422804483145980,495366540 463480457 463480359 463480493 463480429 463480224
4266918068269613303,463480696 495264479 495264589 495255157 495257134 495264803
4266947572812480516,463480693 495255340 495400631 463480255 495277303 463480467
4267260711594885184,463480346 463480483 463480359 495404000 495403990 463480350
4267606407424246055,463480493 463480240 463480472 489734604 463480227 463480543
4267838061778829523,463480677 1228501633 463480493 463480227 463480471 463480543
4267844127765299447,463480697 463480464 463480539 463480487 495400618 463480467
4267983460150018094,463480493 463480543 495400939 495400618 463480358 463480359
4268225533759193139,463480227 489753829 463480226 463480255 489734604 463480464
4268711696974479595,495506138 463480368 495401665 495506542 495505381 495505208
4269043047223001278,463480227 489753829 463480226 463480255 489734604 463480464
4269827413203747083,463480497 463480322 463480242 463480553 463480493 463480221
4270335699108757751,463480471 463480683 463480464 463480256 463480468 463480697
4271314025899360310,489734604 463480697 463480466 463480255 463480487 463480464
4271971729243111508,463480497 463480322 463480694 495251312 463480693 463480695
4272015521790820561,463480466 463480471 489734604 463480677 463480468 463480465
4272131068680732967,463480322 463480693 495250885 463480679 463480694 495251312
4272167900312502532,463480213 463480214 463480691 463480235 463480457 463480359
4272335780878745841,463480497 463480322 463480242 463480553 463480493 463480221
4272509143691559214,463480227 489753829 463480226 463480255 489734604 463480464
4272605293300941019,463480221 463480694 495264479 495254783 463480696 495255157
4272993043263520805,463480694 495252594 495251097 495251659 463480242 495263416
4273746077897720017,463480487 495401997 495402254 495402258 495403354 495402179
4275169161268428833,463480497 463480322 463480242 463480553 463480493 463480221
4275801705986130176,495369801 495277303 495404035 463480439 495370340 463480359
4276088330727456879,463480497 463480322 463480242 463480553 463480493 463480221
4276381371621179437,463480227 489753829 463480226 463480255 489734604 463480464
4276483408600236341,463480227 489753829 463480226 463480255 489734604 463480464
4276946013089169411,463480227 489753829 463480226 463480255 489734604 463480464
4277123004508405915,463480227 489753829 463480226 463480255 489734604 463480464
4278645391729361192,495400618 489753829 463480255 463480697 463480464 463480256
4278700833994178778,463480227 489753829 463480226 463480255 489734604 463480464
4279096829071065212,495369801 495277303 495404035 463480439 495370340 463480359
4281141767578058779,463480322 463480242 463480497 463480641 463480679 463480362
4283644182224437493,463480497 463480322 463480242 463480553 463480493 463480221
4284487484290629677,463480223 463480481 463480224 463480665 463480225 463480670
4285347659366793496,495404035 495488569 495277303 463480493 495402176 495370340
4286621667244638324,463480227 495400618 463480236 463480464 463480468 463480677
4286835895696097611,463480497 463480322 463480242 463480553 463480493 463480221
4286862912892960854,463480429 495277614 463480224 489753829 463480223 463480210
4286977025420034085,463480693 463480553 495251312 463480497 463480221 463480322
4287085435581890621,463480483 495403982 495403990 495404000 463480350 495404012
4287474052653908209,463480693 463480553 495251312 463480497 463480322 463480221
4287519828205371593,463480497 463480322 463480242 463480553 463480493 463480221
4287722746669170824,463480322 463480497 463480242 463480342 463480694 463480693
4288283782055723274,495400631 495400635 463480359 495401138 495399820 463480468
4288456336238444545,463480497 463480322 463480242 463480553 463480493 463480221
4289850077620207673,463480227 489753829 463480226 463480255 489734604 463480464
4289980628440187150,463480221 463480497 463480322 463480242 463480493 463480679
4290205018835124502,463480497 463480322 463480694 1526098025 463480695 463480553
4290217416048771398,463480466 489753829 463480471 489734604 463480227 463480256
4290482857281847442,463480429 463480225 463480224 463480223 495277614 463480481
4290592490649813034,463480227 489753829 463480226 463480255 489734604 463480464
4290843578430652725,463480322 463480497 463480242 463480694 463480693 463480273
4291383595486150715,495402268 495402254 495401997 495402176 495400618 495252594
4291737768041906408,463480240 463480227 463480465 463480226 463480467 463480487
4291897627173978446,463480322 463480342 463480497 463480693 463480679 463480362
4292198847060115493,495250885 463480693 463480225 463480694 495251312 463480322
4292266602863001611,463480429 463480225 495400618 463480693 495276951 495250885
4292320101866668286,463480227 489753829 463480226 463480255 489734604 463480464
4292516224101253212,463480210 463480359 463480457 463480665 463480212 463480429
4292636987521237143,495404035 495488569 495277303 495402176 463480493 495370340
4292689547591680152,463480497 463480322 463480242 463480553 463480493 463480221
4292965642774249598,463480231 495364969 495369801 495402176 495277303 489734604
4293033689919783222,463480227 489753829 463480226 463480255 489734604 463480464
4293595609442549819,463480697 495400618 463480539 463480464 463480467 489753829
4293934120346059032,463480497 463480322 463480242 463480553 463480493 463480221
4294331528685027666,463480227 489753829 463480226 463480255 489734604 463480464
4294373198314864877,463480497 463480322 463480242 463480553 463480493 463480221
4294488424147058974,463480227 489753829 463480226 463480255 489734604 463480464
4294766605869514845,463480221 463480543 495264589 495264479 463480694 463480696
4294868282904936767,463480493 463480226 463480346 463480213 463480210 463480227
4295254285549568101,463480227 489753829 463480226 463480255 489734604 463480464
4296042076802384022,463480497 463480322 463480242 463480553 463480493 463480221
4296551528355594284,463480468 463480255 463480487 489734604 463480256 463480465
4297271453860757605,463480683 463480699 463480589 463480374 463480356 463480379
4297524799572017276,463480227 489753829 463480226 463480255 489734604 463480464
4297951383248699676,463480497 463480322 463480242 463480553 463480493 463480221
4298677624310857945,495401665 463480484 463480358 463480356 495401146 463480359
4299288258112127056,463480429 463480225 463480224 463480223 495277614 463480481
4299898909597630662,463480497 463480322 463480242 463480553 463480493 463480221
4300739826185928887,463480497 463480322 463480242 463480553 463480493 463480221
4302140481364820157,463480346 463480483 463480359 495404000 495403990 463480350
4304732218664157339,463480227 489753829 463480226 463480255 489734604 463480464
4305318582839935101,463480227 489753829 463480226 463480255 489734604 463480464
4305352368145301562,463480683 463480699 463480589 463480374 463480356 463480379
4307825532849094963,463480429 463480225 463480224 463480223 495277614 463480481
4308969049325830282,463480227 489753829 463480226 463480255 489734604 463480464
4309315582097621330,489753829 463480227 463480539 463480464 489734604 463480466
4309447170681995278,495277303 495277202 495488569 495402176 495404035 463480693
4309487863935008885,463480213 463480235 463480665 463480359 463480259 463480453
4309671839397052637,463480346 463480483 463480359 495404000 495403990 463480350
4309781632917700628,463480497 463480322 463480242 463480553 463480493 463480221
4310109368942330161,463480497 463480322 463480242 463480553 463480493 463480221
4310148260491165965,463480227 489753829 463480226 463480255 489734604 463480464
4310214534961037330,463480539 463480465 463480255 463480487 463480697 463480320
4310243975598964983,463480466 495399912 495399934 489734604 463480697 495400385
4310414225577345340,463480497 463480322 463480242 463480553 463480493 463480221
4310436050129125594,463480683 463480699 463480589 463480374 463480356 463480379
4310687761700749618,463480227 489753829 463480226 463480255 489734604 463480464
4311103134553342016,463480497 463480679 463480242 463480322 463480342 463480693
4311236630431399979,463480447 495265949 463480698 463480420 495488569 495404035
4311788193707982877,463480497 463480322 463480242 463480553 463480493 463480221
4312098685925982378,489753829 463480227 463480677 495400618 463480697 463480464
4312421573180784704,463480497 463480322 463480242 463480553 463480493 463480221
4312427826282758239,463480359 463480355 463480356 463480358 495400939 495401665
4312499156048674936,463480227 489753829 463480226 463480255 489734604 463480464
4313059332308861001,463480227 495400618 463480236 463480464 463480468 463480677
4313238245724913760,463480683 463480699 463480589 463480374 463480356 463480379
4313371930282950806,463480242 463480497 463480342 463480553 463480362 463480694
4313396147747553389,463480213 463480691 463480235 463480665 463480346 463480655
4313481272211013639,463480497 463480322 463480242 463480553 463480493 463480221
4313501984763150368,463480677 463480466 489753829 495400618 463480471 463480227
4313610760976597239,463480322 463480693 463480679 463480553 463480221 495251312
4313784498426216649,463480322 463480497 463480694 463480693 463480242 495256039
4313785966779433111,489734604 463480697 463480466 463480255 463480487 463480464
4313881908589887631,463480227 489753829 463480226 463480255 489734604 463480464
4314494688034554173,463480697 463480466 463480255 463480256 463480464 463480227
4315014198153707869,463480227 489753829 463480226 463480255 489734604 463480464
4315504873753805047,463480227 489753829 463480226 463480255 489734604 463480464
4315731550895341619,463480359 463480355 463480356 463480358 495400939 495401665
4315754733366149453,463480214 463480457 463480452 463480483 495403982 463480493
4315972695777083741,463480227 489753829 463480226 463480255 489734604 463480464
4316183781647843575,463480693 495252594 495251312 463480497 495255645 463480322
4316530232045076606,463480213 463480214 463480691 463480235 463480457 463480359
4316553356502106224,463480429.0 463480493.0 463480693.0 495400618.0 463480497.0 463480227.0
4316811611518009351,463480346 463480483 463480359 495404000 495403990 463480350
4316950212767646010,463480355 463480484 463480589 495401146 463480356 495403408
4317001321763569997,463480691 463480213 463480235 463480214 463480457 463480665
4317848128365527136,495404000 463480346 463480483 495403982 495404012 463480489
4318640616058388668,463480429.0 463480493.0 463480693.0 495400618.0 463480497.0 463480227.0
4319559182504952103,463480497 463480322 463480242 463480553 463480493 463480221
4320266139448901702,463480429.0 463480493.0 463480693.0 495400618.0 463480497.0 463480227.0
4320278607738962178,463480497 463480322 463480242 463480553 463480493 463480221
4321460092923543703,463480227 489753829 463480226 463480255 489734604 463480464
4322851997112336438,463480497 463480322 463480242 463480553 463480493 463480221
4328473426835275829,463480497 463480322 463480242 463480553 463480493 463480221
4328533925104713829,463480227 489753829 463480226 463480255 489734604 463480464
4331055300230512927,463480213 463480214 463480691 463480235 463480457 463480359
4331967570181882068,463480497 463480322 463480242 463480553 463480493 463480221
4332222945183924562,463480227 489753829 463480226 463480255 489734604 463480464
4332464303510650887,463480227 489753829 463480226 463480255 489734604 463480464
4332671164749185046,463480497 463480322 463480242 463480553 463480493 463480221
4332716094579278139,463480358 463480355 495401665 463480484 495401146 495400939
4332799828467122344,495402258 495401997 495402010 495402022 495402268 495402176
4332911955048923438,463480683 463480699 463480589 463480374 463480356 463480379
4333099728872669514,495277303 495277184 495277192 495277293 495369801 463480322
4333721044489076983,495277192 495277293 495277184 489734604 463480693 495369801
4333909435508064588,463480227 489753829 463480226 463480255 489734604 463480464
4334554696009383969,495277303 495277293 495277202 495369801 463480227 463480689
4334589304628314390,495369801 463480439 495277303 495401665 495488569 495277293
4334590057021440283,495277303 495277192 463480693 463480242 495399700 495399934
4334680258586607637,463480472 463480477 495400635 463480486 463480475 463480473
4334791737021563048,463480466 495399934 489734604 495400576 463480697 495400631
4335077479923056917,463480213 463480214 463480691 463480235 463480457 463480359
4335140812194054413,463480543 463480221 495260496 463480226 495255157 495254783
4335258087910539473,463480497 463480322 463480242 463480553 463480493 463480221
4335773199307374941,495400618 495400576 495400385 463480487 495399975 463480464
4336301047368909043,463480696 495264479 495264589 495255157 495257134 463480493
4337157633669070886,463480227 489753829 463480226 463480255 489734604 463480464
4337252826979500310,463480322 463480553 463480342 463480497 463480641 463480693
4337293434811318370,463480227 489753829 463480226 463480255 489734604 463480464
4337710402929688613,463480497 463480322 463480242 463480553 463480493 463480221
4337988406058156190,463480227 489753829 463480226 463480255 489734604 463480464
4338041801774465137,463480466 489753829 463480471 489734604 463480227 463480256
4338531789686440214,463480466 489734604 495400576 495400385 495399934 463480697
4338551992643223624,495400618 495400576 495400385 463480487 495399975 463480464
4339838942950719809,463480493 495260496 463480227 463480226 463480322 463480214
4340488408938840128,463480497 463480322 463480242 463480553 463480493 463480221
4340896868037820593,463480497 463480322 463480242 463480553 463480493 463480221
4341499443313115150,463480227 489753829 463480226 463480255 489734604 463480464
4342791532073713696,463480255 489734604 463480468 463480487 463480256 463480465
4342866485372780551,463480227 489753829 463480226 463480255 489734604 463480464
4343338487057219856,463480322 495252594 463480497 463480693 495253660 495251312
4345957822265557028,463480429 463480359 463480665 463480223 463480553 494343225
4346292586805461309,463480227 489753829 463480226 463480255 489734604 463480464
4348132845041221862,495277303 495277184 495277192 495277293 495369801 463480322
4349434540206588130,463480493 463480226 463480255 489734604 463480465 463480256
4353649607106625786,463480255 489734604 463480468 463480487 463480256 463480465
4353977918107156532,463480227 489753829 463480226 463480255 489734604 463480464
4355767880748368129,463480466 489753829 463480471 489734604 463480227 463480539
4356015807711936821,463480466 489753829 463480227 463480465 463480471 463480539
4357465635021651997,463480466 495399912 489734604 463480697 495399934 495400576
4357501299780223221,495402268 495401997 495402010 495402022 495402176 489734604
4357553308572319888,463480497 495254783 495255157 463480543 463480694 495264589
4358288977464131910,463480539 489734604 463480471 495399820 463480240 463480466
4358685423950889071,495252594 463480694 463480695 495253660 495251312 495263416
4359169062053609646,463480227 489753829 463480226 463480255 489734604 463480464
4359858816445055250,463480429 463480481 463480224 463480235 463480225 463480213
4360277759347917030,463480466 489753829 463480471 489734604 463480227 463480539
4360447878854869286,463480653 463480213 463480691 463480346 463480429 463480210
4360672266798760048,463480359 463480355 463480356 463480358 495400939 495401665
4360676101137891335,463480683 463480699 463480589 463480374 463480356 463480379
4360723155160400006,463480497 463480322 463480242 463480553 463480493 463480221
4361382389125218509,463480213 463480214 463480691 463480235 463480457 463480359
4361723332813389829,463480693 463480322 463480362 463480497 495250885 495264005
4362045536151797767,463480694 495252594 495251097 463480242 495251659 463480497
4362660701159555108,463480652 463480670 463480429 463480210 463480224 463480482
4362685483811602619,463480497 463480322 463480242 463480553 463480493 463480221
4363333243848360069,495401665 463480358 463480484 495401146 495400939 463480359
4363445688787271865,463480497 463480322 463480242 463480553 463480493 463480221
4363637092052369432,463480497 463480273 463480242 463480322 463480342 463480493
4363764541395304580,495400618 495400576 495400385 463480487 495399975 463480464
4364013584447177004,463480466 463480697 489734604 463480226 495399912 463480472
4364069264851730528,463480466 495399912 495399934 489734604 463480697 495400576
4365102424505975120,463480227 489753829 463480226 463480255 489734604 463480464
4365327026116100340,463480227 489753829 463480226 463480255 489734604 463480464
4365456946361008299,463480212 463480486 463480429 463480452 463480589 463480658
4365843326360092868,495400618 495400155 463480697 495399975 489734604 495400474
4366090202421657871,463480322 463480242 463480497 463480641 463480679 463480362
4366141934989737987,463480240 463480227 463480465 463480226 463480467 463480487
4367176763765162054,495277303 495277184 495277192 495277293 495369801 463480322
4367514467622977735,463480392 463480389 463480684 495370340 463480429 463480224
4367999955581534338,463480235 495493336 463480453 495403168 495403163 463480213
4368465447162740742,463480429 463480225 463480224 463480223 495277614 463480481
4368745510765592577,463480221 463480322 463480497 463480543 463480242 463480226
4375603967744803132,463480497 463480322 463480242 463480553 463480493 463480221
4376633766905118997,463480227 489753829 463480226 463480255 489734604 463480464
4377870910384767112,463480497 463480322 463480242 463480553 463480493 463480221
4378259449628852382,495369801 495277303 495404035 463480439 495370340 463480359
4378490404087005287,463480653 463480213 463480235 463480655 495493336 463480214
4378601669655789741,463480683 463480699 463480589 463480374 463480356 463480379
4378806165197291607,463480322 463480694 463480693 495253660 463480497 463480242
4379470042569113607,495265942 495267299 495265868 495266964 495277184 495265949
4379682326195470521,463480227 489753829 463480226 463480255 489734604 463480464
4380460620295176351,463480497 463480322 463480242 463480553 463480493 463480221
4380490512479027207,495512115 495512363 495401665 495520697 495512082 495515959
4381465339093844011,463480493 463480226 463480346 463480213 463480210 463480227
4382349230665367722,463480227 489753829 463480226 463480255 489734604 463480464
4382385630610981132,463480379 495403168 495507034 463480425 495401665 495506916
4383052739198845112,489753829 463480227 463480677 495400618 463480697 463480464
4383125156388405575,495401997 495402258 495402022 495402268 495402176 495400618
4383179219911835684,495399700 495400618 495400314 463480227 489734604 495399912
4383658778131169517,463480497 463480322 463480242 463480553 463480493 463480221
4384864182005137412,463480346 463480483 463480359 495404000 495403990 463480350
4385042881417838606,463480227 489753829 463480226 463480255 489734604 463480464
4387184601007915210,463480228 489753829 463480468 463480336 495402176 495402268
4387236923429879846,463480483 495403982 495403990 495404000 463480350 495404012
4387240008937111870,463480227 489753829 463480226 463480255 489734604 463480464
4387685849876660477,495369801 495277303 495404035 463480439 495370340 463480359
4388663313376739661,463480227 489753829 463480226 463480255 489734604 463480464
4388738357189411085,489734604 463480697 463480255 463480464 463480471 463480466
4388781553833214189,463480213 463480214 463480691 463480235 463480457 463480359
4389801182009229363,463480429 463480225 463480224 463480223 495277614 463480481
4390133965831274684,463480227 489753829 463480226 463480255 489734604 463480464
4396507937728102669,463480497 463480322 463480242 463480553 463480493 463480221
4397690723034988884,463480465 463480256 463480255 495369801 463480464 489753829
4398383232512164178,463480497 463480322 463480242 463480553 463480493 463480221
4398517390279180566,463480212 463480429 463480452 463480589 463480670 463480639
4400213036564480123,463480223 463480481 463480224 463480665 463480670 463480227
4400581130689708205,463480346 463480483 463480359 495404000 495403990 463480350
4400945629398564880,463480429 463480225 495400618 463480693 495276951 495250885
4400974414912422067,463480235 463480213 463480665 463480457 463480359 463480214
4401079453049421921,463480497 463480322 463480242 463480553 463480493 463480221
4401534918318883096,463480497 463480322 463480242 463480553 463480493 463480221
4401689582357184694,463480227 489753829 463480226 463480255 489734604 463480464
4401693087905611825,463480497 463480322 463480242 463480553 463480493 463480221
4401993503615746149,463480255 463480482 495400385 495399719 495399934 463480240
4402203117905248508,463480497 463480273 463480242 463480322 463480342 463480493
4402326623442174269,463480693 463480553 495251312 463480497 463480322 463480221
4402469736270266507,463480235 463480453 463480691 495493336 463480457 495492744
4402507249698209975,463480472 463480226 463480493 463480658 463480237 463480471
4402744484549099763,463480242 463480497 463480342 463480553 463480362 463480694
4402847336690090021,463480227 489753829 463480226 463480255 489734604 463480464
4402950312202600764,463480322 463480693 463480342 463480221 463480694 495251312
4403052349688905859,463480497 463480322 463480242 463480553 463480493 463480221
4403382497571766469,463480472 463480226 463480493 463480658 463480237 463480471
4404461392227729721,463480466 495399912 495399934 489734604 463480697 495400576
4405514514041143612,463480466 495399912 489734604 463480697 495399934 495400576
4405991850463199283,489753829 463480227 463480677 495400618 463480697 463480464
4406099761212948496,463480515 495525836 495508494 463480514 495403264 495529087
4406142231406706976,463480221 463480543 495260496 463480226 495255157 495254783
4407057457412571311,463480227 489753829 463480226 463480255 489734604 463480464
4407275895457841468,463480429 495277614 463480224 463480223 489753829 463480210
4407556757410021482,463480227 489753829 463480226 463480255 489734604 463480464
4407565754083311863,463480497 463480322 463480242 463480553 463480493 463480221
4409011804353855759,463480227 489753829 463480226 463480255 489734604 463480464
4409149511222951970,463480693 463480553 495251312 463480497 463480322 463480221
4409234720424984836,489734604 463480255 463480697 463480487 463480466 463480464
4409327490946564182,463480497 463480322 463480242 463480553 463480493 463480221
4409556015730655433,463480221 463480322 463480497 463480543 463480242 463480226
4409690030892646681,495277303 495277184 495277192 495277293 495369801 463480322
4410380961640874039,463480227 489753829 463480226 463480255 489734604 463480464
4410801997834354763,463480227 489753829 463480226 463480255 489734604 463480464
4410893360772677778,463480227 489753829 463480226 463480255 489734604 463480464
4411654318174503244,463480497 463480322 463480242 463480553 463480493 463480221
4412711919308767566,463480213 463480691 463480359 463480389 463480235 463480392
4413269057868136625,463480429.0 463480493.0 463480693.0 495400618.0 463480497.0 463480227.0
4414379970008449298,463480693 463480497 495251312 463480242 495253660 495251097
4414960055902797825,495404008 495403990 495403982 463480346 463480483 463480457
4416685695266979913,495265868 495267299 495266185 495401895 463480381 495404035
4416958612804730912,463480213 463480214 463480691 463480235 463480457 463480359
4420137954157003061,463480255 463480468 463480487 463480256 463480465 489734604
4421988776426602762,463480689 463480694 463480693 463480553 463480362 463480355
4423454955465867526,463480653 463480213 463480691 495493336 463480429 463480346
4423521682744672587,463480235 463480213 463480457 463480665 463480214 463480359
4423538267878588489,463480429.0 463480493.0 463480693.0 495400618.0 463480497.0 463480227.0
4423993381791203401,495403990 495404008 495403982 495404000 463480489 463480466
4424364661327265971,463480227 489753829 463480226 463480255 489734604 463480464
4424404840369094690,463480658 463480486 463480473 463480240 463480429 463480471
4424449674792927385,495277303 495277184 495277192 495277293 495369801 463480322
4424522187580637348,495251659 463480693 463480553 495251097 495253324 495263416
4424569687120019509,463480255 489734604 463480468 463480487 463480256 463480465
4424715606375268438,463480226 463480658 463480543 463480429 463480221 463480477
4425656322232680726,463480227 489753829 463480226 463480255 489734604 463480464
4425733330712133685,463480429 495400618 463480224 495399820 463480223 489753829
4426361424943251745,495401665 463480355 463480356 495401146 463480484 463480683
4426723297891975412,463480497 463480322 463480242 463480553 463480493 463480221
4426740390722535502,463480227 489753829 463480226 463480255 489734604 463480464
4427167843621011729,463480497 463480322 463480242 463480553 463480493 463480221
4428170216694088024,463480429.0 463480493.0 463480693.0 495400618.0 463480497.0 463480227.0
4428756439663116596,463480477 463480472 463480226 463480227 489753829 495400618
4429397523953615115,463480429.0 463480493.0 463480693.0 495400618.0 463480497.0 463480227.0
4431131645633364241,463480223 463480481 463480224 463480665 463480670 463480227
4431932349650042996,463480466 463480227 463480487 463480255 489734604 463480464
4432038910065377362,495399700 495399934 495399912 495400043 463480693 495400618
4432109201051615234,495493336 495402871 495402608 495402641 495402874 495402788
4432119075430727981,489734604 463480697 463480466 463480255 463480487 463480464
4433133990569836696,463480429 463480359 463480355 463480227 463480224 463480214
4434542963540099300,463480464 463480471 489734604 463480467 463480256 463480227
4435650999240360047,463480497 463480322 463480242 463480553 463480493 463480221
4435858075743158484,463480322 463480694 463480497 463480693 463480242 495251312
4435871568448454764,463480497 463480322 463480242 463480553 463480493 463480221
4442656455868285026,463480227 489753829 463480226 463480255 489734604 463480464
4443546890970333428,463480213 463480214 463480691 463480235 463480457 463480359
4443623981496664365,495399696 495399934 495400618 489753829 463480255 495400043
4444870507612078171,489753829 463480466 463480227 463480539 463480256 463480464
4445198784986874169,463480694 495252594 495251097 495251659 463480242 495263416
4445350786363031864,463480227 489753829 463480226 463480255 489734604 463480464
4445606436032217280,463480359 463480355 463480356 463480358 495400939 495401665
4445946332745302180,463480497 463480322 463480242 463480553 463480493 463480221
4445996074287759382,463480497 463480322 463480242 463480553 463480493 463480221
4446219131422244880,463480225 463480355 463480429 495401146 463480589 463480358
4446287792852435067,463480466 495399912 495399934 489734604 463480697 495400576
4446587707204567302,463480227 489734604 463480466 463480697 463480468 463480464
4447018758482428107,463480227 489753829 463480226 463480255 489734604 463480464
4447565651426935073,463480694 495401997 495402258 495252594 495402022 495402010
4447747941580931232,463480227 489753829 463480226 463480255 489734604 463480464
4447826471268647197,463480359 463480355 463480356 463480358 495400939 495401665
4448108651182817508,489753829 463480227 463480677 495400618 463480697 463480464
4448159007613124702,463480242 463480497 463480342 463480553 463480362 463480694
4448294198673146019,463480697 463480464 463480256 495400618 463480677 463480227
4448524419227975829,463480322 463480221 463480242 463480497 463480679 463480362
4448576682670686443,463480322 463480694 463480693 463480497 495253660 495251312
4448581648591618275,463480227 489753829 463480226 463480255 489734604 463480464
4448731977231368359,463480337 495401665 495403432 463480604 463480359 463480355
4449125224276820220,463480227 489753829 463480226 463480255 489734604 463480464
4449192146263080974,495512115 495512072 495512353 463480694 495512082 495514334
4449271184140795920,495402254 495402010 495402258 463480693 495400618 495277303
4449997183446679615,463480497 463480322 463480242 463480553 463480493 463480221
4450504521416442175,463480497 463480322 463480242 463480553 463480493 463480221
4450526057196421430,463480683 495403168 495403326 495403163 463480699 463480407
4450616793918341382,463480694 463480497 463480322 463480242 463480466 463480679
4450626769296556127,463480543 463480221 463480226 495255157 495254783 463480359
4450657651726745916,495401665 463480484 463480358 463480356 495401146 495400939
4450779535039266830,495400618 463480697 489734604 463480539 489753829 495399700
4450795118506278978,463480539 463480465 463480255 463480487 463480697 463480320
4450926081039663244,463480227 489753829 463480226 463480255 489734604 463480464
4451131636426735897,495277303 495277184 495277192 495401665 495265868 463480381
4451494360495685772,463480466 495399912 489734604 463480697 495399934 495400576
4451551940758995253,463480322 463480694 463480693 463480497 495253660 495251312
4451904992977092688,463480697 463480466 463480255 463480256 463480464 463480227
4452589996484067376,495277303 495402254 463480693 495402258 495400618 489734604
4453472135705001997,463480227 489753829 463480226 463480255 489734604 463480464
4453955109751882051,463480396 463480589 495370340 463480506 495403326 495403354
4454112502176022798,463480227 489753829 463480697 463480539 463480464 463480256
4454334747568505120,463480468 463480472 463480486 463480476 463480362 463480465
4455110561621606622,463480228 495493945 463480359 495506916 495400939 495369801
4455318030476640329,463480213 463480214 463480691 463480235 463480457 463480359
4457404201370124583,495525836 495400939 463480358 495401664 463480213 495370340
4457821955841327275,463480497 463480322 463480242 463480553 463480493 463480221
4458058223814443012,463480652 463480670 463480429 463480210 463480224 463480482
4460546290837094461,463480429.0 463480493.0 463480693.0 495400618.0 463480497.0 463480227.0
4461520588491456767,463480227 489753829 463480226 463480255 489734604 463480464
4461959284467433810,495401665 463480484 463480358 463480356 495401146 463480359
4465386922203939149,489734604 463480697 463480466 463480487 463480255 463480464
4467272380083601461,463480697 463480255 463480487 495400618 463480227 463480466
4468348869685805219,463480240 463480472 463480465 463480476 463480493 463480227
4468423280935567415,463480227 489753829 463480226 463480255 489734604 463480464
4468691494979240197,463480497 463480694 495251312 463480322 463480221 495264589
4468767102740725880,463480429.0 463480493.0 463480693.0 495400618.0 463480497.0 463480227.0
4469161976789467199,463480697 463480466 463480255 463480227 463480464 463480487
4469284168239677544,463480466 489753829 463480471 463480227 489734604 463480539
4469285850260176909,463480213 463480691 463480429 463480658 463480405 463480452
4469292489224486982,463480543 463480221 495260496 463480226 495255157 495254783
4469353445859786938,463480429.0 463480493.0 463480693.0 495400618.0 463480497.0 463480227.0
4469635011832709222,463480227 489753829 463480226 463480255 489734604 463480464
4470307147356045557,463480497 463480322 463480242 463480553 463480493 463480221
4470344269367345371,463480227 489753829 463480226 463480255 489734604 463480464
4470479247293284471,463480693 463480322 463480497 495251312 495251659 463480221
4470591120121790655,463480497 463480322 463480242 463480553 463480493 463480221
4470668266010837043,495277303 495277184 495277192 495277293 495369801 463480322
4471592285694066910,463480497 463480322 463480242 463480553 463480493 463480221
4471756269754777746,463480497 463480322 463480242 463480553 463480493 463480221
4471911454895505707,463480497 463480322 463480242 463480553 463480493 463480221
4472356781511671927,495401665 463480358 463480466 489734604 463480699 495401146
4472381912883921218,463480227 489753829 463480226 463480255 489734604 463480464
4472635703162306652,463480322 463480694 463480693 463480497 495253660 495251312
4473028759319478387,463480227 489753829 463480226 463480255 489734604 463480464
4473363656749089101,463480227 489753829 463480226 463480255 489734604 463480464
4473387501081329849,463480429 495277614 463480210 463480481 489753829 495400939
4474011818323083515,463480497 463480322 463480242 463480553 463480493 463480221
4474059152587227279,463480358 495401665 463480589 495403326 463480694 463480374
4475168119378936024,463480227 489753829 463480226 463480255 489734604 463480464
4475264601012043924,463480429.0 463480493.0 463480693.0 495400618.0 463480497.0 463480227.0
4475435589613912171,463480255 463480466 489734604 463480256 463480471 489753829
4476023545286623287,463480322 463480693 463480497 463480242 463480694 495251312
4476060579715088693,489753829 463480466 463480227 463480539 463480256 463480464
4476063024443818185,463480429.0 463480493.0 463480693.0 495400618.0 463480497.0 463480227.0
4476190402310570037,489734604 463480466 495401665 463480694 463480697 463480487
4476971056787095841,495400618 489753829 495399934 463480539 495399700 463480227
4477258486377349195,463480221 463480493 463480694 495264235 463480497 463480693
4477610098792333640,463480658 463480486 463480473 463480240 463480429 463480471
4477641537500479625,463480227 489753829 463480226 463480255 489734604 463480464
4478888511558123790,495400939 495401664 463480665 495401138 463480355 463480358
4479068610265612293,463480677 495400618 463480464 463480466 463480697 463480226
4479150880747945989,463480322 463480694 463480497 463480693 463480242 495251312
4479779912947073379,463480227 489753829 463480226 463480255 489734604 463480464
4479970536659615879,463480255 463480482 495400385 495399719 495399934 463480240
4480096059681669426,463480429 463480225 463480224 463480223 495277614 463480481
4481817248684834855,463480240 463480472 463480476 463480465 463480493 463480227
4482314284551110717,463480213 463480214 463480691 495404000 463480693 463480457
4484153110698656091,463480429 463480225 495400618 463480693 495276951 495400939
4484557390545158324,463480227 489753829 463480226 463480255 489734604 463480464
4486547162131333310,463480227 489753829 463480226 463480255 489734604 463480464
4486943119379005766,463480497 463480322 463480242 463480553 463480493 463480221
4488643722399187231,463480227 489753829 463480226 463480255 489734604 463480464
4489194438988398888,463480255 489734604 463480468 463480487 463480256 463480465
4489275710184620328,463480429.0 463480493.0 463480693.0 495400618.0 463480497.0 463480227.0
4489622921675014323,463480429 463480359 463480355 463480227 463480224 463480214
4490442882432106572,463480493 463480221 463480543 495254783 463480699 463480694
4490588368955506938,463480255 489734604 463480468 463480487 463480256 463480465
4490598449066541360,463480227 463480236 495400618 463480466 463480482 463480677
4490877144174690637,463480322 463480694 463480693 463480497 495251312 463480242
4491383869661249879,463480227 489753829 463480226 463480255 489734604 463480464
4491421564936913157,463480322 463480693 463480497 495251312 463480242 495251659
4491553517041090651,495250885 463480694 495251312 495255645 463480693 463480322
4491863080362574064,463480322 463480694 463480693 463480497 495253660 495251312
4492435967193120927,463480693 463480553 495251312 463480497 495251659 463480322
4492513777497145362,489734604 463480697 463480466 463480255 463480487 463480464
4492647593923575894,463480221 463480543 495260496 463480226 495255157 495254783
4492786797911998814,463480359 495401664 495400939 463480665 463480493 463480224
4492882776990941318,463480227 489753829 463480226 463480255 489734604 463480464
4492924658351079472,463480693 463480322 463480497 463480553 463480679 495256039
4493122774264185179,463480359 463480355 463480356 463480358 495400939 495401665
4493569377212825715,463480477 463480486 463480472 1228501633 495400385 463480429
4494593942053192035,463480429 463480225 463480481 463480210 495366540 495277589
4494771242559340633,463480228 495493945 463480359 495506916 495400939 495369801
4495138315875123296,463480337 463480604 463480339 463480359 495521337 463480346
4495205714607997118,495366540 463480336 463480338 463480340 463480540 463480544
4495462736921624719,463480699 495403326 495403168 495403165 463480693 495401665
4495473576346648602,463480429.0 463480493.0 463480693.0 495400618.0 463480497.0 463480227.0
4495905496476942545,463480693 463480362 495264005 495250885 463480555 495264774
4496232515452796972,495400618 463480697 495399700 489734604 495400631 495400155
4497022895741993089,463480693 495265868 495525836 463480342 495370340 463480242
4497212311070572839,463480466 463480227 463480359 463480255 463480697 463480464
4497465657609420872,463480355 463480665 495401138 495401665 463480358 495401146
4497478178730410174,463480429 463480210 463480223 463480225 463480213 463480653
4497581926015566093,463480497 463480322 463480242 463480553 463480493 463480221
4497774331690221576,463480658 463480486 463480473 463480429 463480240 463480471
4498147290001702989,463480227 489753829 463480226 463480255 489734604 463480464
4498537667806888204,463480497 463480322 463480242 463480553 463480493 463480221
4499067548996468895,463480497 463480322 463480242 463480553 463480493 463480221
4499486162216550411,489753829 463480227 495400618 463480677 463480697 463480464
4500559916602228849,463480429 463480359 463480665 463480223 463480553 494343225
4501071118786363646,463480359 463480355 495401146 495401665 463480356 463480665
4501156516819894620,463480227 489753829 463480226 463480255 489734604 463480464
4501451186559254548,463480693 463480322 463480553 495400618 495250885 495253660
4501585799093682453,463480464 463480256 489753829 463480539 463480697 463480468
4503771372850774335,489734604 463480255 489753829 463480487 463480256 463480468
4506313280220561629,463480497 463480322 463480242 463480553 463480493 463480221
4513269633215103307,489753829 463480227 463480464 495400618 463480539 463480256
4513881205511553128,463480694 495252594 463480553 495251659 463480322 463480497
4514421555920896313,463480497 463480322 463480242 463480553 463480493 463480221
4514609819150450725,495255645 463480497 463480693 463480694 463480553 463480242
4514828038189613221,463480497 463480242 495255645 463480693 463480694 463480342
4515545125021548569,489753829 463480227 463480697 495400618 463480464 463480471
4515577939784892725,495254783 495255157 463480221 495264479 463480694 495264589
4515841500758933601,495254783 495255157 495257134 495264803 463480696 463480699
4515960711037321338,463480242 463480497 463480342 463480553 463480362 463480694
4515980036530503948,463480677 1228501633 463480493 463480227 463480471 463480543
4516729309082943674,463480497 463480322 463480242 463480553 463480493 463480221
4516793842981666842,489734604 463480697 463480466 463480255 463480487 463480464
4517333694413275244,463480497 463480322 463480242 463480553 463480493 463480221
4517379541388230758,463480466 495399912 495399934 489734604 463480697 495400576
4519083257933070456,463480543 463480221 495260496 463480226 495255157 495254783
4519220452224401644,495251659 463480693 495512115 463480694 495400618 463480497
4519560504342741086,463480691 463480213 463480224 463480214 463480405 463480223
4519764387889414417,495399946 463480429 463480539 463480482 463480486 463480487
4519776212011188500,463480355 463480504 463480683 495403354 495508494 463480694
4519953520596877447,495512445 463480683 463480694 495403354 495401665 463480589
4520191930657931574,463480466 495399912 489734604 495399934 463480697 495400576
4520526229394423869,463480677 1228501633 463480493 463480227 463480471 463480543
4520949834783654155,463480694 495252594 495251097 463480242 495251659 463480497
4521140091898822888,463480694 495252594 495251097 463480242 495251659 463480497
4521273493787246619,463480227 489753829 463480226 463480255 489734604 463480464
4521979155804848360,463480466 489734604 463480697 495399912 495399934 495400576
4522170522293239827,463480227 463480236 495400618 463480466 463480482 463480677
4522231692884443452,463480256 463480255 463480487 495403143 463480482 495399975
4522329361854496812,463480213 463480214 463480691 463480235 463480457 463480359
4523163153799053337,463480227 489753829 463480226 463480255 489734604 463480464
4523678752506904882,463480497 495256039 1526098025 463480322 463480553 495251312
4523772061838475577,463480227 489753829 463480226 463480255 489734604 463480464
4524119534841888977,463480221 463480543 495260496 463480226 495255157 495254783
4524590315248288049,489753829 463480227 463480539 463480464 489734604 463480466
4524687471400976444,463480322 495251312 495255645 463480553 463480242 495252594
4525519739721351487,463480381 463480228 495277303 495369801 495277184 495266185
4526420763280670955,463480381 463480228 495277303 495369801 495277184 495266185
4526481199164817411,463480255 489734604 463480468 463480487 463480256 463480465
4527276835325870388,463480227 463480236 495400618 463480466 463480482 463480677
4529744278884188315,463480227 489753829 463480226 463480255 489734604 463480464
4529821540015931551,463480497 463480322 463480242 463480553 463480493 463480221
4532737388189057123,463480429.0 463480493.0 463480693.0 495400618.0 463480497.0 463480227.0
4533276711880753332,463480255 463480465 463480539 463480464 463480320 463480483
4535699950832189605,463480227 489753829 463480226 463480255 489734604 463480464
4535852714270392531,463480497 463480693 495251312 495251659 463480553 495261776
4536419560796192883,463480227 489753829 463480226 463480255 489734604 463480464
4536629704775434348,495403982 463480483 495403990 495404000 495400939 463480350
4536677578101227743,463480213 463480453 463480259 463480235 463480359 463480457
4536750172009136272,463480471 463480256 463480464 463480468 463480697 463480487
4537155121532108952,463480227 489753829 463480226 463480255 489734604 463480464
4537359585402683413,463480346 495404000 495403990 463480483 463480350 495404012
4537393988704665832,463480693 463480466 463480553 495399934 489734604 463480697
4537886013563600936,463480497 463480322 463480242 463480553 463480493 463480221
4537893672613576843,463480497 463480273 463480242 463480322 463480342 463480493
4538393701721309292,463480235 463480213 463480457 463480214 463480359 463480665
4538725029558354138,463480213 463480214 463480691 463480235 463480457 463480359
4538827537270964368,463480693 463480553 495251312 463480497 495251659 463480322
4538890489942769689,463480683 495403168 495403354 495403163 495402254 495403326
4539027971719561330,463480429.0 463480493.0 463480693.0 495400618.0 463480497.0 463480227.0
4539152883939803203,463480497 463480322 463480242 463480553 463480493 463480221
4539154147650830354,463480493 495260496 463480227 463480226 463480214 463480322
4539954710690136325,463480429 463480225 463480224 463480223 495277614 463480481
4540355412066566461,463480493 495264235 495264589 495402010 463480226 463480691
4540523028497039434,463480227 489753829 463480226 463480255 489734604 463480464
4540817315793993882,495401665 463480484 495401146 463480683 495400939 495403408
4541658387288424556,463480683 463480699 463480589 463480374 463480356 463480379
4541901466808615020,463480346 495403990 495404008 463480350 463480691 463480213
4542241220301946945,463480493 463480543 463480226 463480658 463480677 495400618
4542301611368382572,463480429.0 463480493.0 463480693.0 495400618.0 463480497.0 463480227.0
4542775713916518665,463480429.0 463480493.0 463480693.0 495400618.0 463480497.0 463480227.0
4543450859507286166,463480683 463480699 463480589 463480374 463480356 463480379
4543966187156668573,463480497 463480322 463480242 463480553 463480493 463480221
4544303234574975084,463480497 463480322 463480242 463480553 463480493 463480221
4544409336309350441,463480493 463480226 463480346 463480213 463480210 463480227
4544514727782383727,463480497 463480322 463480242 463480553 463480493 463480221
4544597936350167219,495400939 495401664 463480665 495401138 463480355 463480358
4544836140098912298,463480227 489753829 463480226 463480255 489734604 463480464
4544921692368535587,463480468 463480472 463480486 463480476 463480362 463480465
4545039172025975034,463480213 463480214 463480691 463480235 463480457 463480359
4545217042081644845,463480497 463480322 463480242 463480553 463480493 463480221
4545899343294759083,463480227 489753829 463480226 463480255 489734604 463480464
4546939652553572564,463480227 489753829 463480226 463480255 489734604 463480464
4548322727147339825,489753829 463480539 463480677 463480466 463480256 489734604
4549593256203387151,463480677 1228501633 463480493 463480227 463480471 463480543
4556543492660133927,495402176 495402268 495402179 495402254 495277303 495402022
4558337651521093890,463480683 495403296 495491082 463480381 495266964 495277184
4558904674075017514,463480213 463480214 463480691 463480235 463480457 463480359
4559940529353916524,463480429 463480466 463480693 463480553 489734604 463480224
4560166292851785805,463480464 463480467 489734604 463480468 463480255 1228501633
4560325449762996350,463480227 489753829 463480226 463480255 489734604 463480464
4560473138593530168,463480213 463480214 463480691 463480235 463480457 463480359
4560553663874203687,463480497 463480322 463480242 463480553 463480493 463480221
4560598617591119993,463480497 463480322 463480242 463480553 463480493 463480221
4560743910943228208,463480693 495251097 463480553 495253324 463480497 495259045
4560919340777472197,463480697 463480447 463480446 463480698 463480429 495363988
4561633017864650874,463480677 1231113729 463480684 463480447 463480446 463480697
4561636018417828112,463480497 463480322 463480242 463480553 463480493 463480221
4561787325005693041,495251659 495251312 463480693 463480497 495261776 495251097
4561845511506624706,463480497 463480322 463480242 463480553 463480493 463480221
4562233113872433305,495369958 495368385 463480420 463480457 463480213 463480574
4562325361536794776,495370340 463480213 463480691 494343225 495369801 1228501633
4562685486110081047,463480355 463480214 495370340 463480509 463480423 463480425
4563575634538004763,463480322 463480693 463480553 463480497 463480694 463480679
4563755263479513299,463480392 463480389 463480684 495370340 463480429 463480224
4563927812914282761,463480255 489734604 463480468 463480487 463480256 463480465
4564271958199632036,463480227 489753829 463480226 463480255 489734604 463480464
4564340676965695514,463480240 463480472 463480465 463480493 463480476 463480464
4564507143443579011,463480359 463480355 463480356 463480358 495400939 495401665
4564522444007932221,463480355 463480358 463480589 495401146 463480356 495403408
4566699706936721676,463480691 463480213 463480235 463480214 463480457 463480665
4566907785117172028,463480497 463480322 463480242 463480553 463480493 463480221
4568148587023695966,463480466 489753829 463480471 489734604 463480227 463480539
4568328169345253648,495532793 1231113729 463480231 463480698 495365549 495364620
4569938568439136432,495264589 495402268 495402022 495402258 495402010 495252594
4570659157580972105,463480392 463480389 463480684 495370340 463480429 463480224
4571493523167641707,463480322 463480342 463480497 463480693 463480679 463480362
4572498018831696072,495400635 463480475 463480468 495399912 463480227 463480473
4577974301026156811,463480658 463480486 463480677 463480240 463480471 495400618
4578062303471337714,463480429.0 463480493.0 463480693.0 495400618.0 463480497.0 463480227.0
4580649667385098427,463480227 489753829 463480226 463480255 489734604 463480464
4580835915277271302,495369801 495277303 495404035 463480439 495370340 463480359
4582088829795041359,463480322 495250885 463480695 463480497 463480694 495255645
4582107522484404316,463480227 489753829 463480226 463480255 489734604 463480464
4582135552192544937,463480227 489753829 463480226 463480255 489734604 463480464
4583101658504102144,463480694 495252594 495251097 463480242 495251659 463480497
4583273213137780792,463480466 495399912 495400576 489734604 495399934 463480697
4583494938173374778,463480381 463480228 495277303 495369801 495277184 495266185
4583505234800410771,463480227 489753829 463480226 463480255 489734604 463480464
4585070809547014266,463480429 463480225 463480224 463480223 495277614 463480481
4585151601895014575,463480653 463480691 463480213 463480665 463480359 463480429
4585875371635507344,463480359 463480355 463480356 463480358 495400939 495401665
4586438251139301497,463480227 489753829 463480226 463480255 489734604 463480464
4586459744264257836,463480227 489753829 463480226 463480255 489734604 463480464
4586934200390910031,463480683 463480699 463480589 463480374 463480356 463480379
4586956672856490326,463480213 463480214 463480691 463480235 463480457 463480359
4586964224101056517,463480227 489753829 463480226 463480255 489734604 463480464
4587025645676265598,463480227 489753829 463480226 463480255 489734604 463480464
4587069405161586973,463480497 463480322 463480242 463480553 463480493 463480221
4587476870779896027,463480227 489753829 463480226 463480255 489734604 463480464
4588269534450286638,495277303 495277184 495277192 495277293 495369801 463480322
4588579346109169693,463480227 489753829 463480226 463480255 489734604 463480464
4588628747018567824,463480227 489753829 463480226 463480255 489734604 463480464
4588640621639761950,463480227 489753829 463480226 463480255 489734604 463480464
4588751898835157100,463480227 489753829 463480226 463480255 489734604 463480464
4588814902467756198,463480255 489734604 463480468 463480487 463480256 463480465
4589118892403065172,463480227 489753829 463480226 463480255 489734604 463480464
4589219354964918466,463480553 463480693 495251097 463480322 1526105009 495264774
4589359586137604304,463480227 463480236 495400618 463480466 463480482 463480677
4589420571151040744,489753829 495400618 463480227 463480697 463480677 463480322
4589806315733254166,463480468 463480255 463480487 489734604 463480256 463480465
4589823289879429300,463480227 463480464 463480539 489753829 463480256 463480697
4592317497751371932,463480683 463480699 463480589 463480374 463480356 463480379
4592779875357032505,463480429 463480225 463480224 463480223 495277614 463480481
4592796703277449524,463480227 489753829 463480226 463480255 489734604 463480464
4592823135848104107,463480497 463480322 463480242 463480553 463480493 463480221
4592875747909304562,463480429.0 463480493.0 463480693.0 495400618.0 463480497.0 463480227.0
4593110808341774590,463480227 489753829 463480226 463480255 489734604 463480464
4593116498571821318,463480355 463480484 495401146 463480589 463480359 495403408
4593364334154350767,495401665 463480355 463480358 463480356 463480589 463480484
4596059776814678068,463480322 463480694 463480497 463480693 463480242 495251312
4603206098802180230,463480472 463480476 463480493 463480465 489734604 463480473
4603247862531227842,463480227 489753829 463480226 463480255 489734604 463480464
4603475299075358923,463480392 463480389 463480684 495370340 463480429 463480224
4604445839160770639,463480429 463480224 463480693 463480223 495251659 463480210
4604493884955295783,463480429 463480225 495400618 463480693 495276951 495250885
4605196261693587546,463480497 463480322 463480242 463480553 463480493 463480221
4605251837723934828,463480466 463480337 489734604 463480697 463480693 463480487
4605300932521492729,463480429.0 463480493.0 463480693.0 495400618.0 463480497.0 463480227.0
4605803193923797224,463480429.0 463480493.0 463480693.0 495400618.0 463480497.0 463480227.0
4605761005514391730,463480493 463480226 463480346 463480213 463480210 463480227
4605768892710387791,463480227 489753829 463480226 463480255 489734604 463480464
4605996030706581759,495401665 463480355 463480221 463480497 463480322 463480589
4606167733730279546,495400618 463480694 495399820 463480497 495399966 495251097
4606328977234853978,463480227 489753829 463480226 463480255 489734604 463480464
4606337822039212109,463480429.0 463480493.0 463480693.0 495400618.0 463480497.0 463480227.0
4606414511725084913,463480227 489753829 463480226 463480255 489734604 463480464
4606517160115699836,463480693 463480694 495251097 495253324 463480497 495259045
4606634152775647311,463480429 463480224 463480223 495400618 463480210 463480457
4606903841897316400,463480213 463480214 463480691 463480235 463480457 463480359
4607099280824729822,463480697 463480466 463480255 463480256 463480464 463480227
4608197443476258940,463480322 463480679 463480221 463480693 463480553 463480694
4608603290539393177,463480487 463480236 463480677 463480464 463480543 495399719
4609145030231457871,463480322 463480225 495264589 463480693 463480221 463480429
4609735542946398342,463480214 463480235 463480221 463480665 463480543 463480359
4609799626609655916,495370340 495402322 495402312 463480506 495404035 463480493
4610476401957536000,463480693 463480381 463480242 463480342 495277303 495402176
4610528436604371088,463480429 463480224 463480223 495400618 463480210 463480693
4610759023959474478,463480497 463480273 463480242 463480322 463480543 495254783
4611056781088260120,495488569 495404035 495488603 463480421 463480440 495404036
4611577560031297838,495400939 463480655 495401664 495493530 463480213 463480457
4612015916988235811,495401665 495403326 463480374 463480358 495403168 495403165
4612098388237221967,463480497 463480242 463480553 463480342 463480693 463480221
4612408956808069228,463480359 495400939 495401665 463480355 495401138 463480665
4613014507984257116,463480322 463480679 463480553 463480694 463480693 463480641
4613296010169942349,463480691 463480213 463480235 463480214 463480457 463480665
4616529512826143016,463480670 463480210 463480429 463480452 463480219 463480481
4617202848836092078,463480322 463480342 463480695 463480242 495255645 495264005
4618390775299571757,495525836 495370340 463480498 463480506 495529982 495403264
4618794144132759571,463480493 463480226 463480346 463480213 463480210 463480227
4622761351008485471,463480497 463480322 463480242 463480553 463480493 463480221
4624333259230937154,463480653 463480213 463480691 463480346 463480429 463480210
4624374468526211129,463480227 489753829 463480226 463480255 489734604 463480464
4625318917100011585,463480322 463480242 463480497 463480641 463480679 463480362
4626358916878434539,463480227 463480539 489753829 463480464 463480256 463480697
4626877687007281377,463480693 463480553 495251659 463480694 495253324 463480322
4627433141127872582,463480227 489753829 463480226 463480255 489734604 463480464
4627442003641368768,463480693 463480553 495251659 463480322 495256039 463480694
4627525501865951489,463480227 489753829 463480226 463480255 489734604 463480464
4627702765180682588,463480697 463480227 463480464 463480539 463480256 489734604
4627753540301357322,495369801 495402312 495369932 495367870 463480446 494343225
4628251352849711403,463480694 463480497 463480322 463480362 463480553 495251312
4628691940942020740,463480497 463480322 1526098025 463480694 463480695 495256593
4628709664588038461,463480346 495403990 495403982 463480483 495404008 495404012
4629215105032651039,463480693 495251659 495253324 495251312 463480679 495251097
4629883345253957931,463480497 495251097 495251659 463480429 463480693 463480322
4629949277039231186,463480227 489753829 463480226 463480255 489734604 463480464
4629975502368538811,463480429 495277614 463480224 489753829 463480223 463480210
4630550505091498274,463480472 463480226 463480658 463480677 463480493 495400618
4630575174631555324,463480322 463480497 463480679 463480693 463480362 463480641
4630635852328337608,463480359 463480355 463480356 463480358 495400939 495401665
4630874347143692593,463480235 463480213 463480359 463480665 463480457 463480214
4631413189988319433,463480429.0 463480493.0 463480693.0 495400618.0 463480497.0 463480227.0
4631551205633949966,463480497 463480322 463480242 463480553 463480493 463480221
4631789512433336508,463480227 489753829 463480226 463480255 489734604 463480464
4632235600171499706,463480429.0 463480493.0 463480693.0 495400618.0 463480497.0 463480227.0
4632529672035369160,463480359 463480355 463480356 463480358 495400939 495401665
4632644897204076719,463480227 489753829 463480226 463480255 489734604 463480464
4632717559472586955,463480497 463480322 463480242 463480553 463480493 463480221
4632734075283833041,463480493 463480226 463480346 463480213 463480210 463480227
4633052428891062507,463480227 489753829 463480226 463480255 489734604 463480464
4633488313546178767,463480429.0 463480493.0 463480693.0 495400618.0 463480497.0 463480227.0
4633783312375087354,463480227 489753829 463480226 463480255 489734604 463480464
4633963012172284175,495506738 495367870 495368107 495370340 495507390 495369932
4634065665685979374,495370340 495256039 495506738 463480497 495368107 495367870
4634158754823405773,463480677 1228501633 463480493 463480227 463480471 463480543
4634429917421633885,463480213 463480214 463480691 463480235 463480457 463480359
4634714721565802795,463480466 495399912 495399934 495400631 489734604 495400576
4635130563408691261,463480429 463480225 463480224 463480223 495277614 463480481
4635144257507950870,463480227 463480464 463480466 463480539 495400618 463480256
4635160539250819387,463480227 489753829 463480226 463480255 489734604 463480464
4635434028073746586,463480466 495399912 495399934 489734604 463480697 495400576
4635516053379088712,463480468 463480488 463480487 463480547 463480590 463480571
4635556585661792577,463480693 463480362 495264005 495250885 463480555 495264774
4635855648061129009,495401665 463480355 463480359 495401146 463480358 463480356
4636016179008503936,463480429.0 463480493.0 463480693.0 495400618.0 463480497.0 463480227.0
4636032768996802697,463480497 463480322 463480242 463480553 463480493 463480221
4636057542814073155,463480497 463480273 463480242 463480322 463480342 463480493
4636133332616479016,463480429 463480225 463480224 463480223 495277614 463480481
4636238427814363441,463480497 463480322 463480242 463480553 463480493 463480221
4637373278213111860,463480539 463480255 463480487 463480464 463480320 489753829
4637418273938604280,463480429 463480225 463480224 463480223 495277614 463480481
4637832057486835929,463480693 463480553 495251312 463480497 463480322 463480221
4640360022079176883,463480446 463480447 1228501633 463480493 463480359 463480665
4642572484459364417,463480497 463480322 463480242 463480553 463480493 463480221
4645787253789163730,463480497 463480322 463480242 463480553 463480493 463480221
4646808234663346394,495400618 489753829 495400314 495399912 495400576 1228501633
4647520068235166008,495369801 495277303 495404035 463480439 495370340 463480359
4648001563468497100,463480359 463480355 463480356 463480358 495400939 495401665
4649147701883044170,463480227 489753829 463480466 463480539 463480256 495400618
4649182204590031137,463480213 463480214 463480691 463480235 463480457 463480359
4649467296573292816,463480497 463480322 463480242 463480553 463480493 463480221
4649770521057820842,495254783 463480273 463480429 495277614 463480493 463480466
4649973727443026131,463480493 463480226 463480346 463480213 463480210 463480227
4649990736532996176,463480429 495277614 463480224 489753829 463480223 463480210
4650362617011634236,463480497 463480322 463480242 463480553 463480493 463480221
4650665900246302761,463480497 463480693 495250885 463480242 463480553 463480679
4650795430160105626,463480693 463480342 463480429 463480225 463480242 495277303
4650855201807007892,463480227 489753829 463480226 463480255 489734604 463480464
4651005368378327368,463480322 463480342 463480693 463480679 463480553 463480362
4651517579640176720,463480322 463480694 495252594 463480553 463480342 463480497
4651578428623683702,495264803 495254783 495277614 463480429 463480696 463480221
4652082882844819626,495399934 495400043 489753829 495400618 463480487 463480255
4653052045442154526,489753829 463480466 463480227 463480539 463480464 463480256
4653579288907612385,495506738 495367870 495370340 495368107 495507390 495369932
4653780880979919195,463480322 463480694 463480497 463480693 463480242 495251312
4653799454709645482,495252594 463480497 463480466 495367696 495251312 495399934
4654499165620666683,463480210 463480359 463480457 463480665 463480212 463480429
4654514302373331135,463480359 463480355 463480356 463480358 495400939 495401665
4654991910695862619,495399934 495400155 489753829 495400043 1228501633 463480696
4655116970424271103,463480429 495277614 463480224 489753829 463480223 463480210
4655958891175084232,463480227 489753829 463480226 463480255 489734604 463480464
4656063219029770590,463480693 495251659 495253324 489753829 463480694 495252594
4656225510338854992,463480497 463480273 463480242 463480322 463480493 495254783
4656272496321101854,463480497 463480322 463480242 463480553 463480493 463480221
4656438191099478178,463480240 463480227 463480465 463480226 463480467 463480487
4656593174563127485,463480493 463480226 463480346 463480213 463480210 463480227
4656718917803704346,463480693 463480689 463480694 463480679 463480553 495253324
4656877723347320971,495363656 463480684 463480677 1231113729 463480697 463480446
4657205165144932452,463480693 495253324 495251659 495251312 463480679 495251097
4657535745753088228,463480227 489753829 463480226 463480255 489734604 463480464
4657574022568214817,463480227 489753829 463480226 463480255 489734604 463480464
4658077852655943870,463480255 489734604 463480468 463480487 463480256 463480465
4659979582051975244,463480227 489753829 463480226 463480255 489734604 463480464
4660871777074020395,463480417 463480421 463480420 463480425 495367870 495507034
4661951315228229767,495400939 463480639 463480359 463480506 463480211 495401665
4662416181980037224,463480227 489753829 463480226 463480255 489734604 463480464
4662620177434149194,463480227 489753829 463480226 463480255 489734604 463480464
4664202414394179835,463480227 489753829 463480226 463480255 489734604 463480464
4665545493354905658,495368385 495370032 495369131 495368107 495399681 495368878
4670973609105686740,463480227 489753829 463480226 463480255 489734604 463480464
4671623438092468504,463480240 463480227 463480465 463480226 463480467 463480487
4672598240544424150,495252594 495251312 495255645 495256989 463480322 463480695
4672710131941376020,463480694 463480497 463480493 495252594 463480322 463480679
4672973683852312811,463480213 463480214 463480691 463480235 463480457 463480359
4673333568403407103,463480493 495260496 463480227 463480226 463480214 463480322
4673415411730743495,463480429.0 463480493.0 463480693.0 495400618.0 463480497.0 463480227.0
4673441680842031130,463480497 463480322 463480242 463480553 463480493 463480221
4673464259647635521,463480227 489753829 463480226 463480255 489734604 463480464
4673667159870668929,463480429 463480225 463480224 463480223 495277614 463480481
4674218785131462801,463480694 495250885 495251312 463480553 463480322 463480695
4674262697291022632,495401665 463480484 463480356 495401146 463480683 463480359
4674265944684232797,463480322 463480553 463480497 463480342 463480641 495256039
4674726509867958314,463480235 463480213 463480665 463480457 463480359 463480214
4675167939768877108,495400939 495401664 463480665 495401138 463480358 463480221
4675751837905977523,463480683 463480699 463480589 463480374 463480356 463480379
4676297884437315845,463480227 489753829 463480226 463480255 489734604 463480464
4676304284145156320,463480226 463480486 495399966 1228501633 463480471 463480320
4676651750188122446,495528684 463480514 463480515 495276951 495797123 495525836
4676818388267040862,463480497 463480322 463480242 463480553 463480493 463480221
4676911745855389924,463480429 463480322 463480693 463480553 463480212 463480224
4677110742416359555,463480212 463480214 463480452 463480481 463480486 463480589
4677342935771775168,463480493 489734604 463480227 463480697 463480214 463480235
4677363524682383460,463480322 463480497 463480242 495252594 463480693 495251312
4677666983853424816,463480255 489734604 463480468 463480487 463480256 463480465
4677941268710686779,463480497 463480322 463480242 463480553 463480493 463480221
4678797912174755912,463480689 463480694 463480497 463480693 463480242 463480493
4679041585121853517,463480242 463480497 463480342 463480553 463480362 463480694
4679157657174540397,463480359 495400939 495401665 463480355 495401138 463480665
4679171832587747333,463480694 495252594 495251097 463480242 495251659 463480497
4679307984270786722,463480693 463480225 495251097 463480694 495263416 495250885
4679613928561180681,463480359 463480355 463480356 463480358 495400939 495401665
4679794644314226758,463480539 463480465 463480255 463480487 463480697 463480320
4679997779949912311,463480497 463480322 463480242 463480553 463480493 463480221
4679998686778622114,463480227 489753829 463480226 463480255 489734604 463480464
4680848485181554720,463480227 489753829 463480226 463480255 489734604 463480464
4681479528137359705,489734604 463480697 463480466 463480255 463480487 463480464
4681615245152092437,463480683 495404035 463480699 495403168 463480346 495403326
4681963926009151781,463480697 463480447 463480446 463480429 463480371 463480553
4682253536011485440,463480346 495403990 495403982 463480483 495404008 495404012
4682413500090286212,463480497 463480322 463480242 463480553 463480493 463480221
4682755093569732677,463480322 495251312 495255645 463480553 463480242 495252594
4683419775995740453,495404000 495403990 463480350 495404012 463480457 463480489
4684676441477480535,463480221 463480543 463480226 495260496 463480212 463480240
4684833434588938374,463480227 489753829 463480226 463480255 489734604 463480464
4684882719251366097,463480255 489734604 463480468 463480487 463480256 463480465
4686545106315247735,463480255 463480256 463480487 489734604 463480468 463480464
4686591894072328209,463480446 495369801 495404035 463480475 495363656 495488569
4687257744693002449,463480447 495265949 463480698 463480420 495488569 495404035
4689346231825858761,463480322 463480694 463480497 463480693 463480242 495251312
4690086401592262751,463480213 463480214 463480691 463480235 463480457 463480359
4692061858006302879,463480223 463480224 495363988 463480697 463480481 463480227
4692553348342087707,463480212 463480452 463480589 463480429 463480214 463480225
4692854166695444823,463480697 463480466 463480255 463480256 463480464 463480227
4693088169720807731,463480213 463480214 463480691 463480235 463480457 463480359
4693450943001264151,463480497 463480322 463480242 463480553 463480493 463480221
4693898776739315746,463480227 489753829 463480226 463480255 489734604 463480464
4694296600692654258,463480497 463480322 463480242 463480553 463480493 463480221
4695351998911873273,463480227 489753829 463480226 463480255 489734604 463480464
4695811737207963928,463480429.0 463480493.0 463480693.0 495400618.0 463480497.0 463480227.0
4696516558670790779,489753829 463480227 463480539 463480464 489734604 463480466
4696713416811479314,463480472 463480226 463480493 463480658 463480237 463480471
4697279966474928389,463480493 463480226 463480346 463480213 463480210 463480227
4697360913651204409,463480346 495404008 495403990 463480475 463480379 495404000
4697642035566608631,463480665 463480653 463480224 495277614 463480493 463480429
4697658996825522201,463480223 463480481 463480224 463480665 463480670 463480227
4697773346098250057,463480227 463480539 489753829 463480464 463480256 463480697
4697888594449661957,495401665 463480355 495277614 463480358 495400618 463480429
4698837859646308666,463480227 489753829 463480226 463480255 489734604 463480464
4699495346628984916,463480497 463480322 463480242 463480553 463480493 463480221
4699635491921723620,463480322 463480553 463480342 463480497 463480641 463480693
4699856780847743190,463480227 489753829 463480226 463480255 489734604 463480464
4700061882967130355,463480212 463480214 463480359 463480457 463480452 463480665
4700071509765914885,463480429 463480225 495400618 463480693 495276951 495250885
4700138348303089911,495264589 495255157 495264479 463480696 463480493 495257134
4700418481370169397,463480359 463480355 463480356 463480358 495400939 495401665
4700545238652158027,495266185 495277184 463480381 495265868 495402254 495402014
4700658547843662054,463480221 463480497 463480322 463480242 463480493 463480679
4700887568051339494,463480493 463480226 463480346 463480213 463480210 463480227
4701244231762837608,463480359 463480355 463480356 463480358 495400939 495401665
4702091719517929604,463480693 463480497 463480553 463480322 463480273 463480679
4702848161205190703,463480543 463480221 463480226 495260496 463480240 1228501633
4702896944886055099,463480466 489753829 463480471 489734604 463480227 463480465
4703265287412121876,463480227 489753829 463480226 463480255 489734604 463480464
4705576277235728434,463480359 463480355 463480356 463480358 495400939 495401665
4705578045310238924,463480493 463480226 463480346 463480213 463480210 463480227
4705947639321198670,463480322 463480553 463480342 463480497 463480641 463480693
4706178875878801540,463480346 463480483 463480359 495404000 495403990 463480350
4706372531982172186,463480697 463480466 463480227 495400618 463480464 463480255
4707706546528715000,463480697 463480466 463480255 463480227 463480464 463480487
4707742438835618019,463480346 495403990 495402861 495402752 463480483 495266649
4707817615602221314,463480497 463480322 463480242 463480553 463480493 463480221
4707845638297747794,463480322 495251312 495255645 463480553 463480242 495252594
4710455719238041741,463480471 1228501633 489734604 463480467 463480464 463480255
4714090818090303562,463480221 463480497 463480322 463480242 463480493 463480679
4714236749042942068,463480227 489753829 463480226 463480255 489734604 463480464
4716428657887543549,495400618 463480697 463480255 489734604 495400385 463480464
4717904054743203869,463480691 463480213 463480235 463480214 463480457 463480665
4718373749325299759,463480212 463480452 463480589 463480429 463480225 463480214
4718609863751499842,489753829 463480227 463480677 495400618 463480697 463480464
4718770785475362886,463480699 495403168 495403326 495403163 463480693 495403165
4719406946985967693,463480497 463480322 463480242 463480553 463480493 463480221
4720015007567315057,463480697 463480466 463480255 463480256 463480464 463480227
4720030792647442441,463480255 489734604 463480468 463480487 463480256 463480465
4720711525642797360,495250885 463480694 463480322 463480693 495255645 463480553
4720786311837122569,495400618 495400385 495400431 495400631 1228501633 495400605
4720847057277419747,463480696 495264479 495264589 495255157 495257134 463480493
4721098738142281814,463480697 463480466 463480255 463480487 463480464 463480227
4722020362432282640,463480240 463480472 463480465 463480476 463480493 463480227
4722058879813287980,463480227 489753829 463480226 463480255 489734604 463480464
4723658655228231833,463480429 463480225 463480224 463480223 495277614 463480481
4723676712443576349,463480699 463480589 495403163 495403168 463480429 463480355
4723729107028017195,463480699 495403326 495403168 463480374 463480589 463480379
4723815163347599443,463480493 463480226 463480346 463480213 463480210 463480227
4725813376547291254,463480497 463480322 463480242 463480553 463480493 463480221
4726075651915514067,463480497 463480322 463480242 463480553 463480493 463480221
4727450718583914839,463480227 463480539 489753829 463480464 463480256 463480697
4730304086357311582,463480429 463480225 463480224 463480223 495277614 463480481
4730995192884887589,463480693 463480553 463480322 495251312 463480679 495251097
4731741018436665491,463480227 489753829 463480226 463480255 489734604 463480464
4736024790698033440,463480227 489753829 463480226 463480255 489734604 463480464
4736543356011151438,463480227 489753829 463480226 463480255 489734604 463480464
4738095035572289732,489753829 463480255 489734604 463480487 1228501633 495400618
4740946777286639721,463480242 463480468 463480467 495277184 495364620 463480516
4741042723820142601,489753829 463480466 463480227 463480539 463480256 463480464
4741085558653321409,489734604 463480697 463480466 463480255 463480487 463480464
4741394281193799851,463480235 463480691 463480665 463480453 463480259 463480452
4741633672601927776,463480699 489734604 463480683 463480466 495403163 463480697
4742184258259386469,495399946 463480429 463480539 463480482 463480486 463480487
4742283422573789237,463480213 463480214 463480691 463480235 463480457 463480359
4742807937007484937,463480699 489734604 463480466 463480374 495401665 495403163
4743593254413140195,463480658 463480486 463480473 463480240 463480429 463480471
4743652014657110189,463480497 463480322 463480242 463480553 463480493 463480221
4744044093483778203,463480429 463480481 463480224 463480225 463480227 463480231
4744558692565516513,495400618 495400576 495400385 463480487 495399975 463480464
4744719519465078854,463480224 463480429 495400939 495401665 463480358 463480589
4744844965114544330,463480227 489753829 463480226 463480255 489734604 463480464
4745670986778279938,463480429 463480359 463480665 463480223 463480553 494343225
4745953491878936614,463480227 489753829 463480226 463480255 489734604 463480464
4746016098307276878,463480322 463480242 463480497 463480641 463480679 463480362
4746153217449263165,463480221 463480543 495260496 463480226 495255157 463480359
4746441797346525379,463480497 463480322 463480242 463480553 463480493 463480221
4746591922611290164,463480699 495401665 463480589 495403168 495403326 463480355
4746745508562993244,463480359 463480355 463480356 463480358 495400939 495401665
4747361149512056999,463480683 463480699 463480589 463480374 463480356 463480379
4747650307813277792,463480429 463480693 495277614 463480221 463480553 463480224
4747971107299786827,495277614 463480224 463480223 463480210 463480481 489753829
4748262331974943024,463480227 489753829 463480226 463480255 489734604 463480464
4748272931320627292,463480240 463480227 463480465 463480226 463480467 463480487
4748881376030752790,463480497 463480322 463480242 463480553 463480493 463480221
4749895794985009176,463480322 463480342 463480497 463480693 463480679 463480362
4752477136321773699,463480240 463480227 463480465 463480226 463480467 463480487
4752917645724221689,463480497 463480322 463480242 463480553 463480493 463480221
4752940943680733230,495402176 495402268 495402179 495402254 495277303 495402022
4752959110794707102,463480497 463480322 463480242 463480553 463480493 463480221
4753434901431975965,463480429 463480359 463480355 463480227 463480224 463480214
4753655202751971654,489753829 463480227 463480539 463480464 489734604 463480466
4759532018388435133,463480497 463480322 463480242 463480553 463480493 463480221
4761052500439859501,463480497 463480322 463480242 463480553 463480493 463480221
4761529938381373602,463480497 463480322 463480693 463480493 463480553 463480342
4762796039260340320,463480693 463480429 495277614 495254783 463480224 495264803
4763137571434266777,463480346 463480696 495264803 495254783 463480677 495404008
4763169462057435341,463480213 463480214 463480691 463480235 463480457 463480359
4763170119904657565,463480429.0 463480493.0 463480693.0 495400618.0 463480497.0 463480227.0
4763967934680793132,463480696 495264479 495264589 495255157 495257134 463480493
4764083714457600110,495252594 495251312 495255645 463480322 463480695 495256989
4764595538491605043,463480429.0 463480493.0 463480693.0 495400618.0 463480497.0 463480227.0
4766150620700999850,495520990 463480235 495519119 495519088 495519057 495518869
4766348179932709196,463480227 489753829 463480226 463480255 489734604 463480464
4767515296803323974,463480322 463480553 463480342 463480497 463480641 463480693
4767613562415480852,463480221 463480543 495260496 463480226 495255157 495254783
4767883650175598691,463480497 463480322 463480242 463480553 463480493 463480221
4768165646487781544,463480452 463480214 463480359 463480213 463480691 463480336
4768232372366999732,463480497 463480322 463480242 463480553 463480493 463480221
4768545581564952798,463480322 463480497 463480693 463480553 463480679 463480362
4768597753898205208,463480497 463480322 463480242 463480553 463480493 463480221
4768608888089739562,463480227 489753829 463480226 463480255 489734604 463480464
4769102046415290594,463480691 463480214 463480405 463480452 463480655 463480453
4769334913016528943,463480227 489753829 463480226 463480255 489734604 463480464
4769594267124367375,463480213 463480214 463480691 463480235 463480457 463480359
4769741412311236809,463480694 495252594 463480679 463480322 495251097 463480553
4770209690487357577,463480227 489753829 463480226 463480255 489734604 463480464
4770247394914730178,463480497 463480322 463480242 463480553 463480493 463480221
4770343726819573804,463480227 489753829 463480226 463480255 489734604 463480464
4770718823685292202,463480429.0 463480493.0 463480693.0 495400618.0 463480497.0 463480227.0
4770807593759670353,463480497 463480322 463480242 463480553 463480493 463480221
4771283086714601757,463480374 495403326 495403168 463480683 495403408 495403296
4771556640503365745,463480487 463480473 463480697 463480552 463480256 463480545
4772138061255934249,463480493 495260496 463480227 463480226 463480322 463480214
4772815310685732879,463480497 463480322 463480242 463480553 463480493 463480221
4773009084413378772,463480429 463480225 463480224 463480223 495277614 463480481
4773287505288495469,463480493 463480226 463480346 463480213 463480210 463480227
4773970772771995668,495400618 495400576 489753829 495400385 495399975 463480487
4774894572542361955,463480694 463480322 495252594 463480497 463480553 495250885
4775075790509310291,495277303 495277184 495277192 495277293 495369801 463480322
4775234318784790641,495277303 495277184 495277192 495277293 495369801 463480322
4776576079746040121,463480471 463480464 463480256 463480468 463480487 463480697
4776869896419017053,463480227 489753829 463480226 463480255 489734604 463480464
4777216928967819630,463480223 463480429 463480697 463480447 463480677 1231113729
4779680514295726166,463480472 463480226 463480658 463480227 463480477 463480493
4783524310348464189,463480346 463480483 463480359 495404000 495403990 463480350
4785287625954820377,463480497 463480337 463480242 463480493 463480322 495400939
4785597741499154815,463480653 463480213 463480691 463480346 463480429 463480210
4787189766442188968,463480694 495252594 495251097 463480553 495253324 463480497
4787246418348212397,495403354 463480374 463480683 463480589 495401665 495403408
4787735158814933123,495401665 463480358 463480484 495401146 463480359 495400939
4788147793270669461,495250885 463480693 495252594 495255645 463480695 463480322
4788190823271890946,463480227 489753829 463480226 463480255 489734604 463480464
4788540415536529572,463480359 463480355 463480356 463480358 495400939 495401665
4788835615400264013,495401665 463480355 463480696 495264589 495264479 495255157
4789470932059292039,463480471 1228501633 489734604 463480467 463480464 463480255
4789835598338457678,495264803 495255157 463480696 495254783 463480466 463480693
4790159711972360589,463480497 463480322 463480242 463480553 463480493 463480221
4790401426461818893,463480471 463480464 463480226 463480255 463480543 1228501633
4790417457274159109,463480429.0 463480493.0 463480693.0 495400618.0 463480497.0 463480227.0
4790681527353868488,463480322 463480694 463480497 463480693 463480242 495251312
4790877947240382545,495529087 463480514 463480506 495276951 463480355 463480356
4791274419068862648,463480691 463480213 463480405 463480655 463480214 463480452
4791280801771946114,495255157 495264589 495254783 463480493 463480696 495257134
4791421962100932670,463480322 463480694 463480693 463480242 495251312 495253660
4792201398080241742,463480362 463480693 463480235 463480694 495264005 463480497
4792239705065783507,463480553 495255340 495256039 495253324 495251097 495255645
4792432862328520970,463480429 495277614 463480224 489753829 463480223 463480210
4792696188454830354,463480497 463480322 463480242 463480553 463480493 463480221
4792814222364377475,463480497 463480322 463480693 463480342 463480221 495251312
4793306962997543144,463480497 463480322 463480242 463480553 463480493 463480221
4793529804466684145,489753829 463480227 463480677 495400618 463480697 463480464
4793547940068589676,463480429.0 463480493.0 463480693.0 495400618.0 463480497.0 463480227.0
4793802260771242068,495277192 495277184 463480693 489734604 495369801 463480589
4795057233781325851,463480487 463480236 463480677 463480464 463480543 495399719
4795608408622366963,463480466 489753829 463480471 489734604 463480227 463480465
4795930461514760558,463480213 463480691 463480214 463480457 495493336 463480359
4796443096910135401,463480359 495400939 495493945 495401664 463480429 463480493
4797270214765969499,463480429.0 463480493.0 463480693.0 495400618.0 463480497.0 463480227.0
4798529134610612379,463480429 463480223 463480225 463480210 495277605 495277589
4798755658974626169,463480227 489753829 463480226 463480255 489734604 463480464
4798992989873504324,463480227 489753829 463480226 463480255 489734604 463480464
4799937001325592853,489753829 463480466 463480227 463480539 463480256 463480464
4805342213638717531,463480429 463480359 463480355 463480227 463480224 463480214
4806834267311046746,463480497 463480322 463480242 463480553 463480493 463480221
4807991103949897999,463480497 463480242 463480553 463480342 463480563 463480694
4808349388339675304,495255645 463480322 495400576 463480693 495251312 495400385
4808697950999413108,463480493 495260496 463480227 463480226 463480322 463480214
4808997999443705901,463480452 463480457 463480665 463480210 495493336 463480429
4809091781565612396,463480214 463480235 463480691 463480665 463480453 463480452
4809305353508880533,463480466 495399934 495400631 495399912 463480697 495400576
4809408161234550824,463480472 463480476 463480465 463480493 489734604 463480464
4809427275300995176,495400618 489753829 495399934 489734604 495400576 463480539
4809574997332066524,495399700 495400314 495400385 495400155 495400341 495400431
4809989512965390542,463480694 495252594 495251097 495251659 463480242 495263416
4810217337821069648,463480691 463480213 463480235 463480214 463480457 463480665
4810965212313944067,495401664 463480337 463480665 495401138 463480358 495400939
4811010551606149535,463480466 495399912 495399934 489734604 495400631 495400385
4811077415843921955,495252594 463480694 495251097 463480242 495251659 463480322
4812154842848165932,463480429.0 463480493.0 463480693.0 495400618.0 463480497.0 463480227.0
4812414213197660543,463480693 463480553 495251312 463480322 463480497 495254138
4812478249536061608,463480693 495253324 495251659 463480694 495252594 463480695
4812739647941116237,463480699 463480683 495403432 495401665 495401974 463480359
4812866889340420461,463480227 489753829 463480226 463480255 489734604 463480464
4812975341186580584,463480694 495251097 463480497 463480553 495253324 495252594
4813206348213518438,463480227 489753829 463480226 463480255 489734604 463480464
4813904146612617599,463480214 463480235 463480691 463480653 463480665 463480655
4814174782074650798,463480255 489734604 463480468 463480487 463480256 463480465
4814908053199519981,463480497 463480322 463480242 463480553 463480493 463480221
4815266968030937090,495370340 495402322 495402312 463480506 495404035 463480493
4815418642428330317,495400618 489753829 495400314 495399912 489734604 1228501633
4815808555230953704,463480497 463480322 463480242 463480553 463480493 463480221
4816063739739242664,463480235 463480213 463480665 463480359 463480457 463480214
4817129138993496171,463480429.0 463480493.0 463480693.0 495400618.0 463480497.0 463480227.0
4817432333411156301,463480227 489753829 463480226 463480255 489734604 463480464
4818421083675296004,463480553 463480322 463480693 463480694 495253324 463480679
4819311803356152121,463480493 463480226 463480346 463480213 463480210 463480227
4821879182842134592,463480493 495264589 463480221 495264479 495264235 463480694
4828189022732943726,463480465 489734604 463480256 463480255 463480464 463480468
4829236238993063955,463480227 489753829 463480226 463480255 489734604 463480464
4829313570670641373,463480359 463480355 463480356 463480358 495400939 495401665
4829654390417653998,463480493 463480226 463480346 463480213 463480210 463480227
4830846658857402372,463480255 489734604 463480468 463480487 463480256 463480465
4830879795369738406,463480696 495264479 495264589 495255157 495257134 463480493
4831156534551773517,495255157 495254783 495264589 495264479 495400618 463480273
4831688573950886221,463480497 463480322 463480242 463480553 463480493 463480221
4832004822983507973,463480429 463480359 463480355 463480227 463480224 463480214
4832877176120934549,463480466 495399912 489734604 495400576 463480697 495399934
4833868283719188532,463480553 463480497 463480322 495251312 495252594 495253324
4833897160639250472,463480497 463480553 495251312 463480322 495252594 495251097
4834228821551480924,463480693 463480553 495251312 463480497 463480322 463480221
4835185369651347467,463480693 463480242 463480679 495250885 495252594 495253660
4836232137378103352,463480227 489753829 463480226 463480255 489734604 463480464
4837966100494287008,463480493 463480273 495254783 495255157 495264803 463480696
4838495775635800190,463480553 463480322 495251312 463480679 495252594 495251659
4838524008479588455,463480227 489753829 463480226 463480255 489734604 463480464
4838853898757996712,463480227 489753829 463480226 463480255 489734604 463480464
4839029945205260436,463480429 463480223 495277605 494343225 463480224 463480225
4840092765360226631,463480497 463480242 463480553 495251312 463480342 463480693
4840975343776432531,463480221 463480497 463480322 463480242 463480493 463480679
4841062387282345992,463480497 463480322 463480242 463480553 463480493 463480221
4841063986898927729,463480227 489753829 463480226 463480255 489734604 463480464
4841298320806903827,463480227 489753829 463480226 463480255 489734604 463480464
4841655940801626305,463480497 463480322 463480273 463480242 463480679 463480493
4841746985611428033,463480221 463480497 463480322 463480242 463480493 463480679
4841763595682840768,489734604 463480697 463480466 463480255 463480487 463480464
4842046023756677246,463480227 489753829 463480226 463480255 489734604 463480464
4842267155721617552,463480359 463480355 463480356 463480358 495400939 495401665
4842523629574684972,463480429.0 463480493.0 463480693.0 495400618.0 463480497.0 463480227.0
4843443645483057298,463480497 463480322 463480242 463480553 463480493 463480221
4843572273082532139,463480497 463480322 463480242 463480553 463480493 463480221
4843696594362040348,463480553 463480322 495252594 495251312 463480497 495251659
4843760195778380041,463480227 489753829 463480226 463480255 489734604 463480464
4843899793714708641,463480493 463480226 463480346 463480213 463480210 463480227
4844296103460602042,463480497 463480322 463480242 463480553 463480493 463480221
4846202820674191413,463480429.0 463480493.0 463480693.0 495400618.0 463480497.0 463480227.0
4847889690689011913,495400939 495401664 463480665 495401138 463480355 463480358
4849771071942950943,463480497 463480322 463480242 463480553 463480493 463480221
4853049794073723241,463480227 489753829 463480226 463480255 489734604 463480464
4853319378951209177,463480210 463480359 495260496 495366540 463480457 463480224
4853746241078034765,463480213 463480214 463480691 495404000 463480693 463480457
4853829654859219223,463480392 463480389 463480684 495370340 463480429 463480224
4854349970023907662,463480358 463480355 495401665 463480484 495401146 495400939
4854677602595504209,495400618 489753829 495400314 495399912 489734604 495400624
4855639625299394641,463480694 463480497 495251312 463480322 495251097 495251659
4855838973144072385,463480497 463480322 463480242 463480553 463480493 463480221
4855997277052862845,463480227 489753829 463480226 463480255 489734604 463480464
4856165171414433870,463480694 495252594 495251097 463480242 495251659 463480497
4856509437430464880,495399700 495399934 495399912 495400043 463480693 495400618
4856699592869151129,463480493 463480226 463480359 463480472 495260496 495399820
4857059111035207786,463480235 463480665 463480359 463480457 463480453 463480259
4857209847785455727,463480359 463480355 463480356 463480358 495400939 495401665
4858232411541995839,463480497 463480273 463480242 463480322 463480342 463480493
4858323020743180588,463480227 463480236 495400618 463480466 463480482 463480677
4858750782527504770,489734604 463480697 463480466 463480255 463480487 463480464
4859176837580325105,463480493 463480226 463480346 463480213 463480210 463480227
4859384734606950693,495400635 463480475 495399912 463480468 463480473 495399719
4859449054185914449,463480359 463480665 495401664 495400939 463480493 463480224
4859507035505951033,463480694 495252594 495251097 463480242 495251659 463480497
4859597597162078272,463480497 463480322 463480242 463480553 463480493 463480221
4861422916527456373,463480227 489753829 463480226 463480255 489734604 463480464
4861693892248731913,463480227 489753829 463480226 463480255 489734604 463480464
4861903037418176660,463480429 463480359 463480665 463480223 463480553 494343225
4862492806316294273,463480213 463480214 463480691 463480235 463480457 463480359
4862499705126388128,463480693 463480553 495251312 463480497 463480322 463480221
4865448155821899862,463480466 463480256 463480697 463480471 463480539 463480465
4865852589091061851,463480421 495367696 495369131 463480420 495370340 463480417
4866691136901873861,463480227 489753829 463480226 463480255 489734604 463480464
4866976520310882577,495401665 463480484 463480358 495401146 463480356 495400939
4873587990381461585,463480227 489753829 463480226 463480255 489734604 463480464
4874685614252622035,463480429 463480225 463480224 463480223 495277614 463480481
4874693225795551444,463480466 495400576 489734604 495399934 495400385 463480697
4874974135816028547,463480446 463480447 1228501633 463480493 463480359 463480665
4875831675268628558,463480227 489753829 463480226 463480255 489734604 463480464
4876016425566732615,463480213 463480214 463480691 463480235 463480457 463480359
4876694209310752861,463480227 489753829 463480226 463480255 489734604 463480464
4877071171175055616,463480694 495252594 495251097 463480242 495251659 463480497
4877449039179677777,463480429 463480225 463480224 463480223 495277614 463480481
4878086523023786028,463480227 489753829 463480226 463480255 489734604 463480464
4878590149084840212,463480223 463480481 463480224 463480665 463480225 463480670
4878711455102271849,463480429 463480225 463480224 463480223 495277614 463480481
4878776258525659304,463480322 495250885 463480553 495251312 463480694 463480693
4879566354103664697,463480693 463480553 463480322 495251312 463480694 495251659
4879814055121912149,495400939 495401664 463480665 495401138 463480355 463480358
4880692603798683651,463480429 463480359 463480355 463480227 463480224 463480214
4880793610975707332,463480359 463480355 463480356 463480358 495400939 495401665
4880794328476942537,463480322 463480694 463480553 463480693 463480679 463480221
4882061591986569365,463480227 489753829 463480226 463480255 489734604 463480464
4882902184525037809,463480429.0 463480493.0 463480693.0 495400618.0 463480497.0 463480227.0
4884001409540817215,463480497 463480322 463480242 463480553 463480493 463480221
4884213331214729231,495368385 463480213 495370340 463480418 495370032 463480417
4885048250170867964,463480227 489753829 463480226 463480255 489734604 463480464
4885496307844382939,463480497 463480322 463480242 463480553 463480493 463480221
4890596901851758688,463480359 463480355 463480356 463480358 495400939 495401665
4895584211585466466,463480497 463480322 463480242 463480553 463480493 463480221
4895803695374270698,463480227 489753829 463480226 463480255 489734604 463480464
4898164216853430638,463480227 489753829 463480226 463480255 489734604 463480464
4899213563533459828,463480227 489753829 463480226 463480255 489734604 463480464
4900111903951159500,495277303 495277184 495277192 495277293 495369801 463480322
4900744752382869585,495400618 489753829 463480227 463480697 495399934 463480677
4901099239573029213,489753829 463480227 463480677 495400618 463480697 463480464
4901747072616890518,463480429 463480225 463480224 463480223 495277614 463480481
4901836465880694860,463480497 463480322 463480242 463480553 463480493 463480221
4901857816074518764,463480683 495401665 495403354 463480484 463480356 495277303
4902056882509447380,463480497 463480322 463480242 463480553 463480493 463480221
4902341657928925405,463480212 463480452 463480589 463480429 463480225 463480214
4902801694452613244,463480213 463480214 463480691 463480235 463480457 463480359
4903446330624442801,463480497 463480322 463480242 463480553 463480493 463480221
4903527680861274270,463480381 463480228 495277303 495369801 495277184 495266185
4903805562824949840,489753829 463480466 463480539 463480227 463480256 463480464
4904490739200426037,463480497 463480322 463480242 463480553 463480493 463480221
4904855785405153410,495264589 495254783 495255157 463480493 495264479 495257134
4905280204897517717,495254783 495264479 495264589 495257134 495264803 463480693
4906026542824423577,463480358 495401665 463480355 463480484 495401146 495400939
4906056491117052181,463480227 489753829 463480226 463480255 489734604 463480464
4906766020126965996,463480359 463480355 463480356 463480358 495400939 495401665
4907604001859568009,463480429 463480225 463480224 463480223 495277614 463480481
4907738025778741624,463480493 463480226 463480346 463480213 463480210 463480227
4908529355862835468,463480221 463480226 495260496 463480359 463480337 1228501633
4908892228610162770,495401665 463480355 463480358 463480356 463480589 463480484
4909117768892678428,463480227 489753829 463480226 463480255 489734604 463480464
4909264461680607429,463480240 463480227 463480465 463480226 463480467 463480487
4909513401500172699,495401665 463480484 495401146 463480683 495400939 495403408
4910364486607569042,463480227 489753829 463480226 463480255 489734604 463480464
4910513939949551950,495277303 495277184 495277192 495277293 495369801 463480322
4912256822630154625,463480227 489753829 463480226 463480255 489734604 463480464
4918647754695901205,463480497 463480322 463480242 463480553 463480493 463480221
4918845297647943684,463480227 489753829 463480226 463480255 489734604 463480464
4920084029889052908,463480227 463480539 489753829 463480464 463480256 463480697
4920326391249502316,463480472 463480226 463480493 463480658 463480237 463480471
4920715555088367872,463480693 495253324 495251659 495251312 463480694 495252594
4920871368552874314,463480255 489734604 463480468 463480487 463480256 463480465
4921510013652435112,463480468 463480472 463480486 463480476 463480362 463480465
4921647470532624610,463480429.0 463480493.0 463480693.0 495400618.0 463480497.0 463480227.0
4921693728539672909,463480694 463480497 463480322 495252594 495250885 495251097
4922222878677532892,463480466 489734604 463480242 463480694 463480697 495403982
4922290485643706547,463480227 489753829 463480226 463480255 489734604 463480464
4922867753352167669,463480227 495400618 463480488 463480236 463480468 463480466
4923658406825033869,463480497 463480322 463480242 463480553 463480493 463480221
4923800466310037522,463480497 463480322 463480242 463480553 463480493 463480221
4924087482381500602,463480697 463480466 463480255 489734604 463480464 463480227
4924464920257364009,463480497 463480322 463480242 463480553 463480493 463480221
4924661023486509074,463480240 463480227 463480465 463480226 463480467 463480487
4924860366964916617,463480227 489753829 463480226 463480255 489734604 463480464
4924953777350115338,495404008 495403990 463480346 495403982 463480493 463480483
4924970320884662358,495250885 463480693 495251312 463480497 463480695 463480322
4925181362086346926,463480210 463480359 463480457 463480665 463480212 463480429
4925334470508413096,463480212 463480452 463480589 463480429 463480225 463480214
4925918069325824393,463480213 463480214 463480653 463480359 463480405 463480452
4926149876181369029,463480429.0 463480493.0 463480693.0 495400618.0 463480497.0 463480227.0
4926176372078936247,489753829 463480227 489734604 495400618 463480539 463480471
4926342358882582677,495400618 495264803 495254783 495264479 495264589 495399934
4926837261694140792,463480497 463480322 463480242 463480553 463480493 463480221
4928029367609065583,463480358 463480589 495401146 463480356 495403408 495403168
4928121883640463616,463480213 463480214 463480691 463480235 463480457 463480359
4928146289334681917,463480227 489753829 463480226 463480255 489734604 463480464
4928523028507656381,495400618 489753829 463480464 463480539 495399934 495400576
4929102246982713455,463480693 495254783 495264479 463480694 495264589 495251097
4929218610200052035,463480359 463480355 463480356 463480358 495400939 495401665
4929291582224990351,463480693 463480694 463480322 495253660 495251312 463480497
4929354962740969717,463480693 463480694 463480322 495251097 463480497 495253660
4929442645552136447,495401665 463480694 463480355 495403354 463480358 495403163
4929554524087517333,463480553 463480693 495251097 463480322 495255340 495264774
4931351975284703281,463480493 495264235 495264589 495402010 463480226 463480691
4932137919025774735,463480497 463480322 463480242 463480553 463480493 463480221
4932257644510445883,463480322 463480342 463480497 463480693 463480679 463480362
4932485250193555584,463480227 489753829 463480226 463480255 489734604 463480464
4933731368640184569,463480210 463480359 463480457 463480665 463480212 463480429
4933766835214745642,463480543 463480221 495260496 463480240 463480472 463480359
4941350074463813636,495400618 489753829 495400385 495400576 495400431 463480464
4942071605559034186,463480359 463480355 463480356 463480358 495400939 495401665
4944228336339779946,463480355 463480484 463480356 463480466 463480693 495264589
4945460601375948920,463480683 495403168 463480699 495403326 495403163 463480407
4945954668908904767,495254783 495401146 463480693 495264479 495264589 463480358
4946330036247461952,463480231 463480223 463480429 463480694 463480227 1231113729
4946483779449126991,463480693 495251312 495250885 463480553 463480322 463480497
4946775363230367770,463480497 463480273 463480242 463480322 463480342 463480493
4947389556589330561,463480227 495400618 463480677 463480543 463480221 463480464
4947466826086351186,463480212 463480452 463480589 463480429 463480225 463480214
4948000492150587647,463480429 463480225 463480224 463480223 495277614 463480481
4948270377819701313,463480497 463480322 463480242 463480553 463480493 463480221
4948350466234515477,463480213 463480214 463480691 463480235 463480457 463480359
4948906471289782599,463480429 463480225 463480224 463480223 495277614 463480481
4949079594557767929,463480322 495251312 495251659 463480242 463480695 463480679
4949903628454068600,463480497 463480322 463480242 463480553 463480493 463480221
4949917173680177372,463480355 463480589 463480356 463480683 495403354 495401146
4950236758597959709,463480226 463480472 463480221 463480658 463480543 463480359
4950355581068116249,463480472 463480226 463480493 463480658 463480237 463480471
4950823777472610513,463480223 463480481 463480224 463480665 463480225 463480670
4951433565198352480,463480429 495277614 463480224 463480481 463480210 489753829
4951572667729969476,463480355 463480589 463480358 495401146 495403408 463480356
4952477763453583542,463480359 495401665 495401146 463480484 463480356 495401664
4952727179497832623,495401665 463480355 495400939 463480665 495401146 463480358
4953291275533287589,489734604 463480255 463480256 463480468 463480487 463480464
4953429495348723905,463480484 495400939 463480358 463480355 495401138 463480589
4953450712268013862,495400939 495401665 463480355 495401138 463480665 463480358
4953453210923172137,463480242 463480693 495250885 495251312 463480553 495252594
4954349224696742003,463480429.0 463480493.0 463480693.0 495400618.0 463480497.0 463480227.0
4960898151161528606,463480213 463480691 463480214 463480457 495493336 463480359
4965256182045081690,463480497 463480322 463480242 463480553 463480493 463480221
4965694015097274479,463480359 463480355 463480356 463480358 495400939 495401665
4966645905411801381,495404008 495403990 495403982 463480346 463480483 463480457
4967743868391653666,463480497 463480322 463480242 463480553 463480493 463480221
4967768460615221553,463480213 463480453 463480259 463480235 463480359 463480457
4968155745808810103,463480497 463480322 463480242 463480553 463480493 463480221
4968193586094145901,463480693 463480362 495264005 495250885 463480555 495264774
4968701400381391143,463480429.0 463480493.0 463480693.0 495400618.0 463480497.0 463480227.0
4969497332554137766,463480471 1228501633 489734604 463480467 463480464 463480255
4969997844163067963,463480227 489753829 463480226 463480255 489734604 463480464
4970219630098645354,463480429 463480224 463480242 463480694 463480497 463480322
4970588553838329997,489753829 463480227 463480677 495400618 463480697 463480464
4971293276793733198,463480693 463480322 463480694 463480679 495253324 495251659
4971515217288102119,463480359 463480355 463480356 463480358 495400939 495401665
4972463023311814679,463480497 463480322 463480242 463480553 463480493 463480221
4973227274193862668,463480497 463480322 463480242 463480553 463480493 463480221
4973343375272968554,463480694 463480322 463480242 463480342 463480553 495252594
4973453372902342754,463480497 463480322 463480242 463480553 463480493 463480221
4973649911296819263,463480497 463480322 463480242 463480553 463480493 463480221
4976267603742032146,463480429 463480225 463480224 463480223 495277614 463480481
4977364671370625106,463480543 463480221 495260496 463480226 495255157 495254783
4979202512515760396,463480227 489753829 463480226 463480255 489734604 463480464
4979566584272257044,463480227 489753829 463480226 463480255 489734604 463480464
4984778127352529043,463480227 489753829 463480226 463480255 489734604 463480464
4988378560037912776,463480322 463480242 463480497 463480641 463480679 463480362
4989069089141948477,495400939 463480658 463480486 463480359 463480639 463480226
4989371369088090332,463480693 495277614 495251097 463480224 463480429 463480694
4989746081589362837,495401997 495402268 495402258 495402176 463480693 495252594
4989776759436869760,463480429 495277614 463480224 489753829 463480223 463480210
4989842028321832970,463480429 463480225 463480224 463480223 495277614 463480481
4990021030740230462,463480322 463480342 463480497 463480693 463480679 463480362
4990080279895343362,495400939 495401664 463480665 495401138 463480355 463480358
4990339414781067443,489753829 463480227 495400618 463480697 463480694 463480677
4990530819012165758,463480694 495251097 495253324 463480497 495259045 495263416
4990590993880056031,463480210 463480359 463480457 463480665 463480212 463480429
4990594743770546221,463480336 463480338 463480340 463480540 463480544 463480550
4990910880706723873,463480429 463480224 463480223 463480210 489753829 495400618
4992651404319654254,495401665 463480359 463480355 495400939 463480358 463480484
4993112211678298321,463480392 463480389 463480684 495370340 463480429 463480224
4993142602964926543,463480429 463480225 463480223 463480210 495366540 463480481
4993563172659528065,463480497 463480322 463480242 463480553 463480493 463480221
4993932187794931791,463480227 489753829 463480226 463480255 489734604 463480464
4993949619298500893,495400618 489753829 495400155 495400314 1228501633 495399934
4994240875599757353,463480213 463480214 463480691 463480235 463480457 463480359
4994262685283516671,463480227 489753829 463480226 463480255 489734604 463480464
4994484209910284420,463480497 463480322 495254783 463480242 495255157 463480694
4994953479594180828,463480693 463480468 463480694 463480553 495400618 463480322
4995210535007158351,495250885 463480694 495251312 463480322 463480693 495255645
4995629878536306981,463480677 1228501633 463480493 463480227 463480471 463480543
4996182526764253263,463480553 495251312 495252594 463480497 463480322 495251659
4996487406093598799,463480336 463480338 463480340 463480540 463480544 463480550
4998017533123231802,463480429.0 463480493.0 463480693.0 495400618.0 463480497.0 463480227.0
4998135795475021842,489753829 463480227 495400618 463480471 463480539 463480677
4998962770637750515,495401665 463480484 495401146 463480359 495400939 495400618
4999678821928271905,463480497 463480322 463480242 463480553 463480493 463480221
4999916491887870049,463480227 489753829 463480226 463480255 489734604 463480464
5000251401488302210,463480497 463480322 463480242 463480553 463480493 463480221
5000408988172157116,463480543 463480221 495260496 463480226 495255157 495254783
5002408040840823166,463480471 1228501633 489734604 463480467 463480464 463480255
5002463036111061082,463480429.0 463480493.0 463480693.0 495400618.0 463480497.0 463480227.0
5002489626728857823,463480497 463480322 463480242 463480553 463480493 463480221
5003290675344310357,463480683 495401665 463480356 495403354 463480693 463480484
5004035987104596142,463480497 463480322 463480694 1526098025 463480695 463480553
5004059275336876374,495400618 489753829 495400314 489734604 463480658 495399912
5009737464341332047,463480242 463480693 463480221 463480553 463480694 463480362
5009878106527236360,463480429 463480225 463480224 463480223 495277614 463480481
5010768161340391636,463480497 463480322 463480242 463480553 463480493 463480221
5013296557289111914,463480429 495277614 463480224 463480223 489753829 463480210
5013338702157709417,463480213 463480214 463480691 463480235 463480457 463480359
5014309556077461600,463480227 489753829 463480226 463480255 489734604 463480464
5014580582519930928,463480497 463480322 463480242 463480553 463480493 463480221
5014581512199733468,463480693 463480553 463480694 495253324 495259045 495263416
5015059971695182113,463480693 495251312 495251097 495399700 495252594 495401664
5015211568059908292,463480693 463480553 495253324 495259045 463480694 463480497
5015517836269584411,463480322 463480679 463480221 463480693 463480553 463480694
5015594682936459527,463480683 463480699 463480589 463480374 463480356 463480379
5016062324750417992,463480497 463480322 463480242 463480553 463480493 463480221
5016192031461212226,495401665 495403326 463480374 463480358 495403168 495403165
5017454461032857724,495519088 495519179 495519080 495519057 495519114 495518869
5017543858081497311,463480497 463480322 463480242 463480553 463480493 463480221
5017802157007044786,463480493 463480543 495400939 495400618 463480358 463480359
5018665708354273325,495277303 495277293 495277202 495369801 463480227 463480689
5020663555231318397,463480227 489753829 463480226 463480255 489734604 463480464
5021918940601254064,463480497 463480322 463480242 463480553 463480493 463480221
5022459696732963148,463480652 463480670 463480429 463480210 463480224 463480482
5023967676740141224,463480255 463480468 463480256 463480487 489734604 463480465
5025340860529377412,463480273 463480497 463480242 463480493 463480223 463480481
5025406898160271652,463480497 463480273 495254783 495255157 463480242 463480493
5026711085061505085,463480466 489753829 463480471 489734604 463480227 463480256
5028927413971845422,463480359 463480355 463480356 463480358 495400939 495401665
5032714336731660388,463480322 463480679 463480221 463480693 463480553 463480694
5032752184512741554,463480227 489753829 463480226 463480255 489734604 463480464
5032996195118874751,463480553 463480497 463480322 463480693 463480221 495251312
5034057285144150354,463480677 463480464 463480467 463480539 489753829 489734604
5034605884276211791,463480497 463480322 463480242 463480553 463480493 463480221
5035173691515207951,463480472 463480226 463480493 463480658 463480237 463480471
5035313215757353215,463480694 495250885 495251312 495399946 463480693 463480322
5035379484936896591,463480497 495256039 1526098025 463480322 463480553 495251312
5035594384913203337,463480471 463480256 463480464 463480468 463480697 463480487
5038180850251071787,463480227 489753829 463480226 463480255 489734604 463480464
5038264125735043263,463480497 463480322 463480242 463480553 463480493 463480221
5039263138783166705,463480227 489753829 463480226 463480255 489734604 463480464
5039344802237251733,463480227 489753829 463480226 463480255 489734604 463480464
5039743475997737325,463480683 463480699 463480589 463480374 463480356 463480379
5040039746627961166,463480227 489753829 463480226 463480255 489734604 463480464
5040063698348015871,463480227 489753829 463480226 463480255 489734604 463480464
5040628167908786562,463480358 495401146 463480589 463480484 463480356 495400939
5041192271824290047,463480359 463480355 463480356 463480358 495400939 495401665
5042508529787207721,463480493 463480226 463480346 463480213 463480210 463480227
5042562980009738581,463480359 463480355 463480356 463480358 495400939 495401665
5042688533300510721,463480472 463480226 463480493 463480658 463480237 463480471
5043983288170447051,463480497 463480273 463480242 463480322 463480342 463480493
5045011121959600245,463480227 489753829 463480226 463480255 489734604 463480464
5046762437250908461,463480227 463480539 489753829 463480464 463480256 463480697
5051725969578786987,463480227 489753829 463480226 463480255 489734604 463480464
5053981918965792956,463480429 495277614 463480224 463480223 489753829 463480210
5057283517838000407,463480493 463480226 463480346 463480213 463480210 463480227
5057441991653064783,463480227 463480539 489753829 463480464 463480256 463480237
5057646277712937039,495402254 495402010 495402258 495253660 495252594 463480693
5057747902586159438,463480693 463480322 463480553 463480221 495251312 463480342
5058014639176286520,463480446 463480447 1228501633 463480493 463480359 463480665
5058606400561480014,463480322 463480693 463480221 463480553 463480342 463480694
5059415153375969321,463480227 489753829 463480226 463480255 489734604 463480464
5059920052849213623,463480227 489753829 463480226 463480255 489734604 463480464
5060439790004994206,463480227 489753829 463480226 463480255 489734604 463480464
5060526990843969750,463480497 463480322 463480242 463480553 463480493 463480221
5061426549248753884,495400618 495400576 495400385 463480487 495399975 463480464
5061491082445455509,463480466 463480697 463480227 463480223 463480693 489734604
5061527207061487768,463480497 463480693 463480694 463480242 463480679 495253660
5061791244108169582,463480227 489753829 463480226 463480255 489734604 463480464
5062187318449799341,495404008 495403990 495404000 495403982 463480489 463480475
5062242240282230815,463480255 463480466 463480471 463480539 489753829 463480227
5062611974017778004,463480497 463480322 463480242 463480553 463480493 463480221
5062668932472897653,463480497 463480322 463480242 463480553 463480493 463480221
5063098822467780837,463480359 463480355 463480356 463480358 495400939 495401665
5063364268687622223,463480466 495399934 495400576 463480697 489734604 495399912
5063381925633720521,463480322 463480694 463480497 463480693 463480242 495251312
5063921671457210660,463480497 463480322 463480242 463480553 463480493 463480221
5064096923176665142,463480472 463480226 463480493 463480658 463480237 463480471
5065476963253879108,463480429 463480225 463480224 463480223 495277614 463480481
5065504462778925093,463480429.0 463480493.0 463480693.0 495400618.0 463480497.0 463480227.0
5065768728309530879,463480429 495277614 463480224 463480223 489753829 463480210
5067124575182782772,463480429.0 463480493.0 463480693.0 495400618.0 463480497.0 463480227.0
5068752327685177423,463480497 463480322 463480242 463480553 463480493 463480221
5071123219316736223,495400939 495401664 463480665 495400635 463480457 495493945
5079105485769015462,463480227 489753829 463480226 463480255 489734604 463480464
5079444877981515782,463480429 495277614 463480224 489753829 463480223 463480210
5080297328214016066,463480235 463480213 463480457 463480359 495400618 463480665
5081706864109420641,463480429 495277614 463480224 489753829 463480223 463480210
5081987704655184149,463480346 463480483 463480359 495404000 495403990 463480350
5082224821275197455,463480429 463480225 463480224 463480223 495277614 463480481
5082328164474552399,463480497 463480273 463480242 463480322 463480342 463480493
5082783201135427797,463480213 463480214 463480691 463480235 463480457 463480359
5084459752942993596,463480227 489753829 463480226 463480255 489734604 463480464
5085331326441357546,495400939 463480639 463480359 463480506 495401665 463480211
5085339444389871765,495402268 495402254 495401997 495402176 495400618 489734604
5086057430480322622,463480493 495264589 495254783 495264479 463480221 463480696
5086300176049504318,463480359 463480355 463480356 463480358 495400939 495401665
5086615327059214479,463480227 489753829 463480226 463480255 489734604 463480464
5086628505580994850,495520990 463480235 495519088 495519119 495519046 495519080
5087237137271881905,463480693 463480322 463480497 495251312 495251659 463480242
5088348659135545396,463480358 463480356 463480541 463480621 463480685 463480355
5088423079937835370,495400618 489753829 463480697 463480227 463480677 463480213
5089062589063757830,463480214 463480235 463480691 463480665 463480453 463480452
5089294283244830940,463480429 495277614 463480224 463480223 489753829 463480210
5089731822990655593,463480543 463480221 495260496 463480226 495255157 463480359
5092736807147143457,463480429 463480359 463480355 463480227 463480224 463480214
5093035706823475497,463480227 489753829 463480226 463480255 489734604 463480464
5093167155316261232,463480227 489753829 463480226 463480255 489734604 463480464
5093175384642420850,495399700 489753829 463480539 463480227 495399934 495400043
5093407232894959828,463480497 463480322 463480242 463480553 463480493 463480221
5094499173827608830,463480227 489753829 463480226 463480255 489734604 463480464
5095047531737645321,463480497 463480322 463480242 463480553 463480493 463480221
5099456974630682838,463480689 463480694 463480693 463480553 463480362 463480355
5100461752154325136,463480497 463480322 463480242 463480553 463480493 463480221
5101994469291196493,463480227 489753829 463480226 463480255 489734604 463480464
5102569164814155855,495265949 463480493 463480322 495265868 495399681 463480447
5102784442895171888,463480227 489753829 463480226 463480255 489734604 463480464
5103064466702467265,463480699 495401665 495403168 495403326 463480693 495401146
5103718929278959738,463480322 463480342 463480497 463480693 463480679 463480362
5103786807552377113,463480429.0 463480493.0 463480693.0 495400618.0 463480497.0 463480227.0
5103900733069852711,463480242 463480497 463480553 463480342 463480694 463480362
5104270893756449023,463480336 463480338 463480340 463480540 463480544 463480550
5104650850526298411,463480227 489753829 463480226 463480255 489734604 463480464
5104779547141210206,463480677 1228501633 463480493 463480227 463480471 463480543
5104793637836816442,463480227 489753829 463480226 463480255 489734604 463480464
5106536877177962575,463480359 463480355 463480356 463480358 495400939 495401665
5106862025046753558,463480652 463480670 463480429 463480210 463480224 463480482
5107107202788753640,463480227 489753829 463480226 463480255 489734604 463480464
5107203730654888228,463480429.0 463480493.0 463480693.0 495400618.0 463480497.0 463480227.0
5107945592336941377,489734604 463480227 489753829 495277192 495277293 463480693
5108088232274296892,463480487 463480465 463480539 463480320 463480255 463480697
5108203369652814128,495401370 495401665 463480484 463480421 495490838 495490943
5108488720908812404,463480429.0 463480493.0 463480693.0 495400618.0 463480497.0 463480227.0
5108563758700822678,463480497 463480322 463480242 463480553 463480493 463480221
5108827947657068852,463480693 463480553 463480322 495251312 463480221 463480679
5109114674109480989,463480227 489753829 463480226 463480255 489734604 463480464
5109160679100907869,463480322 463480342 463480497 463480693 463480679 463480362
5109267411985236153,463480226 495400618 463480486 489753829 463480471 463480677
5109572154646855808,463480497 463480322 463480242 463480553 463480493 463480221
5109843435408851159,463480429 463480225 463480224 463480223 495277614 463480481
5109981160389738532,463480429.0 463480493.0 463480693.0 495400618.0 463480497.0 463480227.0
5110108741958107247,463480227 489753829 463480226 463480255 489734604 463480464
5110723742426988842,463480227 489753829 463480226 463480255 489734604 463480464
5110912392710586603,463480227 489753829 463480226 463480255 489734604 463480464
5110958859364335848,463480497 463480322 463480242 463480553 463480493 463480221
5111228886564470897,463480429 463480225 463480224 463480223 495277614 463480481
5111290695322435740,495264803 495254783 495255157 463480696 463480493 463480693
5111585946616201505,463480213 463480214 463480691 463480235 463480457 463480359
5112261108350582785,463480240 463480472 463480486 463480493 463480473 463480543
5112411690919002171,463480227 463480238 463480464 463480465 463480466 463480467
5112624141253738679,463480487 463480236 463480677 463480464 463480543 1228501633
5113771634399117624,463480683 495403168 495403326 495403163 463480699 463480407
5113785180106784837,495402788 463480213 463480214 463480215 463480216 463480258
5114787715709403448,463480223 463480225 463480481 463480210 495277605 463480665
5114914692357423389,463480670 463480210 463480429 463480452 463480219 463480481
5115502925403652347,463480497 463480322 463480242 463480553 463480493 463480221
5115714520015700171,463480381 463480228 495277303 495369801 495277184 495266185
5115997572489805959,495368385 495369131 495370032 495368107 495399681 495368878
5116111076210507940,463480227 489753829 463480226 463480255 489734604 463480464
5116158641264918734,463480497 463480322 463480242 463480553 463480493 463480221
5116870421997158701,463480227 489753829 463480226 463480255 489734604 463480464
5118661040442966027,463480429 463480225 463480224 463480223 495277614 463480481
5120224315670528143,463480683 463480699 463480589 463480374 463480356 463480379
5120616622677295206,463480429 463480225 463480224 463480223 495277614 463480481
5123827883698815161,463480227 463480539 489753829 463480464 463480256 463480697
5124346180772560996,463480227 463480539 489753829 463480464 463480256 463480697
5124552922383777818,463480223 463480481 463480224 463480665 463480670 463480227
5124712592089547060,495400939 495401664 463480665 495401138 463480355 463480358
5125017575142457351,463480429 463480359 463480355 463480227 463480224 463480214
5125787073096450289,463480381 463480228 495277303 495369801 495277184 495266185
5126176064436174980,463480497 463480322 463480242 463480553 463480493 463480221
5126179188026114386,463480509 495515791 495512082 495512445 495514334 495512363
5127037918660788318,463480497 463480322 463480242 463480553 463480493 463480221
5127280853757722972,463480429 463480225 463480224 463480223 495277614 463480481
5127664721531502698,463480240 463480227 463480465 463480226 463480467 463480487
5128530763069522228,495252594 463480693 495251312 495255645 495251097 495256989
5128576144019816533,463480227 489753829 463480226 463480255 489734604 463480464
5128614010561495161,463480227 489753829 463480226 463480255 489734604 463480464
5128695776175194235,463480226 463480227 495260496 1228501633 463480214 495400618
5128769145837715472,463480227 489753829 463480226 463480255 489734604 463480464
5130697731629908105,463480346 495403990 463480483 495403982 495404008 463480489
5131025661639262304,463480466 463480471 489734604 463480677 463480468 463480464
5131025956882088030,463480227 489753829 463480226 463480255 489734604 463480464
5131109242496352325,463480486 463480226 495399820 495399966 1228501633 463480471
5131262682393477355,495400618 1228501633 495399997 495399975 495400155 463480472
5131791716353048780,495267299 495265868 495265942 495266964 495265949 495277184
5131935174140100703,463480429 463480223 495277605 494343225 463480224 463480210
5131961007983034661,463480497 463480322 463480242 463480553 463480493 463480221
5132169520889200948,463480429 495277614 463480224 489753829 463480223 463480210
5132246575749529748,463480493 463480226 463480346 463480213 463480210 463480227
5133204441083412607,489753829 463480227 463480677 495400618 463480697 463480464
5133634672247439427,463480693 463480553 495251312 463480497 495251659 463480322
5134163849739764035,463480429 495277614 463480224 489753829 463480223 463480210
5134754077184884947,463480543 463480221 495260496 463480226 495255157 495254783
5135024983960453159,463480273 463480589 463480497 463480356 463480358 463480493
5135590670827520193,463480359 463480355 463480356 463480358 495400939 495401665
5136338580304298224,463480322 463480342 463480497 463480693 463480679 463480362
5137290178102296736,463480497 463480322 463480242 463480553 463480493 463480221
5137714612744749132,463480497 463480322 463480242 463480553 463480493 463480221
5137824016599613584,463480227 463480466 489753829 463480471 463480256 463480539
5146635678701060272,495400618 495400576 495400385 463480487 495399975 463480464
5147225075648299166,489734604 463480487 463480539 463480227 463480468 463480255
5148382566561611835,463480227 489753829 463480226 463480255 489734604 463480464
5148612349899047157,463480227 489753829 463480226 463480255 489734604 463480464
5148780949567701001,463480466 495399912 495399934 489734604 463480697 495400576
5148829304186208554,463480429 463480359 463480665 463480223 463480553 494343225
5148888618335207603,495264479 495264589 495264803 463480221 463480694 463480273
5148986144907329580,463480223 463480481 463480224 463480665 463480225 463480670
5149334405663162503,463480493 495260496 463480227 463480226 463480322 463480214
5149759110096355638,463480213 463480691 463480653 463480346 463480429 463480665
5149800987471118584,463480231 495370032 495363656 495399681 463480677 495401665
5150005374160732182,495401665 463480355 463480358 463480484 495400939 463480359
5150323990064529671,463480497 463480322 463480242 463480553 463480493 463480221
5150369236224573650,463480429.0 463480493.0 463480693.0 495400618.0 463480497.0 463480227.0
5150527552106004591,463480227 489753829 463480226 463480255 489734604 463480464
5150806247639613692,495400618 489734604 463480697 463480464 463480487 463480539
5151663310458061133,463480213 463480214 463480691 463480235 463480457 463480359
5151773287739031810,463480497 463480322 463480242 463480553 463480493 463480221
5152195711944098096,463480226 463480543 463480240 463480221 463480677 463480359
5152701243234713657,495265868 495267299 495265942 495266964 495277184 463480322
5153621770588651693,463480255 463480487 463480256 463480464 463480466 463480697
5154031494660620611,463480497 463480322 463480242 463480553 463480493 463480221
5154032314893729971,463480213 463480214 463480691 463480235 463480457 463480359
5154227792879288575,463480429.0 463480493.0 463480693.0 495400618.0 463480497.0 463480227.0
5154768355003990174,463480227 489753829 463480226 463480255 489734604 463480464
5155308538563657793,463480227 489753829 463480226 463480255 489734604 463480464
5155452312703991987,463480322 495250885 463480693 463480694 495251312 463480553
5155626226139791590,463480429.0 463480493.0 463480693.0 495400618.0 463480497.0 463480227.0
5156124969879470125,463480227 489753829 463480226 463480255 489734604 463480464
5156194505000222878,463480236 463480464 463480539 489734604 463480677 495400618
5156236666778681407,463480429 463480225 463480224 463480223 495277614 463480481
5157462759852998901,463480429 463480225 463480224 463480223 495277614 463480481
5159368412359819365,495400618 463480474 463480476 463480677 495399820 463480487
5161523537722212355,463480466 495399912 495399934 495400576 463480697 489734604
5161543766028583148,463480227 489753829 463480226 463480255 489734604 463480464
5161715988653932704,463480227 489753829 463480226 463480255 489734604 463480464
5161774177230258253,463480699 463480589 495403168 495403210 463480359 463480358
5167379693415956486,463480322 463480694 463480497 463480693 463480242 495251312
5168419394533982227,463480346 463480483 463480359 495404000 495403990 463480350
5169530467383771294,489753829 463480429 495277614 495400618 463480697 463480223
5169538050801795137,463480227 489753829 463480226 463480255 489734604 463480464
5170139545441402893,495493530 463480336 463480338 463480340 463480540 463480544
5170182248760868983,463480464 463480677 463480539 489753829 463480467 489734604
5170213887327863028,495370340 463480389 495369801 463480429 463480322 463480553
5170536088134746270,463480694 463480322 463480553 495252594 463480242 463480483
5171036722908364824,463480429.0 463480493.0 463480693.0 495400618.0 463480497.0 463480227.0
5171073401670336519,463480693 463480362 495264005 495250885 463480555 495264774
5171164392409268403,495401665 463480355 463480356 495401146 463480683 463480484
5172018288813146463,463480493 495264235 495264589 495402010 463480226 463480691
5172238444895928658,463480691 463480214 463480452 463480405 463480655 463480359
5172379602249318482,463480493 463480226 463480346 463480213 463480210 463480227
5173074160379232494,463480429 463480225 463480224 463480223 495277614 463480481
5173382550693871628,463480359 463480355 463480356 463480358 495400939 495401665
5173427719826571280,463480481 463480224 463480227 463480670 463480225 463480221
5173582826725441859,495400618 463480697 495399912 463480255 489734604 495400043
5173590561150206009,495250885 463480694 495251312 463480322 463480693 495255645
5174610337583595579,463480359 495401664 495401146 463480355 463480356 495401665
5174665679767601364,463480221 463480543 495260496 463480226 495255157 495254783
5174762690204401843,463480589 463480355 463480358 495522303 495403168 495401146
5174802504747057393,463480227 489753829 463480226 463480255 489734604 463480464
5176033739273928851,463480464 463480465 463480255 463480539 463480487 489753829
5176207036031959394,463480497 463480322 463480242 463480553 463480493 463480221
5176275089682595930,463480227 489753829 463480226 463480255 489734604 463480464
5176280996185374912,495277192 495277293 495277184 489734604 463480693 495369801
5177076584513274111,463480497 463480322 463480242 463480553 463480493 463480221
5177466152534671471,463480429.0 463480493.0 463480693.0 495400618.0 463480497.0 463480227.0
5178348887043735632,463480497 463480322 463480242 463480553 463480493 463480221
5178661936898506809,463480683 495403354 463480694 463480589 463480374 495403165
5179105468913025072,463480652 463480670 463480429 463480210 463480224 463480482
5179206659996385294,463480227 489753829 463480226 463480255 489734604 463480464
5179392415280922954,463480497 463480322 463480242 463480553 463480493 463480221
5179670585382273145,463480497 463480322 463480242 463480553 463480493 463480221
5179768851895418960,463480683 463480699 463480589 463480374 463480356 463480379
5179813541476827294,463480374 463480683 495403354 463480589 495401665 495403326
5179872572198879555,463480694 495252594 495251097 495251659 463480242 495263416
5180215260283404626,495368385 463480213 495370340 463480418 495370032 463480417
5181302009140085099,463480497 463480322 463480242 463480553 463480493 463480221
5181731726233174297,463480468 489734604 463480464 463480256 463480255 463480465
5183000997147181111,463480322 463480679 463480242 463480694 463480693 463480342
5183222959697035525,463480683 463480699 463480589 463480374 463480356 463480379
5191940899257712681,463480322 463480242 463480497 463480641 463480679 463480362
5192488698779009126,463480497 463480322 463480242 463480553 463480493 463480221
5193199110405750834,495400939 495401664 463480665 495401138 463480355 463480358
5193223686853493027,463480493 463480240 463480472 495400635 463480543 489734604
5193255378510413870,495400939 495401664 463480665 495401138 463480355 463480358
5193461852067332202,463480497 463480322 463480242 463480553 463480493 463480221
5193576486064357400,495400939 495401664 463480665 463480691 463480213 495401138
5193607665149280610,463480374 495403326 495403168 463480683 495403408 495403296
5193664206849704222,463480255 489734604 463480468 463480487 463480256 463480465
5193979495588823271,463480429 463480225 463480224 463480223 495277614 463480481
5194315577978257751,463480374 495403163 495403168 495403354 495403408 495401665
5194445771023843368,463480227 489753829 463480226 463480255 489734604 463480464
5194599508545110088,489734604 463480697 463480466 463480255 463480487 463480464
5195020478512103612,463480227 489753829 463480226 463480255 489734604 463480464
5195047954033410131,463480227 489753829 463480226 463480255 489734604 463480464
5195049546586783794,489734604 463480697 463480466 463480255 463480487 463480464
5195329046279618695,463480465 463480464 463480240 463480256 489734604 463480493
5195696235547197712,489734604 463480697 463480466 463480255 463480487 463480464
5196387040047661412,463480227 489753829 463480226 463480255 489734604 463480464
5197003596993134653,463480346 463480483 463480359 495404000 495403990 463480350
5197071201291993442,489734604 463480697 463480466 463480255 463480487 463480464
5197133272607883487,463480227 489753829 463480226 463480255 489734604 463480464
5197619150556233810,463480677 495400618 463480487 489753829 463480658 463480466
5198188535487922410,463480227 463480539 489753829 463480464 463480256 463480697
5198413913553109210,495277303 495277293 495401665 495400618 495401146 463480484
5198573583040512139,463480429.0 463480493.0 463480693.0 495400618.0 463480497.0 463480227.0
5198613878715711750,463480355 463480484 495401146 463480589 463480356 495403408
5199094088508375112,463480227 489753829 463480226 463480255 489734604 463480464
5199950503366099266,463480227 489734604 495277192 489753829 495277293 463480471
5202069763708158000,463480227 489753829 463480226 463480255 489734604 463480464
5203840898992439412,463480497 463480322 463480242 463480553 463480493 463480221
5203871470702297159,463480683 495401665 495403354 463480356 463480484 495277303
5203986395604189419,463480227 489753829 463480256 495400618 463480255 463480471
5204866534109348017,463480497 463480322 463480242 463480553 463480493 463480221
5206725981865246954,463480227 463480539 463480464 489753829 463480256 463480237
5210234652654567442,463480497 463480322 463480242 463480553 463480493 463480221
5212764125384933636,463480322 463480497 495252594 463480694 495255645 495250885
5213058019643621436,463480240 463480227 463480465 463480226 463480467 463480487
5214532152084136247,463480471 463480256 463480464 463480468 463480487 463480697
5215202002804408619,463480683 495403168 495403163 495403326 495403354 463480694
5216255979976392711,495277192 495277293 495277184 489734604 463480693 463480358
5217475229425336497,495370340 495400618 495402871 495402847 495399696 495402859
5218726148502454430,463480652 463480670 463480429 463480210 463480224 463480482
5218889076983988268,495368385 495370340 495399681 495368107 495368878 495507390
5219364658174754817,463480227 489753829 463480226 463480255 489734604 463480464
5219373716844838945,463480227 489753829 463480226 463480255 489734604 463480464
5219509945295700093,463480677 1228501633 463480493 463480227 463480471 463480543
5220156381478781093,463480497 463480322 463480242 463480553 463480493 463480221
5220182060751388867,463480472 463480476 463480465 463480493 489734604 463480473
5220530061818462385,463480374 495403326 495403168 463480683 495403408 495403296
5220559370821828743,463480227 463480236 463480466 495400618 463480482 463480677
5221560704074776853,463480227 489753829 463480226 463480255 489734604 463480464
5222385351493943422,495277303 495277184 495277192 495277293 495369801 463480322
5222402318900658305,463480213 463480214 463480691 463480235 463480457 463480359
5222863480353718452,463480481 495277614 463480227 463480210 463480221 463480693
5223940587677024557,463480227 463480539 489753829 463480464 463480256 463480697
5223958321133519062,463480487 463480697 463480468 463480255 463480471 463480464
5224222665935159639,463480539 463480465 463480255 463480487 463480697 463480320
5224455155994066979,463480322 495252594 463480553 495251312 463480242 463480497
5224770969314787376,489753829 463480466 463480227 463480539 463480256 463480464
5225158086049136662,463480429 463480225 463480224 463480223 495277614 463480481
5226312708578607370,463480359 463480665 463480242 463480429 495367870 495401895
5226685789695639796,463480227 463480539 463480464 489753829 463480256 463480237
5227108161246462102,463480429.0 463480493.0 463480693.0 495400618.0 463480497.0 463480227.0
5229397238821421297,463480227 489753829 463480226 463480255 489734604 463480464
5230340773605539999,463480235 463480214 463480655 495493530 463480691 495400618
5235475536570482813,495266185 495267299 495266964 495266983 495277184 495277192
5236748928274661717,495254783 495255157 463480221 495264479 463480694 495264589
5237163722240688253,495400939 495401664 463480221 495401138 463480665 463480358
5237848573532438554,463480429 463480225 463480224 463480223 495277614 463480481
5238679829358575660,495400635 463480475 495399912 463480468 463480473 495399719
5238814961207607546,463480497 463480322 463480242 463480553 463480493 463480221
5238938712584487038,463480691 463480213 463480235 463480214 463480457 463480665
5239442022036406603,463480497 463480322 463480242 463480553 463480493 463480221
5239657161480732694,463480429 463480359 463480355 463480227 463480224 463480214
5239697797542838302,463480429.0 463480493.0 463480693.0 495400618.0 463480497.0 463480227.0
5239912721012752488,463480472 463480468 463480471 463480677 463480237 463480493
5240003086149747042,495400618 489753829 463480539 463480466 495399934 463480464
5240287589221794094,463480226 463480486 463480543 463480240 463480677 463480221
5240305954473377799,463480466 463480677 495400385 463480697 495400635 489753829
5240704922373849316,463480346 463480483 463480359 495404000 495403990 463480350
5241109558039412897,463480227 489753829 463480226 463480255 489734604 463480464
5241441709846167867,463480429 463480225 495400618 463480693 495276951 495250885
5241515648855834668,463480255 489734604 463480468 463480487 463480256 463480465
5241768816815636603,463480227 489753829 463480226 463480255 489734604 463480464
5241971801300140290,463480227 489753829 463480226 463480255 489734604 463480464
5242058643720372578,489734604 463480697 463480466 463480255 463480487 463480464
5242327576149491713,495400618 495400385 495399696 495399934 495400431 495400631
5242346565876842546,495400618 489753829 495399934 463480539 463480227 489734604
5243470946795520324,463480429.0 463480493.0 463480693.0 495400618.0 463480497.0 463480227.0
5243528254682562735,463480589 463480374 495403210 495401665 463480484 463480693
5243734952584937648,463480355 463480214 495370340 463480509 463480423 463480425
5244387926926164227,463480468 463480255 463480487 489734604 463480256 463480465
5244573434912702514,463480694 463480553 463480322 495259045 495251312 495263416
5244927342728184150,463480693 495251097 463480694 495259045 463480497 495263416
5244949589507965282,463480693 495253324 463480694 495251659 495252594 463480695
5245482661882888546,463480677 489753829 463480466 463480226 495400618 489734604
5246436352008126604,463480693 463480553 463480694 495253324 463480322 495259045
5246852056246386844,1228501633 463480471 463480467 489734604 463480464 463480684
5246991011013722249,463480227 489753829 463480226 463480255 489734604 463480464
5247189834003644423,463480699 495401665 463480683 495403163 495403326 495401146
5247861533744824677,463480240 463480472 463480465 463480476 463480493 463480227
5248830743070376076,463480694 495252594 463480553 463480322 495263416 463480497
5249069655878533447,463480493 463480696 495255157 495264479 495264589 463480543
5250489502475223145,463480497 463480322 463480242 463480553 463480493 463480221
5251061761042022701,463480693 463480696 463480553 495264803 495264479 463480221
5252271318299836530,463480213 463480214 463480691 463480235 463480457 463480359
5257042518092021799,463480227 489753829 463480226 463480255 489734604 463480464
5258238077130244369,463480227 489753829 463480226 463480255 489734604 463480464
5259865436212166660,463480213 463480214 463480691 463480235 463480457 463480359
5260195417804767302,463480221 463480543 495260496 463480226 495255157 495254783
5260418904875598049,463480683 495403168 463480694 495403354 463480691 463480223
5260489451973115958,463480374 495403354 495403326 495403163 495401146 463480379
5260924150997057574,463480497 463480273 463480242 463480322 463480342 463480493
5261170376375533922,495400618 463480677 463480466 489753829 495400635 495400385
5261415343089254493,494343225 463480359 495370340 463480224 495400939 489734604
5262144380594553131,463480677 495400618 463480466 489753829 463480464 463480227
5262160835842670626,463480698 1228501633 463480467 463480471 489734604 463480226
5262628727779491912,463480368 495506138 463480370 495505876 495276869 495504833
5263687370984652833,463480221 463480497 463480322 463480242 463480493 463480679
5264242798204813648,463480227 489753829 463480226 463480255 489734604 463480464
5264345525256978562,495264479 495264589 495257134 463480696 495264803 495264235
5264592702821368107,489753829 463480466 463480227 463480539 463480256 463480464
5264781905827463422,463480359 463480355 463480356 463480358 495400939 495401665
5265004817017471161,463480497 463480322 463480242 463480553 463480493 463480221
5265040915456065608,463480699 463480374 495403163 495403326 495401146 495403165
5265082937530908702,463480699 495403163 463480374 495403326 495401146 463480379
5266493318050086962,495400618 495399934 489753829 495400385 463480487 495400576
5266728994338242629,463480429 463480359 463480355 463480227 463480224 463480214
5267334724468342845,495400618 495400576 495400385 463480487 495399975 463480464
5267421499232878935,463480466 489753829 463480471 489734604 463480227 463480539
5268941834934550578,495401665 463480355 463480484 463480356 463480683 495403163
5269365333157740858,463480213 463480214 463480691 463480235 463480457 463480359
5270304539381072091,463480227 489753829 463480226 463480255 489734604 463480464
5271209109780693019,463480429.0 463480493.0 463480693.0 495400618.0 463480497.0 463480227.0
5271486292095402110,463480256 463480255 463480487 463480464 489734604 463480468
5272346740333740349,463480228 495493945 463480359 495506916 495400939 495369801
5273992970115743900,463480466 463480471 489734604 463480677 463480468 463480464
5274353943354015979,463480227 489753829 463480226 463480255 489734604 463480464
5275389196973637654,463480493 495264235 495264589 495402010 463480226 463480691
5276546777800507471,463480483 495403990 495403982 495404000 495404012 495404008
5281362630180077870,463480213 463480214 463480691 463480235 463480457 463480359
5282269607367278922,463480497 463480322 463480242 463480553 463480493 463480221
5282377165132792030,463480240 463480227 463480465 463480226 463480467 463480487
5282467821254869264,463480227 489753829 463480226 463480255 489734604 463480464
5282895146715447623,495401665 463480355 463480356 495401146 463480484 463480683
5283216269191151975,495276570 495515178 495276925 495276951 495276869 463480634
5283759280495788331,463480543 463480221 495260496 463480226 495255157 495254783
5284005748377649229,463480466 489753829 463480471 489734604 463480227 463480256
5284101449431908366,463480497 463480322 463480242 463480553 463480493 463480221
5284189248491880651,463480392 463480391 463480396 495370340 463480604 463480400
5284576671322341730,463480240 463480472 463480465 463480476 463480493 463480227
5284662024624668839,495400618 489734604 463480464 489753829 463480493 463480487
5285034762398597270,495400618 495399912 495400155 463480468 463480487 495400605
5285160498035949735,463480391 463480396 463480392 495370340 495401665 463480346
5285326461557801088,463480497 463480322 463480242 463480694 463480273 463480693
5285980735811879266,495400618 495400576 495400431 495400314 495400385 463480697
5286049557635924097,463480227 489753829 463480226 463480255 489734604 463480464
5286193053217325175,463480256 463480468 463480471 489734604 463480487 463480466
5287387088517595370,463480227 463480236 495400618 463480468 463480464 463480677
5287416060716515361,495252594 495251312 463480322 495255645 463480695 463480242
5287767509913043285,463480429 463480359 463480355 463480227 463480224 463480214
5288055843786588291,463480471 1228501633 489734604 463480467 463480464 463480255
5288098424093409405,463480677 1228501633 463480493 463480227 463480471 463480543
5289258361095979219,463480471 463480464 489734604 463480467 1228501633 463480227
5289326272682131708,463480346 463480483 463480359 495404000 495403990 463480350
5289518321496490089,463480497 463480322 463480242 463480553 463480493 463480221
5289702225398988950,463480497 463480322 463480242 463480553 463480493 463480221
5289706599702593836,495368385 463480421 495370340 495507390 495402340 463480423
5290153127383138583,463480227 489753829 463480226 463480255 489734604 463480464
5290369594310787250,463480255 489734604 463480468 463480487 463480256 463480465
5290712227504717945,463480466 463480539 489734604 463480256 489753829 463480255
5291315175358988611,463480429 463480483 463480322 495403982 463480497 495403990
5291665313952956715,463480322 463480342 463480695 463480242 495255645 495264005
5291958278442975443,463480359 463480355 463480356 463480358 495400939 495401665
5293004730391855309,463480221 463480226 463480553 463480322 463480359 495260496
5294002135672291335,463480322 463480693 463480553 463480342 495250885 463480497
5294263683710451868,463480693 463480322 463480221 463480553 463480679 495251312
5296182677387608095,495366540 463480457 463480359 463480493 463480429 463480224
5296213490484117524,463480227 489753829 463480226 463480255 489734604 463480464
5296257813858222428,463480486 463480226 495399966 463480471 463480320 495399820
5296577308544467208,463480227 489753829 463480226 463480255 489734604 463480464
5296858487697965324,463480227 489753829 463480226 463480255 489734604 463480464
5296962303958974777,463480226 463480486 495399966 463480240 463480471 463480320
5300262153387769886,463480497 463480322 463480242 463480553 463480493 463480221
5304494059793154286,463480670 463480210 463480429 463480452 463480219 463480481
5305089604155343119,463480497 463480273 463480242 463480322 463480342 463480493
5305113948060909577,463480255 489734604 463480468 463480487 463480256 463480465
5306049324018565127,463480466 489753829 489734604 463480227 463480539 463480256
5306375418028490890,463480227 489753829 463480226 463480255 489734604 463480464
5306647742238687586,463480497 463480322 463480242 463480553 463480493 463480221
5306802894460420378,463480429.0 463480493.0 463480693.0 495400618.0 463480497.0 463480227.0
5307758344845656207,463480497 463480322 463480242 463480553 463480493 463480221
5308366501575917891,463480497 463480322 463480242 463480553 463480493 463480221
5308370162428674395,463480227 489753829 463480226 463480255 489734604 463480464
5308375500639436872,463480374 463480699 495403168 495403326 463480683 495403163
5308606149662605626,463480322 495251312 495255645 463480553 463480242 495252594
5308635170750595272,489753829 463480466 463480539 463480227 463480256 463480464
5308915551223677221,463480255 489734604 463480468 463480487 463480256 463480465
5308932296871772372,463480497 463480322 463480242 463480553 463480493 463480221
5309383910014058820,463480497 463480322 463480693 463480342 463480221 495251312
5309646914906488937,463480486 463480226 495399966 463480471 463480320 495399820
5310455954946130106,495277303 495277184 495277192 495277293 495369801 463480322
5310593517718601763,463480372 463480359 495403699 463480242 495250885 463480665
5311538884415848802,463480242 495252594 463480497 463480322 463480641 495251312
5311716762594574572,463480497 463480322 463480242 463480553 463480493 463480221
5312273839196733557,463480497 463480322 463480242 463480553 463480493 463480221
5313856054362374456,463480497 463480273 463480242 463480322 463480342 463480493
5314125980063236160,495401146 495403408 463480550 463480568 495401370 495401665
5315186155748851954,463480429.0 463480493.0 463480693.0 495400618.0 463480497.0 463480227.0
5315252655798092125,463480497 463480322 463480242 463480553 463480493 463480221
5316164529764958220,463480429.0 463480493.0 463480693.0 495400618.0 463480497.0 463480227.0
5317020820192362838,463480486 463480226 463480493 495399966 463480240 1228501633
5317423570061885529,463480493 495260496 463480227 463480226 463480322 463480214
5317475650500821101,463480677 1228501633 463480493 463480227 463480471 463480543
5317524268069683300,463480213 463480214 463480691 463480235 463480457 463480359
5317988558541160643,463480213 463480214 463480691 463480235 463480457 463480359
5318440503324180624,463480322 463480694 463480497 463480693 463480242 495251312
5320382076136194349,463480493 463480486 495493336 495401665 463480473 463480475
5320965296598810797,463480471 1228501633 489734604 463480467 463480464 463480255
5326931237218287931,463480466 489753829 463480227 463480464 463480256 463480471
5327409419564351593,463480466 489734604 463480471 463480697 463480227 463480255
5328015551406276967,463480221 463480543 495260496 463480226 495255157 495254783
5329526101106491746,463480694 495252594 463480322 463480242 463480553 463480497
5329572195609608486,495252594 463480694 495251097 463480497 463480242 463480695
5330589197271826500,463480240 463480227 463480465 463480226 463480467 463480487
5330905353726984527,463480497 463480322 463480242 463480553 463480493 463480221
5331237890333606189,463480468 463480255 463480482 463480487 463480488 495400385
5331271399117422766,463480255 489734604 463480468 463480487 463480256 463480465
5332013504354058487,463480322 463480242 463480497 463480679 463480221 463480362
5332783305333932100,463480679 463480322 463480221 463480693 463480694 463480689
5332816588512690227,463480693 463480322 495251312 463480497 495251097 463480695
5332947279843164238,495401665 463480699 463480683 495403168 495403326 495403354
5332985286021611652,463480227 489753829 463480226 463480255 489734604 463480464
5333015579755020500,463480497 463480322 463480242 463480553 463480493 463480221
5333098077071867937,463480322 463480342 463480693 463480497 463480221 463480553
5333137373374709823,463480429 463480481 463480224 463480225 463480227 463480231
5333189431622369604,495259981 463480695 463480242 495250885 495252594 495256989
5333989392209674459,463480677 495400618 489753829 1231113729 463480486 463480226
5334498330023035144,463480497 463480322 463480342 463480693 463480221 463480242
5335773966843772972,463480322 463480694 463480497 463480693 463480242 495251312
5336263186708693132,463480381 463480228 495277303 495369801 495277184 495266185
5339506769226104891,463480472 463480226 463480493 463480658 463480237 463480471
5340323633045438753,463480497 463480322 463480242 463480553 463480493 463480221
5348018080358334772,463480227 489753829 463480226 463480255 489734604 463480464
5348811418617774132,463480487 495401997 495402254 495402258 495403354 495402179
5350537284841373997,463480227 489753829 463480226 463480255 489734604 463480464
5350860082397315386,463480543 463480273 495260496 463480226 495255157 495254783
5351376292059021426,463480493 463480543 463480226 463480472 463480658 495399820
5352317930624778574,463480466 495399912 489734604 463480697 495399934 495400576
5352508309283537115,463480240 463480227 463480465 463480226 463480467 463480487
5352856838639452279,463480471 463480467 463480464 463480468 489734604 1228501633
5353093084594831639,463480471 1228501633 489734604 463480467 463480464 463480255
5353787128772034874,495400939 495401664 463480665 495401138 463480355 463480358
5353838633060663436,463480486 463480240 463480493 463480476 463480543 463480465
5355449023386615903,463480227 489753829 463480226 463480255 489734604 463480464
5356273910669639829,463480493 463480226 463480346 463480213 463480210 463480227
5357275634150932631,463480429 495493945 463480452 463480359 463480691 463480493
5359273751074832420,463480322 463480242 463480497 463480679 463480362 463480693
5359378579962724385,463480429 495493945 463480452 463480359 463480493 463480691
5361582915957031021,495401665 463480484 463480356 495401146 463480683 495403408
5361829694582030660,463480213 463480235 463480493 463480259 463480359 463480453
5362052315282145326,463480359 495400939 495401665 463480355 495401138 463480665
5362098959128199469,463480227 489753829 463480226 463480255 489734604 463480464
5362566027157438542,463480213 463480453 463480259 463480359 463480235 463480457
5363457534995988735,463480227 489753829 463480226 463480255 489734604 463480464
5364640611737272567,489753829 463480227 463480677 495400618 463480697 463480464
5364721924263903450,463480359 463480355 463480356 463480358 495400939 495401665
5365632782841938156,463480466 489753829 463480471 489734604 463480227 463480539
5366692296412626993,463480493 463480226 463480346 463480213 463480210 463480227
5368550748878274603,463480493 463480226 463480677 463480227 463480214 495400618
5371166465970143419,495402268 495402254 495252594 495402010 495402014 495402258
5374113913098993685,463480497 463480322 463480242 463480553 463480493 463480221
5374237107518963962,463480227 489753829 463480226 463480255 489734604 463480464
5375308719088992429,463480497 463480322 463480242 463480553 463480493 463480221
5375317906640076843,463480212 463480452 463480589 463480429 463480225 463480214
5376478614509584391,463480213 463480214 463480691 463480235 463480457 463480359
5376628751502672144,463480227 489753829 463480226 463480255 489734604 463480464
5378699935055085626,463480429 463480225 463480224 463480223 495277614 463480481
5379478362129170507,463480227 489753829 463480226 463480255 489734604 463480464
5379689478539182213,463480697 463480466 463480255 463480256 463480464 463480227
5380588669874995557,463480472 463480226 463480658 463480493 463480477 463480227
5380605286101287211,463480497 463480322 463480242 463480553 463480493 463480221
5380653649359536286,463480336 463480338 463480340 463480540 463480544 463480550
5380914257034739737,463480697 495400618 463480539 489753829 463480464 463480467
5381415755961073762,463480227 489753829 463480226 463480255 489734604 463480464
5381648976101245188,463480227 489753829 463480226 463480255 489734604 463480464
5381746033574281478,463480255 489734604 463480468 463480487 463480256 463480465
5381864518733266968,463480683 463480699 495403168 495403163 495403326 495400939
5381938554791264526,495400618 1228501633 495399997 495399975 495400155 463480472
5382183171746693153,495400618 495400431 495400631 495400385 495400341 1228501633
5382252527775121605,495400618 463480355 463480665 463480358 495401665 463480457
5382765517524435003,463480359 495401664 495401146 463480355 463480356 495401665
5383721309451845832,463480429 463480225 463480224 463480223 495277614 463480481
5385094284475367597,463480227 489753829 463480226 463480255 489734604 463480464
5385401067391942917,495400618 495400385 495400431 495400631 1228501633 495400605
5385864403530285057,463480226 463480475 463480658 463480677 463480477 463480476
5385865734721110337,463480227 489753829 463480226 463480255 489734604 463480464
5386053251723428201,463480214 463480452 463480691 463480453 463480670 463480359
5386150338092597583,463480227 489753829 463480226 463480255 489734604 463480464
5386205350833422512,463480483 495403982 495403990 495404000 495404012 463480350
5386566700531187864,463480227 489753829 463480226 463480255 489734604 463480464
5387006249854828838,463480493 463480543 463480699 495401664 463480226 463480696
5387199311462006996,463480240 463480227 463480465 463480226 463480467 463480487
5393882751054381072,489753829 463480466 463480227 463480539 463480256 463480464
5395204718128005379,463480471 463480256 463480464 463480468 463480697 463480487
5395462726516474213,495401146 463480356 463480359 463480589 495400939 495403408
5395728183822647335,463480227 489753829 463480226 463480255 489734604 463480464
5395809188110139515,495277303 495277184 495277192 495277293 495369801 463480322
5396670792160248122,463480227 489753829 463480226 463480255 489734604 463480464
5397585496595497303,463480497 463480322 463480242 463480553 463480493 463480221
5397724758356787415,463480227 489753829 463480226 463480255 489734604 463480464
5397769246371741800,463480227 489753829 463480226 463480255 489734604 463480464
5397785463532028062,463480466 495399912 495399934 489734604 463480697 495400576
5398231920611688722,463480694 495252594 495251097 463480242 495251659 463480497
5398902635131044071,463480240 463480472 463480465 463480476 463480493 463480227
5398932131758473294,489753829 463480466 463480539 463480227 463480256 463480464
5399161391151579164,463480322 495252594 495255645 463480497 463480694 495250885
5399447938182152324,463480466 489734604 463480697 495399912 495399934 463480487
5399648335109030221,463480466 495399912 489734604 495399934 463480697 495400385
5399720563437469757,463480322 463480679 463480221 463480693 463480553 463480694
5399868923381022816,463480483 495403982 495403990 463480466 463480227 489734604
5400007003920924839,463480429.0 463480493.0 463480693.0 495400618.0 463480497.0 463480227.0
5400209301018247317,463480683 463480699 463480589 463480374 463480356 463480379
5400393037967786178,495265868 463480346 495400618 463480693 495267299 495399696
5400723175879999543,463480429 463480359 463480355 463480227 463480224 463480214
5400829031611891866,463480497 463480322 463480242 463480553 463480493 463480221
5401344582974701880,495265868 495266185 495277184 463480322 495402176 495401895
5401450014130569408,463480227 489753829 463480226 463480255 489734604 463480464
5401553631160041479,463480240 463480472 463480465 463480476 463480493 463480227
5401644815519318300,463480227 489753829 463480226 463480255 489734604 463480464
5401782653632119076,463480487 463480473 463480697 463480552 463480256 463480545
5402391976137982261,495399912 463480466 495399934 495400385 489734604 463480697
5402744078909571266,495277303 495267299 495265868 495266964 495402176 463480322
5403236282504052830,463480677 1228501633 463480493 463480227 463480471 463480543
5403919887798108477,463480210 463480213 463480653 463480235 463480655 495493336
5405534253802324077,495400939 495401664 495254783 463480221 495264479 463480273
5406163743361990759,463480346 463480483 463480359 495404000 495403990 463480350
5406530646247211087,463480497 463480322 463480242 463480553 463480493 463480221
5407317182670700871,463480227 489753829 463480226 463480255 489734604 463480464
5408034372916347161,463480677 1228501633 463480493 463480227 463480471 463480543
5408040998004326464,463480472 463480226 463480493 463480658 463480237 463480471
5408311522593865907,463480486 463480240 463480658 463480473 463480429 495400635
5408738300168503532,463480240 463480472 463480465 463480476 463480493 463480227
5409489273691046236,463480227 489753829 463480226 463480255 489734604 463480464
5410435492459577360,463480213 463480691 463480214 463480457 495493336 463480359
5418923742135320811,495399934 489734604 463480466 495400385 463480694 495400155
5419513669056201016,463480381 463480228 495277303 495369801 495277184 495266185
5419713410021982406,495401665 463480484 463480356 463480358 495401146 463480359
5420112496818127203,463480429.0 463480493.0 463480693.0 495400618.0 463480497.0 463480227.0
5420430850413035598,495400618 495400576 495400385 463480487 495399975 463480464
5420454896888709461,489753829 463480466 463480227 463480539 463480256 463480464
5420703366361383188,463480493 463480486 495493336 495401665 463480473 463480226
5420970314098278667,495400618 495400576 495400385 463480487 495399975 463480464
5421315323369095229,463480497 463480322 463480242 463480553 463480493 463480221
5421857242019004595,463480699 463480374 463480683 463480379 463480210 463480589
5422231345190928589,463480697 495400618 463480464 463480539 489753829 463480487
5422888866152972438,495254783 495255157 463480493 463480693 463480273 463480497
5422972731626094637,463480497 463480322 463480242 463480553 463480493 463480221
5423354370952003809,463480227 489753829 495400618 489734604 463480464 463480697
5423700762463830048,463480429.0 463480493.0 463480693.0 495400618.0 463480497.0 463480227.0
5424552594698141757,463480483 495403990 495403982 495404000 495404012 495404008
5425150985020637274,463480213 463480214 463480691 463480235 463480457 463480359
5425777887728631937,463480227 495400618 463480236 463480464 463480468 463480677
5425794490491207931,463480497 463480221 463480322 463480242 463480696 463480679
5425933112232378644,463480322 463480679 463480221 463480693 463480242 463480553
5426891537221157001,463480358 463480355 495401665 463480484 495401146 495400939
5427976473146556543,463480210 463480359 463480457 463480665 463480212 463480429
5428196266524541078,463480227 489753829 463480226 463480255 489734604 463480464
5428222947188277457,463480497 463480322 463480242 463480553 463480493 463480221
5428700397258670273,463480255 489734604 463480468 463480487 463480256 463480465
5429275463381942419,463480429.0 463480493.0 463480693.0 495400618.0 463480497.0 463480227.0
5429442888378351793,463480227 489753829 463480226 463480255 489734604 463480464
5429844597297643611,495401664 463480665 495401138 463480355 463480358 463480484
5429974752539443525,463480694 463480553 463480322 495251097 495251312 495253324
5430413567240962160,463480697 489753829 495400618 463480464 463480539 463480467
5430841276126986496,463480221 495255157 463480543 463480696 495257134 463480694
5430938969302630734,463480429 463480359 463480665 463480223 463480553 494343225
5431662743408345187,495506916 495506738 463480436 495369932 495368107 495401665
5431719750542295379,463480468 463480472 463480486 463480476 463480362 463480465
5431744265006088402,463480429 463480225 463480223 463480210 495366540 463480481
5432325274180518203,463480359 463480355 463480356 463480358 495400939 495401665
5432624176237117704,495400939 495401664 463480665 495401138 463480355 463480358
5432762960140304465,463480227 489753829 463480226 463480255 489734604 463480464
5432851710376673454,463480429.0 463480493.0 463480693.0 495400618.0 463480497.0 463480227.0
5441681206757294405,463480697 489734604 463480466 495399912 495400385 495399700
5442614945679409276,463480242 463480497 463480342 463480553 463480362 463480694
5443006504711225494,463480497 463480242 495250885 463480553 495252594 495251312
5443045291621089566,463480543 463480221 495260496 463480226 495255157 495254783
5443061308232827131,463480227 489753829 463480226 463480255 489734604 463480464
5443526355969900721,463480227 489753829 463480226 463480255 489734604 463480464
5443553816956108853,463480497 463480322 463480242 463480553 463480493 463480221
5445872402516148549,495400618 489753829 463480227 463480677 463480466 463480694
5445947062589849609,463480221 463480543 495260496 463480226 495255157 463480359
5446640557466321004,463480683 463480699 463480589 463480374 463480356 463480379
5446752778308288662,463480227 489753829 463480226 463480255 489734604 463480464
5446855656315551938,463480693 463480322 463480694 463480679 495251097 495253324
5447070649712115784,495493336 495528684 495400618 495522468 495529087 495512445
5447369331304562703,463480493 495264235 495264589 495402010 463480226 463480691
5447753864934326524,463480497 463480322 463480242 463480553 463480493 463480221
5448890806071984142,463480227 489753829 463480226 463480255 489734604 463480464
5449202900954775823,495400939 463480355 495401138 463480665 495401665 463480358
5449763330378694806,463480693 463480694 463480553 495251097 495253324 463480322
5452380331219615841,463480466 463480227 489734604 463480697 463480236 463480539
5453314066025546153,463480322 463480342 463480497 463480693 463480679 463480362
5453668484100653344,463480227 489753829 463480226 463480255 489734604 463480464
5453834332189229357,463480322 495252594 463480694 463480553 463480679 495255645
5454333205055012904,495276951 495276570 463480400 495529087 463480514 463480355
5463388342194012605,463480693 463480553 495251312 463480497 463480322 463480221
5464517900925141296,463480227 489753829 463480226 463480255 489734604 463480464
5464536414393467009,463480227 489753829 463480226 463480255 489734604 463480464
5465225630740119913,463480212 463480452 463480589 463480429 463480225 463480214
5465439206447513698,463480466 463480697 495399934 495399912 489753829 495400576
5465444656322183355,463480497 463480322 463480242 463480553 463480493 463480221
5466034069825388673,463480227 463480238 463480464 463480465 463480466 463480467
5466237881094767017,463480493 463480226 463480359 463480472 495260496 495399820
5466490904291049774,463480358 495401665 463480355 463480484 495401146 495400939
5466691987395838139,495266983 495265949 463480381 495267299 495266185 495277192
5466731164335341696,463480227 489753829 463480226 463480255 489734604 463480464
5466881298272354559,463480322 463480694 463480693 463480497 495253660 495251312
5466987825384390685,463480497 463480322 463480242 463480553 463480493 463480221
5467231242282860597,463480227 489753829 463480226 463480255 489734604 463480464
5467834706261966920,463480322 463480694 463480693 463480497 495253660 495251312
5468205126481871239,463480227 489753829 463480226 463480255 489734604 463480464
5468405140987052324,463480699 495401665 463480683 495403163 495403168 463480379
5468443781837357062,495401665 463480699 463480683 495403163 463480379 495403168
5468452779648876712,463480429.0 463480493.0 463480693.0 495400618.0 463480497.0 463480227.0
5468603372254789720,463480381 463480383 495265868 495265949 495266185 495266983
5468789002813046881,463480235 463480214 463480457 463480665 463480655 463480693
5468917935987491057,463480226 463480486 495399966 1228501633 463480471 463480320
5469172478102995030,463480213 463480655 463480235 495493530 463480457 495400618
5469650420566327324,463480693 463480553 495251312 463480497 463480322 463480221
5469784160367804603,463480683 463480699 463480589 463480374 463480356 463480379
5469930165791359289,463480539 463480465 463480487 463480697 463480255 463480320
5470378759812546834,463480683 495403296 495491082 463480381 495266964 495277184
5470386401537687674,463480227 463480539 489753829 463480464 463480256 463480697
5470940462301315346,463480429.0 463480493.0 463480693.0 495400618.0 463480497.0 463480227.0
5471135569514070065,463480543 463480221 495260496 463480226 495255157 495254783
5473144590552006935,463480497 463480221 463480322 463480242 495257134 463480679
5473571366552207497,489753829 463480227 463480677 495400618 463480697 463480464
5474403820363055149,463480235 463480213 463480453 463480691 463480359 463480457
5474479307054383130,463480429 463480225 463480224 463480223 495277614 463480481
5476655852433965232,463480543 463480226 463480221 495260496 495400618 1228501633
5477258421148057764,463480497 463480322 463480242 463480553 463480493 463480221
5477464666856227081,463480493 463480226 463480346 463480213 463480210 463480227
5477779429079384162,463480227 489753829 463480226 463480255 489734604 463480464
5486208130017132573,463480227 489753829 463480226 463480255 489734604 463480464
5487092452111155595,463480497 463480322 463480242 463480553 463480493 463480221
5487273866816913666,463480677 463480474 495400618 463480476 463480684 495399820
5488072980824064105,463480227 489753829 463480226 463480255 489734604 463480464
5488609138569118077,463480497 463480322 463480242 463480553 463480493 463480221
5489607742716379435,463480213 463480214 463480691 463480235 463480457 463480359
5489769479092830633,463480227 489753829 463480226 463480255 489734604 463480464
5490052858162446476,463480346 463480483 463480359 495404000 495403990 463480350
5490137838033568187,495400618 495399820 495399966 463480477 495399934 495400624
5490241500149973254,463480210 463480359 463480457 463480665 463480212 463480429
5490291469329367063,463480227 489753829 463480226 463480255 489734604 463480464
5490414182105088298,489734604 463480697 463480466 463480255 463480487 463480464
5491642404704878832,463480227 489753829 463480226 463480255 489734604 463480464
5491671186215534689,463480693 463480553 495251659 463480322 495256039 463480694
5492464506288734567,495400635 495400618 495399719 495255157 495399912 495400631
5492469690252656827,495403432 495400631 463480487 495399912 495400618 495401665
5492729959494975828,463480231 463480677 495363656 463480684 1231113729 463480420
5492806305478082697,463480677 463480464 463480539 463480467 489753829 489734604
5492824714665263461,463480235 463480213 463480457 463480665 463480214 463480359
5492900043246272577,463480497 463480322 463480242 463480553 463480493 463480221
5493259482711982172,463480487 463480473 463480697 463480552 463480256 463480545
5493531259820572809,495403168 463480683 463480699 495403163 495403326 495403354
5494706831602745448,463480429 463480225 463480224 463480223 495277614 463480481
5495677836723749042,463480472 463480476 463480493 463480473 489734604 463480658
5496187105516978379,463480227 489753829 463480226 463480255 489734604 463480464
5497171935516164144,463480497 463480322 463480242 463480553 463480493 463480221
5498453818466107672,495400635 463480475 495399912 463480468 463480473 495399719
5499616474850918659,463480506 463480504 463480355 495403326 495529087 463480356
5501121064127955348,463480683 463480699 463480589 463480374 463480356 463480379
5502220242101207142,463480429 463480225 463480224 463480223 495277614 463480481
5512137882174750817,463480213 463480405 463480214 463480655 463480359 463480653
5512982446917288204,463480227 489753829 463480226 463480255 489734604 463480464
5513179406956495106,463480694 463480497 463480322 463480242 463480227 495253660
5513699576779637069,463480359 463480355 463480356 463480358 495400939 495401665
5514726909060317243,463480227 489753829 463480226 463480255 489734604 463480464
5514747073955627257,495400618 489753829 495399700 495399934 495400385 463480227
5514981943857381657,463480223 463480224 495277614 463480210 495277605 494343225
5515396011949555807,463480355 463480589 463480358 495401146 495403408 463480356
5518882841557205144,463480228 489753829 463480468 463480336 463480429.0 463480493.0
5519303296798687465,463480212 463480452 463480589 463480429 463480225 463480214
5521473484003475561,463480235 463480214 463480691 463480665 463480259 463480453
5523202664376041753,495401665 463480355 495401146 463480484 463480683 495403408
5523330311742292286,495401665 463480356 463480355 495401146 463480484 463480683
5524195672639930490,463480227 489753829 463480226 463480255 489734604 463480464
5524410269628367111,463480497 463480322 463480242 463480553 463480493 463480221
5524454558553342177,463480468 463480471 463480256 463480487 463480677 463480464
5524767763394723946,463480699 495401665 495403163 463480358 463480355 495401146
5524798850210463746,463480358 463480436 495401665 495404035 463480683 463480356
5533326327417405457,463480359 463480227 489753829 463480466 463480539 495401664
5533992155913650355,463480429.0 463480493.0 463480693.0 495400618.0 463480497.0 463480227.0
5534150182205653129,463480484 463480355 463480356 495403408 463480589 463480683
5535196595073318970,495404035 463480436 495401665 463480379 463480358 495403168
5535366662876823883,463480699 463480374 463480515 463480355 495403168 495403165
5535431174021709961,463480699 463480484 463480355 495401146 495403408 463480693
5535495783835762914,463480240 463480227 463480465 463480226 463480467 463480487
5535543356452765698,495370340 495368385 495522303 463480421 463480417 463480213
5536281260483674299,463480225 463480429 463480600 495400618 495276951 463480693
5536693469761503530,463480355 463480484 463480356 463480589 495403408 495400939
5537192125107798390,463480255 495400618 489753829 463480697 463480487 489734604
5537248276259799424,463480691 463480213 463480235 463480214 463480457 463480665
5537284449962557442,463480600 463480514 495519576 495519599 495403326 495528684
5537303384330076228,463480429.0 463480493.0 463480693.0 495400618.0 463480497.0 463480227.0
5537475891929547195,495400635 463480475 495399912 463480468 463480473 495399719
5537534711794499656,463480355 463480358 463480589 495401146 463480356 495403408
5538054608915530174,495401665 463480355 463480358 463480356 463480589 463480683
5538063615607963903,463480227 489753829 463480226 463480255 489734604 463480464
5538130274364948505,489753829 463480227 463480677 463480697 495400618 463480464
5539341433199919165,463480240 463480472 463480476 463480465 463480493 463480227
5539603754390913409,463480227 489753829 463480226 463480255 489734604 463480464
5539632939291640066,463480466 463480677 489734604 489753829 463480487 463480697
5539695826474107137,463480677 1228501633 463480493 463480227 463480471 463480543
5540442128521101409,495400618 489753829 463480471 463480464 1228501633 463480226
5540502762244276291,463480359 463480355 463480356 463480358 495400939 495401665
5541098064956621159,463480497 463480322 463480242 463480553 463480493 463480221
5541176191153340771,463480429 463480225 463480224 463480223 495277614 463480481
5541210994812911937,495400635 489753829 495399912 495400155 495399934 1228501633
5541423773330702654,463480694 495252594 463480695 495263416 495251097 463480497
5541578740413235278,463480213 463480214 463480691 463480235 463480457 463480359
5542020065460486369,463480235 463480213 463480665 463480359 463480457 463480453
5542075061898051742,463480487 463480255 463480482 463480471 463480236 495400618
5542987672798101521,463480471 1228501633 489734604 463480467 463480464 463480255
5543899193500237828,463480497 463480322 463480242 463480553 463480493 463480221
5545153742308638919,463480497 463480273 463480242 463480322 463480342 463480493
5545549404122382645,463480235 463480691 463480453 463480665 463480259 463480452
5545658510919598419,463480235 495493336 463480691 463480453 463480457 463480214
5546201457717149739,489734604 463480471 463480467 463480255 1228501633 463480226
5547311541928591738,463480471 463480467 463480464 463480468 489734604 1228501633
5552509420397396074,463480493 463480226 463480346 463480213 463480210 463480227
5554893290671702274,495255157 463480696 495257134 463480493 495260496 463480212
5555699252837220774,495255157 463480696 495257134 495264803 495264589 463480699
5556071867294417155,463480392 463480389 463480684 495370340 463480429 463480224
5556267863267606849,463480429 463480359 463480355 463480227 463480224 463480214
5556500894763712782,489753829 463480227 463480677 495400618 463480697 463480464
5557085855018647728,495488603 463480438 463480439 463480440 463480441 463480442
5557211882815488072,463480699 463480683 495401665 495403163 463480379 495403326
5557245608078344633,463480322 463480497 463480242 495250885 463480679 495255645
5557595556593795259,463480240 463480472 463480465 463480476 463480493 463480227
5557694348032475266,489753829 463480227 463480539 463480464 489734604 463480466
5558255637102854255,463480359 495401664 495400939 463480665 463480224 463480493
5558470936705630214,463480497 463480322 463480242 463480553 463480493 463480221
5558844257845117279,463480472 463480226 463480658 463480477 463480475 463480227
5559038692503584792,463480227 489753829 463480226 463480255 489734604 463480464
5559242904874516689,463480487 463480236 463480464 463480677 495399719 463480255
5560028695789043970,463480466 489734604 463480697 463480483 463480694 495399912
5560173190300041549,495254783 495255157 463480221 495264479 463480694 495264589
5561445982819319921,463480429.0 463480493.0 463480693.0 495400618.0 463480497.0 463480227.0
5562179177933439220,463480653 463480213 463480691 463480346 463480429 463480665
5562486908548284460,495512445 495400618 495528684 495401665 463480507 495525871
5562510941849125197,489734604 463480697 463480466 463480255 463480487 463480464
5563171811255910447,463480213 463480214 463480691 463480235 463480457 463480359
5563435536510091336,463480457 463480639 495366540 495492744 495404008 463480336
5567091010162655311,463480497 463480322 463480242 463480553 463480493 463480221
5567969956802330943,463480471 463480256 463480464 463480468 463480697 463480487
5568615685238817101,463480221 495260496 463480226 495255157 495400618 495254783
5569250954662117752,495400939 495401138 463480665 463480358 463480355 463480484
5569318865301667898,463480359 463480355 463480356 463480358 495400939 495401665
5569642732305252685,463480497 463480322 463480242 463480553 463480493 463480221
5570613867728863588,495399934 495400155 489753829 495400043 1228501633 463480696
5578358577107566925,463480693 495253324 495251659 463480694 495252594 463480695
5579624404716879969,463480212 463480452 463480589 463480429 463480225 463480214
5579637814601974126,463480429 463480225 463480224 463480223 495277614 463480481
5579729394874450148,463480358 463480484 463480589 495400939 463480359 495403408
5579856947002474504,463480497 463480322 463480553 463480694 495251312 463480679
5579936671050498069,463480429.0 463480493.0 463480693.0 495400618.0 463480497.0 463480227.0
5580807760934338839,495399700 495399934 495399912 495400043 463480693 495400618
5581083306117824699,463480227 489753829 463480226 463480255 489734604 463480464
5581445765199298716,463480429.0 463480493.0 463480693.0 495400618.0 463480497.0 463480227.0
5581465289623077150,463480543 463480221 463480226 495255157 495254783 463480699
5581745551550447754,463480497 463480322 463480242 463480553 463480493 463480221
5582457479197098192,495369801 495277303 495404035 463480439 495370340 463480359
5583036018169741761,495400631 495400635 463480359 495401138 495399820 463480468
5583634892443091040,463480227 489753829 463480226 463480255 489734604 463480464
5583714230099771578,495369932 495369801 495402312 495367870 495369277 463480421
5584369346301133059,463480235 463480214 463480691 463480665 463480259 463480453
5584848380483862616,463480213 463480214 463480691 463480235 463480457 463480359
5585608270603616478,463480466 489753829 463480471 489734604 463480227 463480256
5585972455771209912,463480227 489753829 463480226 463480255 489734604 463480464
5586308976513384703,463480543 463480221 463480240 495260496 463480472 463480677
5586933574264684667,463480227 489753829 463480226 463480255 489734604 463480464
5588438258573639791,463480346 495404008 495404000 463480489 495403982 463480475
5588974022188597400,463480214 463480235 463480691 463480665 463480453 463480489
5589743434438279524,463480493 463480226 463480346 463480213 463480210 463480227
5589895002160103809,463480683 463480699 463480589 463480374 463480356 463480379
5589931239680246151,463480493 463480226 463480346 463480213 463480210 463480227
5590588704243318856,463480322 463480497 495252594 463480694 495255645 495250885
5592659552748699675,463480683 463480699 463480589 463480374 463480356 463480379
5592838613607121179,495252594 495251312 463480322 463480242 495255645 463480695
5597068952452465073,463480497 463480322 463480242 463480553 463480493 463480221
5598165954416607319,463480429 463480225 463480224 463480223 495277614 463480481
5600071390471127353,463480697 489734604 463480464 463480487 463480255 495400618
5601387214645756126,495277303 495277184 495277192 495277293 495369801 463480322
5601573182773133686,463480493 463480358 463480226 463480355 495401665 463480543
5601681376809582930,495277303 495277184 495277192 495277293 495369801 463480322
5602595498224779300,463480652 463480670 463480429 463480210 463480224 463480482
5603417693132685570,463480697 495400618 463480539 489753829 463480464 463480467
5604044978336039242,463480497 463480322 463480694 1526098025 463480695 463480553
5604440035114614881,463480679 489753829 495400618 463480693 463480322 463480553
5604599103623004509,463480429.0 463480493.0 463480693.0 495400618.0 463480497.0 463480227.0
5604762689562476983,463480227 463480236 495400618 463480468 463480464 463480488
5605295048746860647,463480493 463480226 463480346 463480213 463480210 463480227
5605295581598318850,495252594 495251312 463480322 463480693 495255645 495251097
5605349727975768428,463480683 463480699 463480589 463480374 463480356 463480379
5607495051590762618,463480466 463480471 489753829 489734604 463480227 463480256
5607618928300785761,463480691 463480457 463480655 463480235 463480213 463480359
5607928675644735861,489734604 463480487 463480468 463480255 463480256 463480465
5608959499427905711,463480497 463480322 463480242 463480553 463480493 463480221
5609338001677877569,463480221 463480497 463480493 495255157 495264803 495264479
5609369007884337495,463480652 463480670 463480429 463480210 463480224 463480482
5610014259038912919,463480429 463480359 463480665 463480223 463480553 494343225
5610212637444669588,463480465 463480256 463480255 495369801 463480464 489753829
5610831977529475317,463480429 463480359 463480355 463480227 463480224 463480214
5611079659617517823,489753829 463480227 463480539 463480464 489734604 463480466
5611443050039214090,463480497 463480322 463480242 463480553 463480493 463480221
5612248578583953790,463480227 489753829 463480226 463480255 489734604 463480464
5612665088787087696,463480227 489753829 463480226 463480255 489734604 463480464
5612725230442643474,463480497 463480322 463480242 463480553 463480493 463480221
5613516980035256603,463480429 463480359 463480665 463480223 463480553 494343225
5613906354829525354,495401665 463480359 463480355 495400939 463480358 463480484
5614699644534652991,463480694 495252594 495251097 463480242 495251659 463480497
5618813324188975120,463480227 489753829 463480226 463480255 489734604 463480464
5621122767529443683,495369932 463480514 495508494 495369801 494343225 495402312
5622694142527930709,463480392 463480389 463480684 495370340 463480429 463480224
5623360782585823490,495400618 489753829 495400314 495399912 489734604 1228501633
5623362769278730597,463480497 463480322 463480242 463480553 463480493 463480221
5623883124030308376,463480497 463480322 463480242 463480553 463480493 463480221
5623935079036748034,463480242 463480582 463480584 463480621 463480540 463480429.0
5625004658000134506,463480493 463480226 463480346 463480213 463480210 463480227
5625569080084267149,463480227 489753829 463480226 463480255 489734604 463480464
5625854909455532245,463480497 463480322 463480242 463480553 463480493 463480221
5626012756004307001,463480358 463480355 495401665 463480484 495401146 495400939
5627628900964630944,463480223 463480481 463480224 463480665 463480225 463480670
5628272548705468562,463480693 463480553 495403354 463480683 463480374 495403163
5628370213089050761,463480355 463480358 463480589 495401146 495400618 495403408
5628590715642577083,489753829 463480227 463480677 495400618 463480697 463480464
5631006293102690349,463480497 463480322 463480242 463480553 463480493 463480221
5631182229595488635,463480493 463480226 463480346 463480213 463480210 463480227
5631201366961029307,463480429 495277614 463480224 463480223 489753829 463480210
5631228796320350567,463480227 489753829 463480226 463480255 489734604 463480464
5631489734423347251,489753829 463480227 463480539 463480464 489734604 463480466
5631559589629264014,463480699 463480683 495403432 495401665 463480374 463480379
5633574342293192798,463480322 463480342 463480497 463480693 463480679 463480362
5633627814389612603,463480493 463480226 463480346 463480213 463480210 463480227
5634582208799834421,463480472 463480226 463480493 463480658 463480237 463480471
5636871962759004366,463480429 463480225 463480223 463480210 495366540 463480481
5638289220586176791,463480493 463480221 463480694 495264479 463480696 463480543
5639286691247685699,463480497 495255157 495264479 495264589 495257134 463480694
5645747867055817046,463480322 463480342 463480497 463480693 463480679 463480362
5645914923718410312,463480497 463480322 463480242 463480553 463480493 463480221
5645978103729095029,495252594 495251312 495255645 463480322 495256989 463480695
5646156074560258236,463480429 463480225 463480224 463480223 495277614 463480481
5646403656339685610,463480227 489753829 463480226 463480255 489734604 463480464
5646518832783163694,463480429 463480225 495400618 463480693 495276951 495250885
5646574320842440794,463480429 463480225 495400618 463480693 495276951 495250885
5646948224055902517,463480214 463480235 463480691 463480665 463480453 463480489
5647827348916797642,463480694 463480493 463480497 463480322 495251312 463480699
5648072942450376760,463480497 463480322 463480242 463480553 463480493 463480221
5648461818184335380,463480227 489753829 463480226 463480255 489734604 463480464
5648618462463131679,463480497 463480221 463480322 463480493 463480242 463480679
5649628149417509149,463480466 495399912 495399934 489734604 463480697 495400576
5649986675319243100,463480487 463480473 463480697 463480552 463480256 463480545
5650459534218232113,463480227 489753829 463480226 463480255 489734604 463480464
5650614806053912789,463480497 463480322 463480242 463480553 463480493 463480221
5650616559551119519,463480497 463480273 463480242 463480322 463480342 463480493
5651150745179783203,463480683 495403354 463480694 463480589 495403165 463480374
5651209688882872681,463480497 463480322 463480242 463480553 463480493 463480221
5651489606576635914,495401665 495403326 463480374 495403168 463480358 463480699
5652106280314077329,463480699 463480355 463480359 495403354 463480356 495401665
5652592299510333578,463480694 495252594 495264803 495251097 495255157 495263416
5653443983983771889,463480227 489753829 463480226 463480255 489734604 463480464
5654022233941868853,463480255 489734604 463480468 463480487 463480256 463480465
5654364910441988175,463480497 463480322 463480693 463480342 463480221 495251312
5654650862986068011,463480652 463480670 463480429 463480210 463480224 463480482
5655141501486759950,463480694 495252594 495251097 495251659 463480242 495263416
5655686875826356422,463480227 489753829 463480226 463480255 489734604 463480464
5655781501940793492,495266185 495402258 495402022 495402268 495277303 495400618
5657870439019446583,495266185 495265868 495266964 495277184 495266983 463480322
5658778590170579117,463480227 489753829 463480226 463480255 489734604 463480464
5659326057800794243,463480677 463480226 463480221 463480543 463480359 463480466
5659969873487855619,463480322 463480679 463480221 463480693 463480553 463480694
5668098735381151840,463480683 495521342 495401665 463480484 463480589 495403296
5669012247222157333,463480227 489753829 463480226 463480255 489734604 463480464
5671066793159164098,463480497 463480693 463480322 463480694 495251097 463480553
5671243661367574588,463480227 489753829 463480226 463480255 489734604 463480464
5671337715135414289,495400618 495399934 495400635 463480466 489753829 463480677
5671985442543108414,495400618 463480358 489753829 495401665 463480227 463480697
5672330683211317473,489753829 463480227 463480697 495400618 463480464 463480539
5675767392370688054,463480359 463480355 463480356 463480358 495400939 495401665
5676679706378240142,463480497 463480322 463480242 463480553 463480493 463480221
5679106066158453043,463480652 463480670 463480429 463480210 463480224 463480482
5679349117442588931,463480221 463480322 495260496 463480226 463480497 463480214
5680118848571834727,463480493 463480226 463480346 463480213 463480210 463480227
5681339460097671360,463480322 463480242 463480497 463480641 463480679 463480362
5689786978341748968,463480227 495400618 463480236 463480464 463480468 463480677
5690503379304317096,463480227 489753829 463480226 463480255 489734604 463480464
5690598605041959207,495400618 463480227 495399912 463480466 463480539 463480487
5690895135498830023,463480683 495403296 495491082 463480381 495266964 495277184
5691980972850151463,463480429 495277614 463480224 489753829 463480223 463480210
5692015647931498834,463480227 489753829 463480226 463480255 489734604 463480464
5692138333387882773,463480429.0 463480493.0 463480693.0 495400618.0 463480497.0 463480227.0
5692838034113822802,463480694 495252594 463480242 463480497 463480322 495251097
5692919772367814747,463480227 489753829 463480226 463480255 489734604 463480464
5693746392829526229,495369932 495369801 495402312 495367870 495369277 463480421
5693809427797770366,495369932 495369801 495402312 495367870 495369277 463480421
5695188681158820176,463480471 463480467 463480464 489734604 463480227 1228501633
5695315237377933347,463480227 489753829 463480226 463480255 489734604 463480464
5696094272254640210,463480452 463480457 463480665 463480210 495493336 463480429
5698707347608174615,463480227 489753829 463480226 463480255 489734604 463480464
5699358506205577501,463480655 495493530 463480213 463480457 495400618 463480235
5700462479345713426,463480429 463480224 463480481 463480227 463480225 463480231
5700670490066550819,463480429 495277614 463480224 463480223 489753829 463480210
5701247074786345025,463480429 463480224 463480223 495400618 463480210 463480693
5702368303266922583,495400385 495400155 495400618 495401665 495400043 489753829
5702487404377014307,463480472 1228501633 463480226 463480477 463480221 463480486
5703615796733542414,463480359 495401664 463480355 495401146 463480356 495401665
5704133725232300389,463480359 463480665 495493530 463480213 463480221 495506916
5704213246363303954,463480227 489753829 463480226 463480255 489734604 463480464
5706823756772802671,463480497 463480322 463480242 463480553 463480493 463480221
5711107376795615532,495370340 495522303 495529982 495401665 495400635 463480355
5711717830289784948,495403432 463480589 495401665 495524057 495366540 463480484
5713035954326864101,495400618 489753829 463480697 463480539 495400314 489734604
5713569830787088622,463480493 463480543 463480699 495401664 463480226 463480696
5714288510358519817,463480447 495265949 463480698 463480420 495488569 495404035
5714602161701650467,495401664 495400939 463480358 463480213 463480355 463480589
5714670833615241534,463480694 495252594 495401665 463480497 463480242 463480695
5715457416786084029,463480466 463480471 489734604 463480677 463480468 463480464
5715725490848792894,463480374 495401665 495403354 495401146 495403165 463480379
5715849090283602118,495277184 495266185 463480381 495265942 495267299 495265949
5717509188045242434,463480227 489753829 463480226 463480255 489734604 463480464
5717642747281145929,463480466 463480471 489734604 463480677 463480468 463480465
5717763357797515404,463480227 489753829 463480226 463480255 489734604 463480464
5718023056795369657,463480227 489753829 463480226 463480255 489734604 463480464
5718186385973444711,463480227 489753829 463480226 463480255 489734604 463480464
5719332855450960167,495401665 463480355 463480484 495401146 463480356 463480683
5719566679901995060,463480227 489753829 463480226 463480255 489734604 463480464
5719607086100512865,495277303 495277184 495277192 495277293 495369801 463480322
5719638079162024155,463480255 463480482 495400385 495399719 495399934 463480240
5720040545613250855,463480355 463480589 495401146 495403408 463480358 463480484
5720192072712978466,463480227 489753829 463480226 463480255 489734604 463480464
5721647352703615019,463480359 495401664 495400939 463480665 463480493 463480224
5721652491055530215,463480213 463480214 463480691 463480235 463480457 463480359
5721869632349929674,463480429 463480225 495400618 463480693 495276951 495250885
5724884907822415879,463480227 489753829 463480226 463480255 489734604 463480464
5727158977021084003,463480227 489753829 463480226 463480255 489734604 463480464
5727736186668318876,463480227 489753829 463480226 463480255 489734604 463480464
5735797782915580057,463480227 489753829 463480226 463480255 489734604 463480464
5736190039569727591,463480466 495399912 495399934 489734604 463480697 495400576
5736759516512387367,495401974 495401895 495401665 495366540 463480484 463480359
5736825818158203012,463480212 463480452 463480589 463480429 463480214 463480225
5736928264187019346,495401665 463480359 495400939 463480355 495403354 495401146
5737775729614782684,495529982 495522303 463480355 463480514 495401665 495276677
5738390009084903527,463480539 463480471 489734604 495399820 463480240 463480466
5738712492584730770,463480359 463480355 463480356 463480358 495400939 495401665
5739640632832163955,463480359 463480355 463480356 463480358 495400939 495401665
5740420712658108621,463480227 489753829 463480226 463480255 489734604 463480464
5740948807620755774,463480553 495251312 495251097 495252594 495401665 495255340
5741193602310602893,489753829 463480466 463480227 463480539 463480256 463480464
5741542846547099661,463480227 489753829 463480226 463480255 489734604 463480464
5741650437501878600,463480227 489753829 463480226 463480255 489734604 463480464
5741811161828950051,495401665 463480355 463480356 495401146 463480484 463480683
5741866632834974000,495368878 495369131 495399681 463480417 495520697 463480589
5741932351141183861,463480214 463480235 463480691 463480665 463480453 463480259
5744226685777084778,463480497 463480322 463480242 463480553 463480493 463480221
5745255094682124391,495400635 463480473 463480475 463480658 463480240 463480486
5747575037257318449,463480213 463480214 463480691 463480235 463480457 463480359
5749092925390979300,463480493 463480226 463480346 463480213 463480210 463480227
5749188607006474561,463480227 489753829 463480226 463480255 489734604 463480464
5754733921966752070,463480227 489753829 463480226 463480255 489734604 463480464
5756155192541184039,463480227 489753829 463480226 463480255 489734604 463480464
5758106822765445411,463480322 463480342 463480497 463480693 463480679 463480362
5758903445707817108,463480429 463480359 463480355 463480227 463480224 463480214
5758912553480618235,463480429 463480359 463480213 463480210 463480452 463480691
5759367417017925828,489753829 463480227 463480539 463480464 489734604 463480466
5759711386075136082,495401665 463480355 463480358 495403168 463480693 495401146
5760149585408295047,495401665 463480683 463480699 495403163 463480379 495403168
5761121605403279600,463480429.0 463480493.0 463480693.0 495400618.0 463480497.0 463480227.0
5761423894917939354,463480497 463480322 463480242 463480553 463480493 463480221
5762269193544925219,495401664 495255157 463480221 463480355 495264803 495401146
5762309050243481882,495255157 495264803 495257134 463480221 463480694 463480273
5762342323693551808,463480370 495522303 495504580 463480457 463480213 463480487
5762373348207886418,495401974 495401893 463480417 495368385 495368878 495368107
5762930549860860245,463480683 495403168 463480699 495403326 495403163 463480407
5763678477787070730,463480227 489753829 463480226 463480255 489734604 463480464
5764864502176678012,463480227 489753829 463480226 463480255 489734604 463480464
5765045733482824000,463480429.0 463480493.0 463480693.0 495400618.0 463480497.0 463480227.0
5765795572573274217,463480392 463480389 463480684 495370340 463480429 463480224
5766221692704391305,463480429 463480224 463480693 463480223 495400618 463480210
5767331993784156455,463480240 463480475 463480493 463480473 463480476 463480465
5767498095513305235,463480486 463480226 495399820 495399966 1228501633 463480471
5767610249098297388,495369801 495277303 495404035 463480439 495370340 463480359
5767740528746823977,463480486 463480226 463480487 463480320 495399966 495399820
5768273136398369102,463480429 463480225 463480224 463480223 495277614 463480481
5770094603834753250,463480497 463480322 463480242 463480553 463480493 463480221
5770560987329462430,463480472 463480240 463480476 463480465 463480493 463480227
5770942864127426775,463480652 463480670 463480429 463480210 463480224 463480482
5772327901644193837,463480497 463480322 463480242 463480553 463480493 463480221
5772775527749779804,463480497 463480322 463480242 463480553 463480493 463480221
5773530815647187242,463480655 495493530 463480213 463480457 495400618 463480235
5780057306198966392,463480497 463480322 463480242 463480553 463480493 463480221
5781325539406250160,495400618 463480235 463480457 463480493 463480359 463480213
5782298898053988677,463480471 1228501633 489734604 463480464 463480467 463480255
5785056443240808726,463480227 489753829 463480226 463480255 489734604 463480464
5785219312189702250,463480693 463480694 463480322 463480497 495252594 463480695
5785494997713289251,495400618 495277614 463480497 463480322 463480429 463480694
5785911968397263168,489753829 463480466 463480539 463480227 463480256 463480464
5786020750334623873,463480464 489734604 463480487 463480255 489753829 463480468
5786326349231161382,495400635 463480475 495399912 463480468 463480473 495399719
5787095420538192171,463480227 489753829 463480226 463480255 489734604 463480464
5787497360882401454,489753829 495400618 489734604 495399912 463480255 463480466
5788130784568934644,463480497 463480322 463480242 463480553 463480493 463480221
5788653216686670153,463480497 463480322 463480242 463480553 463480493 463480221
5788837938980716837,463480652 463480670 463480429 463480210 463480224 463480482
5789394663646429475,463480227 489753829 463480226 463480255 489734604 463480464
5790169373625286980,463480213 463480214 463480691 463480235 463480457 463480359
5790238863708651653,489753829 463480466 463480539 463480227 463480256 463480464
5793289450522935610,463480693 463480553 495251312 463480497 495251659 463480322
5793423709543858335,463480497 463480322 463480242 463480553 463480493 463480221
5795584642906849410,463480227 489753829 463480226 463480255 489734604 463480464
5796932489980412196,463480214 463480691 463480429 463480515 463480392 463480543
5797069571524919574,463480429 495277614 463480210 463480481 489753829 495366540
5803819619673702537,463480214 463480235 463480691 463480665 463480221 463480696
5804029254011453734,463480213 463480691 463480235 463480665 463480655 463480346
5805128707378511949,463480322 463480235 495252594 463480694 463480213 463480679
5806567259738996875,463480497 463480322 463480242 463480553 463480493 463480221
5806821625233145956,463480429 463480225 463480224 463480223 495277614 463480481
5807143927106502956,495400618 495400155 463480697 489734604 495400631 495400385
5807408505442009365,463480227 489753829 463480226 463480255 489734604 463480464
5807532606440603780,463480227 463480236 495400618 463480466 463480482 463480677
5807842557064380550,463480697 489734604 463480539 463480464 463480487 495400618
5808075534901707118,463480429.0 463480493.0 463480693.0 495400618.0 463480497.0 463480227.0
5808571790089781527,463480543 463480221 495260496 463480226 495255157 495254783
5808669450292429017,463480322 463480553 463480693 463480694 463480679 463480242
5809701428871299178,463480471 463480256 463480464 463480487 463480468 463480697
5809802691692462212,463480227 489753829 463480226 463480255 489734604 463480464
5810504597997617473,463480227 489753829 463480226 463480255 489734604 463480464
5810558485158952991,463480429 463480223 463480225 463480211 463480359 463480639
5811453579067916481,495277303 495277293 495277202 495369801 495266185 463480693
5811714880144671054,463480466 463480487 489734604 463480677 463480468 463480471
5811734698771874140,463480227 489753829 463480226 463480255 489734604 463480464
5812305869011419180,463480429.0 463480493.0 463480693.0 495400618.0 463480497.0 463480227.0
5813498448653844482,463480497 463480322 463480242 463480553 463480493 463480221
5813522712785322133,489734604 463480255 463480487 463480466 463480697 463480256
5813550513040916617,463480322 463480693 463480497 463480553 463480342 463480679
5815572691970949377,463480697 463480466 463480255 463480227 463480464 463480487
5815817310886690983,463480493 463480226 463480346 463480213 463480210 463480227
5817805835396972579,463480226 463480486 495399966 463480240 463480471 463480320
5818074994495979621,463480213 463480691 463480214 463480457 495493336 463480359
5818890765516931385,495399934 495400155 489753829 495400043 1228501633 463480696
5823677794857255161,463480392 463480389 463480684 495370340 463480429 463480224
5824079101420896569,463480227 489753829 463480226 463480255 489734604 463480464
5824790958818722019,463480213 463480214 463480691 463480235 463480457 463480359
5825121004814860588,463480493 463480226 463480346 463480213 463480210 463480227
5827217576610496831,495250885 463480694 495251312 495255645 463480693 463480322
5827515412189282383,463480472 463480226 463480493 463480658 463480471 463480237
5827675153908367553,463480497 463480322 463480242 463480553 463480493 463480221
5829041005888274569,463480429.0 463480493.0 463480693.0 495400618.0 463480497.0 463480227.0
5829311454266523819,463480497 463480322 463480242 463480553 463480493 463480221
5829834726631014477,463480683 495403296 495491082 463480381 495266964 495277184
5829915329390969095,463480497 463480322 463480242 463480553 463480493 463480221
5830375630968455179,463480429.0 463480493.0 463480693.0 495400618.0 463480497.0 463480227.0
5830639032432853072,463480322 463480679 463480693 463480221 463480553 463480689
5830775938251489479,463480693 463480553 463480322 495251312 463480221 495251659
5830860546122186945,463480493 463480226 463480346 463480213 463480210 463480227
5831964987890335877,463480227 489753829 463480226 463480255 489734604 463480464
5832002601379692715,463480497 463480322 463480242 463480553 463480493 463480221
5833809339239366788,463480227 463480236 495400618 463480468 463480464 463480488
5833905198656127055,463480346 463480483 463480359 495404000 495403990 463480350
5834045208822808608,463480691 463480213 463480235 463480214 463480457 463480665
5835503835084750914,463480493 495264235 495264589 495402010 463480226 463480691
5835776288087867680,463480227 489753829 463480226 463480255 489734604 463480464
5835846048397918536,463480214 463480691 463480429 463480515 463480392 463480543
5837014806189048139,463480227 489753829 463480226 463480255 489734604 463480464
5838091995533279562,463480227 489753829 463480226 463480255 489734604 463480464
5838337656308367615,463480235 463480213 463480214 463480665 463480359 463480457
5838571612383215778,495404035 495528684 495370340 495277303 463480392 463480493
5839770480154247484,489734604 463480697 463480466 463480255 463480487 463480464
5839834708573945986,463480227 489753829 463480226 463480255 489734604 463480464
5842316168473084126,463480694 495252594 495251097 463480242 495251659 463480497
5849971528432353484,463480493 495264235 495264589 495402010 463480226 463480691
5851701381777588515,495401665 463480358 463480484 463480359 495400939 463480683
5851902823934197813,463480228 495493945 463480359 495506916 495400939 495369801
5852237847257677967,463480227 489753829 463480226 463480255 489734604 463480464
5854428023798890503,463480497 463480273 463480242 463480322 463480342 463480493
5854438922182459624,463480227 489753829 463480226 463480255 489734604 463480464
5854582425323569316,463480227 489753829 463480226 463480255 489734604 463480464
5855590422644523332,463480227 489753829 463480226 463480255 489734604 463480464
5856185060303044909,463480693 495490943 463480242 463480342 463480374 463480367
5856271929718866252,463480497 463480322 463480242 463480553 463480493 463480221
5857117685267562797,463480429 495277614 463480224 463480223 489753829 463480210
5858236869063475488,463480543 463480221 495260496 463480226 495255157 495254783
5858726271103795489,463480691 463480214 463480655 463480405 463480452 463480359
5859287957728133202,489753829 463480227 463480677 495400618 463480697 463480464
5859700745015656628,463480227 489753829 463480226 463480255 489734604 463480464
5860028418364539012,463480429.0 463480493.0 463480693.0 495400618.0 463480497.0 463480227.0
5860378708234993823,463480497 463480273 463480242 463480322 463480342 463480493
5860694139039646035,463480227 489753829 463480226 463480255 489734604 463480464
5861254676371734891,463480221 495260496 463480226 495255157 495254783 463480359
5862128926494294211,463480227 489753829 463480226 463480255 489734604 463480464
5862159753022013486,463480468 463480486 463480472 463480476 495399820 463480362
5862557722912489637,463480539 463480465 463480255 463480487 463480697 463480320
5863083236614209626,495490838 495490943 495403168 463480683 495403296 463480699
5863787896998986084,463480322 463480553 463480679 495251312 463480221 495252594
5871035681246544129,463480210 463480359 463480457 463480665 463480212 463480429
5872111294821957769,489734604 463480697 463480466 463480255 463480487 463480464
5872409037444481148,463480392 463480389 463480684 495370340 463480429 463480224
5872936265211445392,489734604 463480466 463480255 463480227 463480464 463480487
5873368151276388592,463480429.0 463480493.0 463480693.0 495400618.0 463480497.0 463480227.0
5873450068755349718,495490838 495490943 495403168 463480683 495403296 495401665
5873521991865073934,463480497 463480322 463480242 463480553 463480493 463480221
5873522731020976205,495400618 495399934 495400576 463480697 463480677 463480464
5873859839592235063,463480359 463480355 463480356 463480358 495400939 495401665
5874071263132254302,463480493 463480226 463480346 463480213 463480210 463480227
5874521693778083963,463480359 463480355 463480356 463480358 495400939 495401665
5874971731034636467,463480235 463480214 463480691 463480665 463480259 463480453
5875584669827727572,495369801 463480446 495404035 463480475 495363656 495488569
5875585483966251010,489734604 463480256 463480468 463480465 463480466 463480255
5875704738597044289,463480694 495252594 495251097 463480242 495251659 463480497
5875878767691039032,495400939 495401664 463480665 495401138 463480355 463480358
5875906017839808649,495401665 463480358 463480356 463480355 463480497 463480694
5876020044095029611,463480429.0 463480493.0 463480693.0 495400618.0 463480497.0 463480227.0
5876804316939944150,463480227 489753829 463480226 463480255 489734604 463480464
5877103395005530320,463480497 463480322 463480242 463480553 463480493 463480221
5878228302104363140,463480235 463480213 463480653 463480359 495493336 463480665
5878290321223975105,495401370 495401665 463480484 463480421 495490838 495490943
5878897339150106638,463480346 463480483 463480359 495404000 495403990 463480350
5880510453963554857,463480213 463480691 463480214 463480405 463480655 463480452
5880702548455456961,495264589 495254783 495255157 463480493 495264479 495257134
5880905907052216556,463480227 489753829 463480226 463480255 489734604 463480464
5882776138021863556,463480235 463480213 463480457 463480665 463480214 463480359
5882786772525776942,463480355 463480214 495370340 463480509 463480423 463480425
5886047237427691875,463480697 463480466 463480493 489734604 495400618 463480539
5887706223693267027,463480359 463480355 463480356 463480358 495400939 495401665
5892249789316202781,463480322 463480694 463480497 463480693 463480242 495251312
5893374004974321824,463480497 463480322 463480242 463480553 463480493 463480221
5893725182839488834,463480429 463480481 463480224 463480225 463480227 463480231
5894504927552340048,463480429 463480224 463480223 463480210 495400618 495400631
5894594249150431392,463480429 495277614 463480224 489753829 463480223 463480210
5895532795823128653,495401665 495264589 463480355 463480484 495401146 495400618
5895552481994211334,463480213 463480214 463480691 463480235 463480457 463480359
5895735919891972176,463480694 463480466 463480497 495401665 463480322 463480362
5896185652691861865,495401665 463480355 463480358 463480356 463480589 463480683
5896535521416970555,463480322 463480342 463480497 463480693 463480679 463480362
5896860378264502349,495254783 495264589 495255157 463480493 495264479 495257134
5896902669474726220,463480497 463480322 463480242 463480553 463480493 463480221
5897609309234921833,463480466 489753829 463480471 489734604 463480227 463480256
5897952189516349803,463480497 463480322 463480242 463480553 463480493 463480221
5898300670605525129,463480322 463480694 463480242 463480221 463480213 463480679
5898929906768413035,495404000 463480350 495404008 495404012 463480489 463480399
5899247805426041164,463480221 463480497 495254783 495264589 495257134 495264479
5899613797354045504,463480487 463480465 463480255 489734604 463480539 463480464
5899748103739670671,463480227 489753829 463480226 463480255 489734604 463480464
5899969879134437710,463480487 463480236 463480677 463480464 463480543 1228501633
5900227168784613453,495404008 495403990 495403982 463480346 463480483 463480457
5901227746065645705,463480235 495264479 495254783 495264589 463480359 463480693
5901477650520866824,463480227 489753829 463480226 463480255 489734604 463480464
5901585714418024473,463480497 463480322 463480242 463480553 463480493 463480221
5901764679479329100,463480696 495264479 495264589 495255157 495257134 463480493
5902833413596643533,495400939 495401664 463480665 495401138 463480355 463480358
5903929384022311246,463480429.0 463480493.0 463480693.0 495400618.0 463480497.0 463480227.0
5904201588196245636,463480493 463480543 495400939 495400618 463480358 463480359
5904221518699430224,463480227 489753829 463480226 463480255 489734604 463480464
5907456890490847406,463480235 495493336 463480213 463480457 463480453 495492744
5907459852406096223,463480240 463480486 463480658 463480473 463480472 463480476
5908862594126970909,463480429 463480225 463480224 463480223 495277614 463480481
5909012752116220066,495254783 495264479 495264589 495257134 495264803 463480696
5911547895403511834,463480429.0 463480493.0 463480693.0 495400618.0 463480497.0 463480227.0
5916368818382831635,463480346 463480483 463480359 495404000 495403990 463480350
5916894300764897488,463480322 495251312 495255645 463480553 463480242 495252594
5916953474217017527,463480346 463480483 463480359 495404000 495403990 463480350
5918362759894663305,463480483 463480695 495403990 463480242 463480350 463480322
5919331787691786317,463480693 463480694 463480322 495251312 495251097 463480497
5919613348385652919,495400939 495401664 463480665 495401138 463480355 463480358
5919664392708817094,463480227 489753829 463480226 463480255 489734604 463480464
5920213085046440129,463480693 463480694 463480497 463480322 495251312 495251659
5920228371730006045,463480694 463480322 463480693 463480497 495251312 495251097
5920351817440428169,463480694 463480322 495252594 495251312 495251659 463480497
5921596856770232457,489753829 463480694 463480227 463480466 463480697 495251097
5921693762675802146,463480227 489753829 463480226 463480255 489734604 463480464
5922702173336764488,463480697 495400618 463480539 489753829 463480464 463480467
5923389510059295083,463480429.0 463480493.0 463480693.0 495400618.0 463480497.0 463480227.0
5924287019773067341,463480429 495277614 463480224 463480223 489753829 463480210
5924541060946591760,463480421 495369131 463480418 495369958 495401895 495367870
5925964177714184385,463480497 463480322 463480242 463480553 463480493 463480221
5926059183850913859,463480483 495403982 495403990 495404008 463480350 495404012
5926133803235147908,463480694 495252594 495251097 495251659 463480242 495263416
5927824645719851357,463480429 463480225 463480224 463480223 495277614 463480481
5929726290675105862,463480497 463480273 463480242 463480322 463480342 463480493
5930286725328535748,463480652 463480670 463480429 463480210 463480224 463480482
5931485158883721553,463480227 489753829 463480226 463480255 489734604 463480464
5932304668315877521,463480464 463480471 463480487 463480539 463480320 463480255
5932712846819852575,463480677 1228501633 463480493 463480227 463480471 463480543
5937727430207209481,489734604 463480255 489753829 463480699 463480487 463480468
5937799851519246676,463480227 489753829 463480226 463480255 489734604 463480464
5939496358124453900,463480497 463480322 463480242 463480553 463480493 463480221
5939969447745552588,495254783 495255157 495264479 463480221 495264589 463480694
5940341673608871962,463480227 489753829 463480226 463480255 489734604 463480464
5940611809595883724,495400618 495399934 495400576 463480487 463480697 495399912
5940845474677784872,463480497 463480322 463480242 463480553 463480493 463480221
5940877362397970625,463480381 463480228 495277303 495369801 495277184 495266185
5941024576024346735,463480346 463480483 463480359 495404000 495403990 463480350
5941493423015198913,489753829 463480227 463480677 495400618 463480697 463480464
5941852810970923369,463480439 463480493 463480699 463480543 463480658 463480694
5941926847753748536,463480227 489753829 463480226 463480255 489734604 463480464
5943262105196036309,463480429.0 463480493.0 463480693.0 495400618.0 463480497.0 463480227.0
5943399474698649830,463480212 463480452 463480589 463480429 463480225 463480214
5944248050136645825,463480213 463480214 463480691 463480235 463480457 463480359
5944495022399816042,495264589 495254783 495255157 463480493 495264479 495257134
5945988844194365441,463480227 489753829 463480226 463480255 489734604 463480464
5946138143287935173,463480497 463480322 463480242 463480553 463480493 463480221
5947732750029816058,463480227 489753829 463480226 463480255 489734604 463480464
5947856433675763807,463480497 463480322 463480242 463480553 463480493 463480221
5949698001596055918,463480227 489753829 463480226 463480255 489734604 463480464
5949743924275314830,463480429 463480225 463480224 463480223 495277614 463480481
5949823446386475085,463480429 463480225 463480224 463480223 495277614 463480481
5950336892667691257,463480452 463480457 463480665 463480210 495493336 463480429
5952710186119987467,463480359 463480355 463480356 463480358 495400939 495401665
5952997679721087163,463480213 463480214 463480691 463480235 463480457 463480359
5953162411325784177,463480683 463480699 463480589 463480374 463480356 463480379
5954522152336621855,463480483 463480213 495403990 495403982 495404000 463480653
5959714999336173645,463480213 463480214 463480691 463480235 463480457 463480359
5961660476204515662,463480213 463480691 463480214 463480457 495493336 463480359
5961769909917843693,463480429 463480225 463480224 463480223 495277614 463480481
5962742351266578690,463480539 463480465 463480255 463480487 463480697 463480320
5963222640841195694,463480372 463480359 463480242 495403699 495250885 463480541
5963854704959815757,495512445 463480392 495522303 495512115 495399700 495401665
5964011132682764473,495401665 495399700 463480392 463480396 495276925 463480346
5964437190559662321,463480322 495251312 495255645 463480553 463480242 495252594
5966847781663145993,495399946 463480429 463480539 463480482 463480486 463480487
5967995570450333900,463480429 463480225 463480224 463480223 495277614 463480481
5969105646313013479,463480429.0 463480493.0 463480693.0 495400618.0 463480497.0 463480227.0
5969853100686835804,495400939 495401664 463480665 495401138 463480355 463480358
5971037799006339411,463480225 463480223 463480210 495277589 495277605 495277614
5971102483250938179,463480227 489753829 463480226 463480255 489734604 463480464
5971158905124553018,463480227 489753829 463480226 463480255 489734604 463480464
5975919146398646367,463480683 463480699 463480589 463480374 463480356 463480379
5976506668845105492,463480227 489753829 463480226 463480255 489734604 463480464
5976704646512902487,463480227 489753829 463480226 463480255 489734604 463480464
5976889429354086574,463480322 463480694 463480497 463480693 463480242 495251312
5977665752773951511,463480213 463480691 463480655 463480405 463480214 463480452
5984968953641042283,489734604 463480255 463480487 463480256 463480464 463480468
5985011662924546365,463480543 463480221 495260496 463480226 495255157 463480359
5985065611003953356,463480210 495260496 463480226 463480359 463480429 463480481
5985406026472489241,463480359 463480355 463480356 463480358 495400939 495401665
5985666746284245025,463480322 463480679 463480221 463480693 463480553 463480694
5985698679421403340,495400618 463480653 495399912 463480691 495400314 463480213
5986009962542268689,463480213 463480214 463480691 463480235 463480457 463480359
5986974487198040206,463480497 463480322 463480242 463480553 463480493 463480221
5987073677623558203,463480691 463480213 463480653 463480655 495493336 463480235
5987160256399540485,463480696 495255157 495264479 495400939 495264589 463480221
5988177218108391574,489753829 463480466 463480227 463480539 463480256 463480464
5988793699657580600,489734604 463480697 463480466 463480255 463480487 463480464
5988886464376340488,463480227 489753829 463480226 463480255 489734604 463480464
5989790968457199658,495265942 495265949 495265868 495277184 463480381 463480225
5989840366543831070,463480429 463480225 463480224 463480223 495277614 463480481
5990956662564061388,463480691 463480213 463480235 463480655 495493336 463480346
5991523792700571996,463480213 463480691 463480235 463480655 463480346 463480665
5991625554725962010,463480223 463480481 463480224 463480665 463480670 463480227
5991800572892938444,463480691 463480653 495403982 463480213 495404000 495404012
5992786070721265956,489753829 463480227 463480677 495400618 463480697 463480464
5993558065216225571,463480212 463480452 463480589 463480429 463480225 463480214
5993694975015780556,489734604 463480471 463480464 463480226 463480255 495400618
5994113288937668907,463480471 489734604 463480467 463480464 1228501633 463480227
5994599408109093027,463480497 463480322 463480242 463480553 463480493 463480221
5996020717150535884,463480497 463480322 463480242 463480553 463480493 463480221
5996460282213302406,463480240 463480227 463480465 463480226 463480467 463480487
5997331266757722420,463480653 463480213 463480691 463480346 463480429 463480210
5997449865311027303,463480553 463480322 463480242 463480221 495253660 463480694
5998154720455688564,463480497 463480322 463480242 463480553 463480493 463480221
6007260121167822995,463480255 489734604 463480468 463480487 463480256 463480465
6007731585964572876,463480350 463480359 463480367 463480370 463480374 463480387
6010153199820603434,463480497 463480322 463480242 463480553 463480493 463480221
6010770903397564486,463480429 463480225 463480224 463480223 495277614 463480481
6010947109244633292,463480429 463480359 463480665 463480223 463480553 494343225
6011631523108225406,463480429.0 463480493.0 463480693.0 495400618.0 463480497.0 463480227.0
6011804767461310762,463480497 463480322 463480242 463480553 463480493 463480221
6012434883249701157,463480497 463480322 463480242 463480553 463480493 463480221
6012599471064744172,495255157 463480696 463480693 463480213 495263416 463480691
6013568020911751505,463480227 489753829 463480226 463480255 489734604 463480464
6014525758948769829,463480322 463480242 463480497 463480641 463480679 463480362
6015104232657256510,463480227 489753829 463480226 463480255 489734604 463480464
6015219948443140246,463480213 463480214 463480691 463480235 463480457 463480359
6015895543855186156,495264589 495254783 495255157 463480493 495264479 495257134
6015984438930833447,463480466 463480227 463480539 463480464 463480256 495400618
6016262732212076713,463480471 463480466 489734604 463480677 463480468 463480226
6017614833730191526,463480487 463480465 463480255 489734604 463480539 463480464
6018698341313151053,463480227 463480236 495400618 463480466 463480482 463480677
6021094442546233683,495404029 463480429.0 463480493.0 463480693.0 495400618.0 463480497.0
6022349485401440276,463480677 463480466 495400618 489753829 463480226 463480658
6028511105767964740,463480227 489753829 463480226 463480255 489734604 463480464
6029028298282762553,463480497 463480322 463480242 463480553 463480493 463480221
6029502504149450788,463480346 495404008 495403982 463480483 495404012 463480457
6032291593888202896,463480227 489753829 463480226 463480255 489734604 463480464
6032657123932897387,463480466 463480497 463480677 489734604 463480468 495256039
6033368839164002393,463480429 463480225 463480224 463480223 495277614 463480481
6033992079123677490,463480223 463480481 463480224 463480665 463480225 463480670
6035674032686760163,463480429 463480359 463480665 463480223 463480553 494343225
6036015683494478034,463480221 463480497 463480322 463480242 463480493 463480679
6036051404611125295,495402176 495402268 495402179 495402254 495277303 495402022
6036121333650423901,463480255 463480482 495400385 495399719 495399934 463480240
6036689944205590732,463480322 495277192 463480693 495277293 495250885 463480225
6037588503363059875,495254783 495264479 495264589 495257134 495264803 463480696
6038493844568015041,463480493 463480226 463480346 463480213 463480210 463480227
6038782930476597541,463480593 495502675 495797660 495503396 463480600 495519448
6039748638676091116,463480227 489753829 463480226 463480255 489734604 463480464
6041922556487532752,463480210 463480359 463480457 463480665 463480212 463480429
6042517965299777638,463480497 463480322 463480242 463480553 463480493 463480221
6042609218255585598,463480213 463480235 463480359 495370340 463480665 463480653
6043164614436061401,463480446 463480447 1228501633 463480493 463480359 463480665
6043470639504818202,463480255 489734604 463480468 463480487 463480256 463480465
6043823587828695128,463480359 495401665 463480355 463480356 495401664 463480358
6044104647356186814,463480227 489753829 463480226 463480255 489734604 463480464
6044791892610908384,463480596 495522303 463480684 495401665 495366610 463480699
6044816089697747070,495400939 463480639 463480359 463480506 463480211 495401665
6053276110863990843,463480693 463480322 463480553 463480694 495251659 463480221
6054118453772288210,463480370 495522303 495504580 463480487 463480457 495504684
6054875562177986815,463480653 463480213 463480691 463480346 463480429 463480210
6055258294121398473,463480227 489753829 463480226 463480255 489734604 463480464
6055626751440584908,463480691 463480655 463480235 463480214 463480346 463480693
6055860216615666025,495402258 495402010 495401997 495402268 495402176 495253660
6055937055125143635,495265942 495267299 495265868 495265949 495277184 463480225
6056585026161868916,463480255 489734604 463480468 463480487 463480256 463480465
6057054299833237860,495532793 1231113729 495365549 463480231 495364620 495364969
6057563609366003717,463480358 463480355 495401665 463480484 495401146 495400939
6057665968078585961,463480346 463480483 463480359 495404000 495403990 463480350
6058207070073913405,463480227 489753829 463480226 463480255 489734604 463480464
6058871741584244860,463480227 489753829 463480226 463480255 489734604 463480464
6059121847743283511,463480212 463480452 463480589 463480429 463480225 463480214
6059146432772571340,463480235 463480694 463480679 463480214 463480242 463480322
6059183457606041756,463480497 463480322 463480242 463480553 463480493 463480221
6059226464191250742,463480694 495252594 495251097 495263416 495253324 463480553
6059226069637005662,463480694 463480322 463480553 463480679 495251312 495251097
6059261886059774313,463480497 463480322 463480242 463480553 463480493 463480221
6059714545945411696,463480235 463480214 463480665 463480457 463480359 463480653
6059833955551019384,463480497 463480322 463480242 463480553 463480493 463480221
6060599188925186358,463480497 463480322 463480242 463480553 463480493 463480221
6061007249275355404,463480504 463480506 463480429 463480355 495403326 495529087
6062108311285399720,463480227 489753829 463480226 463480255 489734604 463480464
6063088599237132579,495400939 495401664 463480367 463480358 495401138 463480484
6064108257020215681,463480429 463480359 463480665 463480223 463480553 494343225
6065894885307449611,463480346 463480483 463480359 495404000 495403990 463480350
6067022553508741481,463480227 489753829 463480226 463480255 489734604 463480464
